solid OpenSCAD_Model
  facet normal -0.19509032201613188 -0.9473658323856452 -0.253845909724572
    outer loop
      vertex -30.51763809020504 -22.85381475365006 7.503005016747878
      vertex -30.51763809020504 -22.206767140977853 5.088190451339054
      vertex -30.261052384440102 -22.90311374375072 7.489795392162737
    endloop
  endfacet
  facet normal -0.3214394653031615 -0.9146642677705743 -0.24508355189473047
    outer loop
      vertex -30.76536686473018 -22.772587551530666 7.524769779959209
      vertex -30.76536686473018 -22.125539938859333 5.109955214553656
      vertex -30.51763809020504 -22.85381475365006 7.503005016747878
    endloop
  endfacet
  facet normal -0.06540312923014055 -0.9638577049491681 -0.25826489365964517
    outer loop
      vertex -30.261052384440102 -22.90311374375072 7.489795392162737
      vertex -30.261052384440102 -22.25606613107798 5.0749808267519265
      vertex -30 -22.919641002443758 7.485366926542836
    endloop
  endfacet
  facet normal 0.06540312923014055 -0.9638577049491681 -0.25826489365964495
    outer loop
      vertex -30 -22.919641002443758 7.485366926542836
      vertex -29.738947615593613 -22.256066131080114 5.0749808267513545
      vertex -29.738947615559898 -22.90311374375072 7.489795392162737
    endloop
  endfacet
  facet normal 0.19509032201613188 -0.947365832385645 -0.25384590972457277
    outer loop
      vertex -29.738947615559898 -22.90311374375072 7.489795392162737
      vertex -29.48236190982831 -22.206767140984258 5.088190451337337
      vertex -29.48236190979496 -22.85381475365006 7.503005016747878
    endloop
  endfacet
  facet normal 0.3214394653031615 -0.9146642677705744 -0.2450835518947298
    outer loop
      vertex -29.48236190979496 -22.85381475365006 7.503005016747878
      vertex -29.234633135302353 -22.125539938870002 5.109955214550798
      vertex -29.23463313526982 -22.772587551530666 7.524769779959209
    endloop
  endfacet
  facet normal -0.5555702330195993 -0.8031379722975891 -0.21520017108790848
    outer loop
      vertex -31 -22.660821957341238 7.554717280663851
      vertex -31.217522858017443 -21.87338269871702 5.1775205434263345
      vertex -31 -22.013774344671113 5.1399027152627985
    endloop
  endfacet
  facet normal -0.44228869021899064 -0.8663125439411088 -0.23212774654197244
    outer loop
      vertex -30.76536686473018 -22.772587551530666 7.524769779959209
      vertex -31 -22.013774344671113 5.1399027152627985
      vertex -30.76536686473018 -22.125539938859333 5.109955214553656
    endloop
  endfacet
  facet normal -0.3214394653031691 -0.9146642677705719 -0.24508355189472894
    outer loop
      vertex -30.51763809020504 -22.85381475365006 7.503005016747878
      vertex -30.76536686473018 -22.125539938859333 5.109955214553656
      vertex -30.51763809020504 -22.206767140977853 5.088190451339054
    endloop
  endfacet
  facet normal -0.19509032201612994 -0.9473658323856455 -0.2538459097245723
    outer loop
      vertex -30.261052384440102 -22.90311374375072 7.489795392162737
      vertex -30.51763809020504 -22.206767140977853 5.088190451339054
      vertex -30.261052384440102 -22.25606613107798 5.0749808267519265
    endloop
  endfacet
  facet normal -0.06540312923014266 -0.9638577049491681 -0.25826489365964495
    outer loop
      vertex -30 -22.919641002443758 7.485366926542836
      vertex -30.261052384440102 -22.25606613107798 5.0749808267519265
      vertex -30 -22.27259338977084 5.0705523611313605
    endloop
  endfacet
  facet normal 0.0654031292301404 -0.9638577049491682 -0.258264893659645
    outer loop
      vertex -30 -22.919641002443758 7.485366926542836
      vertex -30 -22.27259338977084 5.0705523611313605
      vertex -29.738947615593613 -22.256066131080114 5.0749808267513545
    endloop
  endfacet
  facet normal 0.19509032199960616 -0.9473658323883638 -0.25384590972712673
    outer loop
      vertex -29.738947615559898 -22.90311374375072 7.489795392162737
      vertex -29.738947615593613 -22.256066131080114 5.0749808267513545
      vertex -29.48236190982831 -22.206767140984258 5.088190451337337
    endloop
  endfacet
  facet normal 0.3214394652870915 -0.9146642677753838 -0.24508355189785697
    outer loop
      vertex -29.48236190979496 -22.85381475365006 7.503005016747878
      vertex -29.48236190982831 -22.206767140984258 5.088190451337337
      vertex -29.234633135302353 -22.125539938870002 5.109955214550798
    endloop
  endfacet
  facet normal 0.44228869020362277 -0.8663125439479651 -0.23212774654566595
    outer loop
      vertex -29.23463313526982 -22.772587551530666 7.524769779959209
      vertex -29.234633135302353 -22.125539938870002 5.109955214550798
      vertex -29.00000000003125 -22.013774344686 5.139902715258811
    endloop
  endfacet
  facet normal 0.5555702330051413 -0.8031379723064497 -0.21520017109216596
    outer loop
      vertex -29 -22.660821957341238 7.554717280663851
      vertex -29.00000000003125 -22.013774344686 5.139902715258811
      vertex -28.782477142012038 -21.873382698736048 5.1775205434212355
    endloop
  endfacet
  facet normal -0.8314696123130516 -0.5366396363753692 -0.14379215719536076
    outer loop
      vertex -31.73205080756888 -21.953715176154688 7.744185971645358
      vertex -31.732050807585654 -21.30666756345934 5.329371406281585
      vertex -31.586706680603033 -21.516778509827457 5.273072347872239
    endloop
  endfacet
  facet normal -0.6593458151000765 -0.7262214872761389 -0.19459046104176986
    outer loop
      vertex -31.217522858017443 -22.520430311385628 7.592335108821732
      vertex -31.414213562373096 -21.706767140983246 5.222165047574751
      vertex -31.217522858017443 -21.87338269871702 5.1775205434263345
    endloop
  endfacet
  facet normal -0.7518398074911534 -0.6368791512468619 -0.17065125425481656
    outer loop
      vertex -31.58670668058247 -22.163826122521947 7.687886913245312
      vertex -31.586706680603033 -21.516778509827457 5.273072347872239
      vertex -31.414213562373096 -21.706767140983246 5.222165047574751
    endloop
  endfacet
  facet normal -0.8968727415412816 -0.427218068540741 -0.11447273645957917
    outer loop
      vertex -31.847759065022572 -21.727076971094395 7.8049134956653035
      vertex -31.84775906503508 -21.08002935839875 5.390098930311392
      vertex -31.732050807585654 -21.30666756345934 5.329371406281585
    endloop
  endfacet
  facet normal -0.9469301295015156 -0.31048668110609284 -0.08319465546515764
    outer loop
      vertex -31.931851652578136 -21.487789349865622 7.869030420532317
      vertex -31.93185165258593 -20.840741737170298 5.454215855188649
      vertex -31.84775906503508 -21.08002935839875 5.390098930311392
    endloop
  endfacet
  facet normal -0.9978589232399796 -0.06317457162266846 -0.016927575450754337
    outer loop
      vertex -32 -20.987789349865622 8.003005016747878
      vertex -31.999999999997243 -20.34074173717293 5.588190451425086
      vertex -31.982889722750308 -20.59289897731631 5.520625122552122
    endloop
  endfacet
  facet normal -0.9807852804072216 -0.1884427804744938 -0.05049309084983372
    outer loop
      vertex -31.982889722747622 -21.23994659001066 7.935439687885355
      vertex -31.982889722750308 -20.59289897731631 5.520625122552122
      vertex -31.93185165258593 -20.840741737170298 5.454215855188649
    endloop
  endfacet
  facet normal -0.7518398074789786 -0.636879151260772 -0.17065125425654326
    outer loop
      vertex -31.414213562373096 -22.35381475365006 7.636979612963439
      vertex -31.58670668058247 -22.163826122521947 7.687886913245312
      vertex -31.414213562373096 -21.706767140983246 5.222165047574751
    endloop
  endfacet
  facet normal -0.6593458151000688 -0.7262214872761451 -0.1945904610417726
    outer loop
      vertex -31.217522858017443 -22.520430311385628 7.592335108821732
      vertex -31.414213562373096 -22.35381475365006 7.636979612963439
      vertex -31.414213562373096 -21.706767140983246 5.222165047574751
    endloop
  endfacet
  facet normal -0.5555702330196037 -0.8031379722975865 -0.21520017108790723
    outer loop
      vertex -31.217522858017443 -22.520430311385628 7.592335108821732
      vertex -31.217522858017443 -21.87338269871702 5.1775205434263345
      vertex -31 -22.660821957341238 7.554717280663851
    endloop
  endfacet
  facet normal -0.8968727415326904 -0.4272180685580946 -0.11447273646212468
    outer loop
      vertex -31.73205080756888 -21.953715176154688 7.744185971645358
      vertex -31.847759065022572 -21.727076971094395 7.8049134956653035
      vertex -31.732050807585654 -21.30666756345934 5.329371406281585
    endloop
  endfacet
  facet normal -0.8314696123025446 -0.5366396363910703 -0.143792157197519
    outer loop
      vertex -31.58670668058247 -22.163826122521947 7.687886913245312
      vertex -31.73205080756888 -21.953715176154688 7.744185971645358
      vertex -31.586706680603033 -21.516778509827457 5.273072347872239
    endloop
  endfacet
  facet normal -0.9469301294951052 -0.3104866811248735 -0.08319465546802944
    outer loop
      vertex -31.847759065022572 -21.727076971094395 7.8049134956653035
      vertex -31.931851652578136 -21.487789349865622 7.869030420532317
      vertex -31.84775906503508 -21.08002935839875 5.390098930311392
    endloop
  endfacet
  facet normal -0.9807852804032289 -0.18844278049443672 -0.0504930908529602
    outer loop
      vertex -31.931851652578136 -21.487789349865622 7.869030420532317
      vertex -31.982889722747622 -21.23994659001066 7.935439687885355
      vertex -31.93185165258593 -20.840741737170298 5.454215855188649
    endloop
  endfacet
  facet normal -0.9978589232386038 -0.06317457164351291 -0.016927575454060734
    outer loop
      vertex -31.982889722747622 -21.23994659001066 7.935439687885355
      vertex -32 -20.987789349865622 8.003005016747878
      vertex -31.982889722750308 -20.59289897731631 5.520625122552122
    endloop
  endfacet
  facet normal -0.9978589232371925 0.06317457166489537 0.01692757545745287
    outer loop
      vertex -31.982889722747622 -20.735632109720584 8.070570345610403
      vertex -31.982889722739184 -20.088584497030265 5.655755780297857
      vertex -31.999999999997243 -20.34074173717293 5.588190451425086
    endloop
  endfacet
  facet normal -0.9807852803989162 0.18844278051597846 0.050493090856336326
    outer loop
      vertex -31.931851652578136 -20.487789349865622 8.13697961296344
      vertex -31.93185165256389 -19.840741737178405 5.722165047660762
      vertex -31.982889722739184 -20.088584497030265 5.655755780297857
    endloop
  endfacet
  facet normal -0.9469301294951045 0.310486681124876 0.08319465546803011
    outer loop
      vertex -31.847759065022572 -20.24850172863685 8.201096537830454
      vertex -31.847759065022572 -19.601454115992755 5.78628197252655
      vertex -31.93185165256389 -19.840741737178405 5.722165047660762
    endloop
  endfacet
  facet normal -0.896872741532694 0.4272180685580875 0.11447273646212366
    outer loop
      vertex -31.847759065022572 -20.24850172863685 8.201096537830454
      vertex -31.73205080756888 -19.374815910934903 5.847009496555622
      vertex -31.847759065022572 -19.601454115992755 5.78628197252655
    endloop
  endfacet
  facet normal -0.831469612302541 0.5366396363910755 0.14379215719752042
    outer loop
      vertex -31.73205080756888 -20.021863523576553 8.2618240618504
      vertex -31.58670668058247 -19.164704964569914 5.903308554964129
      vertex -31.73205080756888 -19.374815910934903 5.847009496555622
    endloop
  endfacet
  facet normal -0.7518398074789783 0.6368791512607721 0.1706512542565434
    outer loop
      vertex -31.58670668058247 -19.811752577209297 8.318123120250444
      vertex -31.414213562373096 -18.97471633344385 5.9542158552536515
      vertex -31.58670668058247 -19.164704964569914 5.903308554964129
    endloop
  endfacet
  facet normal -0.6593458151000705 0.7262214872761438 0.19459046104177125
    outer loop
      vertex -31.414213562373096 -19.62176394608118 8.369030420532317
      vertex -31.217522858017443 -18.80810077571008 5.99886035940207
      vertex -31.414213562373096 -18.97471633344385 5.9542158552536515
    endloop
  endfacet
  facet normal -0.5555702330195974 0.8031379722975904 0.2152001710879087
    outer loop
      vertex -31.217522858017443 -19.455148388345613 8.413674924674023
      vertex -31 -18.667709129755988 6.036478187565604
      vertex -31.217522858017443 -18.80810077571008 5.99886035940207
    endloop
  endfacet
  facet normal 0.6593458150867796 -0.7262214872869237 -0.1945904610465756
    outer loop
      vertex -28.782477141982557 -22.520430311385628 7.592335108821732
      vertex -28.782477142012038 -21.873382698736048 5.1775205434212355
      vertex -28.585786437626904 -21.706767140983246 5.222165047574751
    endloop
  endfacet
  facet normal 0.751839807478979 -0.6368791512607712 -0.17065125425654318
    outer loop
      vertex -28.41329331941753 -22.163826122521947 7.687886913245312
      vertex -28.585786437626904 -21.706767140983246 5.222165047574751
      vertex -28.41329331941753 -21.516778509857183 5.273072347864275
    endloop
  endfacet
  facet normal 0.8314696123025407 -0.536639636391076 -0.14379215719751995
    outer loop
      vertex -28.26794919243112 -21.953715176154688 7.744185971645358
      vertex -28.41329331941753 -21.516778509857183 5.273072347864275
      vertex -28.26794919243112 -21.306667563492194 5.329371406272781
    endloop
  endfacet
  facet normal 0.8968727415326916 -0.42721806855809213 -0.11447273646212494
    outer loop
      vertex -28.152240934977428 -21.727076971094395 7.8049134956653035
      vertex -28.26794919243112 -21.306667563492194 5.329371406272781
      vertex -28.152240934977428 -21.080029358434345 5.390098930301854
    endloop
  endfacet
  facet normal -0.44228869021899675 -0.866312543941106 -0.232127746541971
    outer loop
      vertex -30.76536686473018 -22.772587551530666 7.524769779959209
      vertex -31 -22.660821957341238 7.554717280663851
      vertex -31 -22.013774344671113 5.1399027152627985
    endloop
  endfacet
  facet normal 0.44228869021899675 -0.8663125439411061 -0.23212774654197096
    outer loop
      vertex -29.23463313526982 -22.772587551530666 7.524769779959209
      vertex -29.00000000003125 -22.013774344686 5.139902715258811
      vertex -29 -22.660821957341238 7.554717280663851
    endloop
  endfacet
  facet normal 0.5555702330196036 -0.8031379722975865 -0.21520017108790673
    outer loop
      vertex -29 -22.660821957341238 7.554717280663851
      vertex -28.782477142012038 -21.873382698736048 5.1775205434212355
      vertex -28.782477141982557 -22.520430311385628 7.592335108821732
    endloop
  endfacet
  facet normal 0.6593458151000688 -0.7262214872761451 -0.1945904610417726
    outer loop
      vertex -28.782477141982557 -22.520430311385628 7.592335108821732
      vertex -28.585786437626904 -21.706767140983246 5.222165047574751
      vertex -28.585786437626904 -22.35381475365006 7.636979612963439
    endloop
  endfacet
  facet normal 0.7518398074789786 -0.636879151260772 -0.17065125425654326
    outer loop
      vertex -28.585786437626904 -22.35381475365006 7.636979612963439
      vertex -28.585786437626904 -21.706767140983246 5.222165047574751
      vertex -28.41329331941753 -22.163826122521947 7.687886913245312
    endloop
  endfacet
  facet normal 0.8314696123025446 -0.5366396363910702 -0.14379215719751914
    outer loop
      vertex -28.41329331941753 -22.163826122521947 7.687886913245312
      vertex -28.41329331941753 -21.516778509857183 5.273072347864275
      vertex -28.26794919243112 -21.953715176154688 7.744185971645358
    endloop
  endfacet
  facet normal 0.8968727415326905 -0.42721806855809435 -0.11447273646212525
    outer loop
      vertex -28.26794919243112 -21.953715176154688 7.744185971645358
      vertex -28.26794919243112 -21.306667563492194 5.329371406272781
      vertex -28.152240934977428 -21.727076971094395 7.8049134956653035
    endloop
  endfacet
  facet normal -0.4422886902190019 0.8663125439411035 0.23212774654197052
    outer loop
      vertex -31 -19.314756742390006 8.451292752831904
      vertex -30.76536686473018 -18.555943535567764 6.066425688274747
      vertex -31 -18.667709129755988 6.036478187565604
    endloop
  endfacet
  facet normal 0.5555702330195891 0.8031379722975958 0.2152001710879105
    outer loop
      vertex -29 -19.314756742390006 8.451292752831904
      vertex -28.782477141982557 -18.808100775710077 5.9988603594020695
      vertex -29 -18.667709129755988 6.036478187565604
    endloop
  endfacet
  facet normal 0.8968727415326937 0.4272180685580878 0.11447273646212397
    outer loop
      vertex -28.26794919243112 -20.021863523576553 8.2618240618504
      vertex -28.152240934977428 -19.601454115992755 5.786281972526551
      vertex -28.26794919243112 -19.374815910934903 5.847009496555622
    endloop
  endfacet
  facet normal 0.8314696123025415 0.536639636391075 0.14379215719752048
    outer loop
      vertex -28.41329331941753 -19.811752577209297 8.318123120250444
      vertex -28.26794919243112 -19.374815910934903 5.847009496555622
      vertex -28.41329331941753 -19.164704964569914 5.90330855496413
    endloop
  endfacet
  facet normal 0.7518398074789778 0.6368791512607727 0.1706512542565426
    outer loop
      vertex -28.585786437626904 -19.62176394608118 8.369030420532317
      vertex -28.41329331941753 -19.164704964569914 5.90330855496413
      vertex -28.585786437626904 -18.97471633344385 5.9542158552536515
    endloop
  endfacet
  facet normal 0.6593458151000773 0.7262214872761378 0.19459046104177094
    outer loop
      vertex -28.782477141982557 -19.455148388345613 8.413674924674023
      vertex -28.585786437626904 -18.97471633344385 5.9542158552536515
      vertex -28.782477141982557 -18.808100775710077 5.9988603594020695
    endloop
  endfacet
  facet normal 0.4422886902190019 0.8663125439411038 0.2321277465419698
    outer loop
      vertex -29.23463313526982 -19.202991148200574 8.481240253536548
      vertex -29 -18.667709129755988 6.036478187565604
      vertex -29.23463313526982 -18.555943535567764 6.066425688274747
    endloop
  endfacet
  facet normal -0.32143946530315803 0.9146642677705756 0.2450835518947294
    outer loop
      vertex -30.76536686473018 -19.202991148200574 8.481240253536548
      vertex -30.51763809020504 -18.474716333449248 6.08819045148935
      vertex -30.76536686473018 -18.555943535567764 6.066425688274747
    endloop
  endfacet
  facet normal -0.19509032201612925 0.947365832385646 0.25384590972457144
    outer loop
      vertex -30.51763809020504 -19.12176394608118 8.503005016747878
      vertex -30.261052384440102 -18.42541734334912 6.101400076076477
      vertex -30.51763809020504 -18.474716333449248 6.08819045148935
    endloop
  endfacet
  facet normal -0.06540312923014131 0.9638577049491682 0.25826489365964533
    outer loop
      vertex -30.261052384440102 -19.072464955980525 8.516214641333018
      vertex -30 -18.40889008465626 6.105828541697041
      vertex -30.261052384440102 -18.42541734334912 6.101400076076477
    endloop
  endfacet
  facet normal 0.06540312923014198 0.9638577049491682 0.258264893659644
    outer loop
      vertex -30 -19.055937697287483 8.52064310695292
      vertex -29.738947615559898 -18.42541734334912 6.101400076076476
      vertex -30 -18.40889008465626 6.105828541697041
    endloop
  endfacet
  facet normal 0.19509032201612833 0.9473658323856458 0.25384590972457244
    outer loop
      vertex -29.738947615559898 -19.072464955980525 8.516214641333018
      vertex -29.48236190979496 -18.474716333449248 6.08819045148935
      vertex -29.738947615559898 -18.42541734334912 6.101400076076476
    endloop
  endfacet
  facet normal 0.32143946530315815 0.9146642677705757 0.24508355189472925
    outer loop
      vertex -29.48236190979496 -19.12176394608118 8.503005016747878
      vertex -29.23463313526982 -18.555943535567764 6.066425688274747
      vertex -29.48236190979496 -18.474716333449248 6.08819045148935
    endloop
  endfacet
  facet normal 0.946930129495105 -0.3104866811248743 -0.08319465546802958
    outer loop
      vertex -28.068148347421864 -21.487789349865622 7.869030420532317
      vertex -28.152240934977428 -21.080029358434345 5.390098930301854
      vertex -28.068148347421864 -20.840741737208155 5.4542158551785045
    endloop
  endfacet
  facet normal 0.9807852804032293 -0.18844278049443486 -0.05049309085295937
    outer loop
      vertex -28.017110277252378 -21.23994659001066 7.935439687885355
      vertex -28.068148347421864 -20.840741737208155 5.4542158551785045
      vertex -28.017110277252378 -20.592898977355865 5.5206251225415235
    endloop
  endfacet
  facet normal 0.9978589232386038 -0.0631745716435128 -0.01692757545406143
    outer loop
      vertex -28 -20.987789349865622 8.003005016747878
      vertex -28.017110277252378 -20.592898977355865 5.5206251225415235
      vertex -28 -20.34074173721355 5.588190451414202
    endloop
  endfacet
  facet normal 0.9469301294951052 -0.31048668112487354 -0.08319465546802947
    outer loop
      vertex -28.152240934977428 -21.727076971094395 7.8049134956653035
      vertex -28.152240934977428 -21.080029358434345 5.390098930301854
      vertex -28.068148347421864 -21.487789349865622 7.869030420532317
    endloop
  endfacet
  facet normal 0.9807852804032289 -0.18844278049443683 -0.05049309085295967
    outer loop
      vertex -28.068148347421864 -21.487789349865622 7.869030420532317
      vertex -28.068148347421864 -20.840741737208155 5.4542158551785045
      vertex -28.017110277252378 -21.23994659001066 7.935439687885355
    endloop
  endfacet
  facet normal 0.9978589232386038 -0.06317457164351273 -0.016927575454061417
    outer loop
      vertex -28.017110277252378 -21.23994659001066 7.935439687885355
      vertex -28.017110277252378 -20.592898977355865 5.5206251225415235
      vertex -28 -20.987789349865622 8.003005016747878
    endloop
  endfacet
  facet normal 0.9978589232386038 0.0631745716435128 0.01692757545406141
    outer loop
      vertex -28.017110277252378 -20.735632109720584 8.070570345610403
      vertex -28 -20.34074173721355 5.588190451414202
      vertex -28.017110277252378 -20.08858449707123 5.6557557802868805
    endloop
  endfacet
  facet normal 0.9807852804032288 0.18844278049443727 0.050493090852959895
    outer loop
      vertex -28.068148347421864 -20.487789349865622 8.13697961296344
      vertex -28.017110277252378 -20.08858449707123 5.6557557802868805
      vertex -28.068148347421864 -19.840741737218945 5.7221650476498995
    endloop
  endfacet
  facet normal 0.9469301294951052 0.310486681124874 0.08319465546802961
    outer loop
      vertex -28.152240934977428 -20.24850172863685 8.201096537830454
      vertex -28.068148347421864 -19.840741737218945 5.7221650476498995
      vertex -28.152240934977428 -19.601454115992755 5.786281972526551
    endloop
  endfacet
  facet normal -0.9978589232386038 0.0631745716435127 0.0169275754540611
    outer loop
      vertex -32 -20.987789349865622 8.003005016747878
      vertex -31.982889722747622 -20.735632109720584 8.070570345610403
      vertex -31.999999999997243 -20.34074173717293 5.588190451425086
    endloop
  endfacet
  facet normal -7.161170576114263e-16 -0.2588190451025208 0.9659258262890682
    outer loop
      vertex -31.58670668058247 -22.163826122521947 7.687886913245312
      vertex -31.73205080756888 -20.021863523576553 8.2618240618504
      vertex -31.73205080756888 -21.953715176154688 7.744185971645358
    endloop
  endfacet
  facet normal -6.854483896077354e-15 -0.25881904510252124 0.9659258262890681
    outer loop
      vertex -31.847759065022572 -21.727076971094395 7.8049134956653035
      vertex -31.931851652578136 -20.487789349865622 8.13697961296344
      vertex -31.931851652578136 -21.487789349865622 7.869030420532317
    endloop
  endfacet
  facet normal -3.9059762790599566e-15 -0.2588190451025216 0.9659258262890681
    outer loop
      vertex -31.931851652578136 -21.487789349865622 7.869030420532317
      vertex -31.982889722747622 -20.735632109720584 8.070570345610403
      vertex -31.982889722747622 -21.23994659001066 7.935439687885355
    endloop
  endfacet
  facet normal 7.208486094456568e-15 -0.2588190451025205 0.9659258262890683
    outer loop
      vertex -31.73205080756888 -21.953715176154688 7.744185971645358
      vertex -31.847759065022572 -20.24850172863685 8.201096537830454
      vertex -31.847759065022572 -21.727076971094395 7.8049134956653035
    endloop
  endfacet
  facet normal -5.0488084833788925e-14 -0.2588190451025216 0.965925826289068
    outer loop
      vertex -31.982889722747622 -21.23994659001066 7.935439687885355
      vertex -31.982889722747622 -20.735632109720584 8.070570345610403
      vertex -32 -20.987789349865622 8.003005016747878
    endloop
  endfacet
  facet normal 2.1011630903461236e-15 -0.25881904510252124 0.9659258262890681
    outer loop
      vertex -31.931851652578136 -21.487789349865622 7.869030420532317
      vertex -31.931851652578136 -20.487789349865622 8.13697961296344
      vertex -31.982889722747622 -20.735632109720584 8.070570345610403
    endloop
  endfacet
  facet normal 4.7436818207870854e-15 -0.2588190451025205 0.9659258262890684
    outer loop
      vertex -31.847759065022572 -21.727076971094395 7.8049134956653035
      vertex -31.847759065022572 -20.24850172863685 8.201096537830454
      vertex -31.931851652578136 -20.487789349865622 8.13697961296344
    endloop
  endfacet
  facet normal 2.2467267867164906e-15 -0.2588190451025208 0.9659258262890682
    outer loop
      vertex -31.414213562373096 -22.35381475365006 7.636979612963439
      vertex -31.58670668058247 -19.811752577209297 8.318123120250444
      vertex -31.58670668058247 -22.163826122521947 7.687886913245312
    endloop
  endfacet
  facet normal 1.845963601889899e-15 -0.2588190451025208 0.9659258262890682
    outer loop
      vertex -31.217522858017443 -22.520430311385628 7.592335108821732
      vertex -31.414213562373096 -19.62176394608118 8.369030420532317
      vertex -31.414213562373096 -22.35381475365006 7.636979612963439
    endloop
  endfacet
  facet normal -3.779606135913608e-15 -0.2588190451025207 0.9659258262890682
    outer loop
      vertex -31.217522858017443 -22.520430311385628 7.592335108821732
      vertex -31 -22.660821957341238 7.554717280663851
      vertex -31.217522858017443 -19.455148388345613 8.413674924674023
    endloop
  endfacet
  facet normal 1.439252974321389e-15 -0.2588190451025209 0.9659258262890683
    outer loop
      vertex -31.73205080756888 -21.953715176154688 7.744185971645358
      vertex -31.73205080756888 -20.021863523576553 8.2618240618504
      vertex -31.847759065022572 -20.24850172863685 8.201096537830454
    endloop
  endfacet
  facet normal 0 -0.25881904510252085 0.9659258262890684
    outer loop
      vertex -31.58670668058247 -22.163826122521947 7.687886913245312
      vertex -31.58670668058247 -19.811752577209297 8.318123120250444
      vertex -31.73205080756888 -20.021863523576553 8.2618240618504
    endloop
  endfacet
  facet normal -0.9807852804032288 0.18844278049443697 0.050493090852959215
    outer loop
      vertex -31.982889722747622 -20.735632109720584 8.070570345610403
      vertex -31.931851652578136 -20.487789349865622 8.13697961296344
      vertex -31.982889722739184 -20.088584497030265 5.655755780297857
    endloop
  endfacet
  facet normal -0.9469301294951052 0.3104866811248735 0.08319465546802972
    outer loop
      vertex -31.931851652578136 -20.487789349865622 8.13697961296344
      vertex -31.847759065022572 -20.24850172863685 8.201096537830454
      vertex -31.93185165256389 -19.840741737178405 5.722165047660762
    endloop
  endfacet
  facet normal -0.896872741532693 0.4272180685580892 0.11447273646212436
    outer loop
      vertex -31.847759065022572 -20.24850172863685 8.201096537830454
      vertex -31.73205080756888 -20.021863523576553 8.2618240618504
      vertex -31.73205080756888 -19.374815910934903 5.847009496555622
    endloop
  endfacet
  facet normal -0.8314696123025404 0.5366396363910765 0.14379215719752086
    outer loop
      vertex -31.73205080756888 -20.021863523576553 8.2618240618504
      vertex -31.58670668058247 -19.811752577209297 8.318123120250444
      vertex -31.58670668058247 -19.164704964569914 5.903308554964129
    endloop
  endfacet
  facet normal -0.7518398074789842 0.6368791512607658 0.17065125425654076
    outer loop
      vertex -31.58670668058247 -19.811752577209297 8.318123120250444
      vertex -31.414213562373096 -19.62176394608118 8.369030420532317
      vertex -31.414213562373096 -18.97471633344385 5.9542158552536515
    endloop
  endfacet
  facet normal -0.6593458151000683 0.7262214872761457 0.19459046104177205
    outer loop
      vertex -31.414213562373096 -19.62176394608118 8.369030420532317
      vertex -31.217522858017443 -19.455148388345613 8.413674924674023
      vertex -31.217522858017443 -18.80810077571008 5.99886035940207
    endloop
  endfacet
  facet normal -0.5555702330195946 0.8031379722975921 0.21520017108790948
    outer loop
      vertex -31.217522858017443 -19.455148388345613 8.413674924674023
      vertex -31 -19.314756742390006 8.451292752831904
      vertex -31 -18.667709129755988 6.036478187565604
    endloop
  endfacet
  facet normal 3.1858219402833945e-15 -0.25881904510252074 0.9659258262890683
    outer loop
      vertex -31.414213562373096 -22.35381475365006 7.636979612963439
      vertex -31.414213562373096 -19.62176394608118 8.369030420532317
      vertex -31.58670668058247 -19.811752577209297 8.318123120250444
    endloop
  endfacet
  facet normal 2.8459006245839952e-15 -0.2588190451025207 0.9659258262890682
    outer loop
      vertex -31.217522858017443 -22.520430311385628 7.592335108821732
      vertex -31.217522858017443 -19.455148388345613 8.413674924674023
      vertex -31.414213562373096 -19.62176394608118 8.369030420532317
    endloop
  endfacet
  facet normal -5.893519126863031e-16 -0.2588190451025205 0.9659258262890684
    outer loop
      vertex -31 -22.660821957341238 7.554717280663851
      vertex -31 -19.314756742390006 8.451292752831904
      vertex -31.217522858017443 -19.455148388345613 8.413674924674023
    endloop
  endfacet
  facet normal 9.732292020283103e-16 -0.2588190451025205 0.9659258262890684
    outer loop
      vertex -30.76536686473018 -22.772587551530666 7.524769779959209
      vertex -31 -19.314756742390006 8.451292752831904
      vertex -31 -22.660821957341238 7.554717280663851
    endloop
  endfacet
  facet normal 2.1070908032288333e-15 -0.25881904510252085 0.9659258262890682
    outer loop
      vertex -30.76536686473018 -22.772587551530666 7.524769779959209
      vertex -30.51763809020504 -22.85381475365006 7.503005016747878
      vertex -30.76536686473018 -19.202991148200574 8.481240253536548
    endloop
  endfacet
  facet normal -3.3246629902410263e-15 -0.2588190451025207 0.9659258262890683
    outer loop
      vertex -30.51763809020504 -22.85381475365006 7.503005016747878
      vertex -30.261052384440102 -22.90311374375072 7.489795392162737
      vertex -30.51763809020504 -19.12176394608118 8.503005016747878
    endloop
  endfacet
  facet normal 3.0328617145178666e-15 -0.25881904510252046 0.9659258262890683
    outer loop
      vertex -30.261052384440102 -22.90311374375072 7.489795392162737
      vertex -30 -22.919641002443758 7.485366926542836
      vertex -30.261052384440102 -19.072464955980525 8.516214641333018
    endloop
  endfacet
  facet normal -3.020205394876836e-15 -0.2588190451025207 0.9659258262890684
    outer loop
      vertex -30 -22.919641002443758 7.485366926542836
      vertex -29.738947615559898 -22.90311374375072 7.489795392162737
      vertex -30 -19.055937697287483 8.52064310695292
    endloop
  endfacet
  facet normal 3.2868226375416826e-15 -0.2588190451025205 0.9659258262890684
    outer loop
      vertex -29.738947615559898 -22.90311374375072 7.489795392162737
      vertex -29.48236190979496 -22.85381475365006 7.503005016747878
      vertex -29.738947615559898 -19.072464955980525 8.516214641333018
    endloop
  endfacet
  facet normal -2.1603607958760838e-15 -0.2588190451025207 0.9659258262890683
    outer loop
      vertex -29.48236190979496 -22.85381475365006 7.503005016747878
      vertex -29.23463313526982 -22.772587551530666 7.524769779959209
      vertex -29.48236190979496 -19.12176394608118 8.503005016747878
    endloop
  endfacet
  facet normal -8.002497847979423e-16 -0.25881904510252085 0.9659258262890682
    outer loop
      vertex -29.23463313526982 -22.772587551530666 7.524769779959209
      vertex -29 -22.660821957341238 7.554717280663851
      vertex -29.23463313526982 -19.202991148200574 8.481240253536548
    endloop
  endfacet
  facet normal 3.6466149597465e-15 -0.2588190451025205 0.9659258262890684
    outer loop
      vertex -29 -22.660821957341238 7.554717280663851
      vertex -28.782477141982557 -22.520430311385628 7.592335108821732
      vertex -29 -19.314756742390006 8.451292752831904
    endloop
  endfacet
  facet normal -1.8676222848832468e-15 -0.2588190451025207 0.9659258262890682
    outer loop
      vertex -28.782477141982557 -22.520430311385628 7.592335108821732
      vertex -28.585786437626904 -22.35381475365006 7.636979612963439
      vertex -28.782477141982557 -19.455148388345613 8.413674924674023
    endloop
  endfacet
  facet normal -2.332476777707485e-15 -0.25881904510252074 0.9659258262890683
    outer loop
      vertex -28.585786437626904 -22.35381475365006 7.636979612963439
      vertex -28.41329331941753 -22.163826122521947 7.687886913245312
      vertex -28.585786437626904 -19.62176394608118 8.369030420532317
    endloop
  endfacet
  facet normal 6.273871490424035e-16 -0.25881904510252085 0.9659258262890684
    outer loop
      vertex -28.41329331941753 -22.163826122521947 7.687886913245312
      vertex -28.26794919243112 -21.953715176154688 7.744185971645358
      vertex -28.41329331941753 -19.811752577209297 8.318123120250444
    endloop
  endfacet
  facet normal -6.356700636586135e-15 -0.2588190451025209 0.9659258262890683
    outer loop
      vertex -28.26794919243112 -21.953715176154688 7.744185971645358
      vertex -28.152240934977428 -21.727076971094395 7.8049134956653035
      vertex -28.26794919243112 -20.021863523576553 8.2618240618504
    endloop
  endfacet
  facet normal -1.253649755557664e-15 -0.2588190451025205 0.9659258262890683
    outer loop
      vertex -28.152240934977428 -21.727076971094395 7.8049134956653035
      vertex -28.152240934977428 -20.24850172863685 8.201096537830454
      vertex -28.26794919243112 -20.021863523576553 8.2618240618504
    endloop
  endfacet
  facet normal -0.44228869021900874 0.8663125439411006 0.23212774654196894
    outer loop
      vertex -31 -19.314756742390006 8.451292752831904
      vertex -30.76536686473018 -19.202991148200574 8.481240253536548
      vertex -30.76536686473018 -18.555943535567764 6.066425688274747
    endloop
  endfacet
  facet normal -0.32143946530315987 0.9146642677705751 0.24508355189472905
    outer loop
      vertex -30.76536686473018 -19.202991148200574 8.481240253536548
      vertex -30.51763809020504 -19.12176394608118 8.503005016747878
      vertex -30.51763809020504 -18.474716333449248 6.08819045148935
    endloop
  endfacet
  facet normal -0.19509032201611928 0.9473658323856475 0.253845909724573
    outer loop
      vertex -30.51763809020504 -19.12176394608118 8.503005016747878
      vertex -30.261052384440102 -19.072464955980525 8.516214641333018
      vertex -30.261052384440102 -18.42541734334912 6.101400076076477
    endloop
  endfacet
  facet normal -0.06540312923015361 0.9638577049491677 0.25826489365964383
    outer loop
      vertex -30.261052384440102 -19.072464955980525 8.516214641333018
      vertex -30 -19.055937697287483 8.52064310695292
      vertex -30 -18.40889008465626 6.105828541697041
    endloop
  endfacet
  facet normal 0.06540312923015362 0.9638577049491673 0.25826489365964506
    outer loop
      vertex -30 -19.055937697287483 8.52064310695292
      vertex -29.738947615559898 -19.072464955980525 8.516214641333018
      vertex -29.738947615559898 -18.42541734334912 6.101400076076476
    endloop
  endfacet
  facet normal 0.19509032201611928 0.9473658323856479 0.253845909724572
    outer loop
      vertex -29.738947615559898 -19.072464955980525 8.516214641333018
      vertex -29.48236190979496 -19.12176394608118 8.503005016747878
      vertex -29.48236190979496 -18.474716333449248 6.08819045148935
    endloop
  endfacet
  facet normal 0.896872741532693 0.4272180685580893 0.11447273646212418
    outer loop
      vertex -28.152240934977428 -20.24850172863685 8.201096537830454
      vertex -28.152240934977428 -19.601454115992755 5.786281972526551
      vertex -28.26794919243112 -20.021863523576553 8.2618240618504
    endloop
  endfacet
  facet normal 0.8314696123025404 0.5366396363910766 0.1437921571975207
    outer loop
      vertex -28.26794919243112 -20.021863523576553 8.2618240618504
      vertex -28.26794919243112 -19.374815910934903 5.847009496555622
      vertex -28.41329331941753 -19.811752577209297 8.318123120250444
    endloop
  endfacet
  facet normal 0.32143946530315987 0.914664267770575 0.24508355189472925
    outer loop
      vertex -29.23463313526982 -19.202991148200574 8.481240253536548
      vertex -29.23463313526982 -18.555943535567764 6.066425688274747
      vertex -29.48236190979496 -19.12176394608118 8.503005016747878
    endloop
  endfacet
  facet normal 0.4422886902190087 0.8663125439411002 0.23212774654196966
    outer loop
      vertex -29.23463313526982 -19.202991148200574 8.481240253536548
      vertex -29 -19.314756742390006 8.451292752831904
      vertex -29 -18.667709129755988 6.036478187565604
    endloop
  endfacet
  facet normal 0.5555702330195946 0.803137972297592 0.2152001710879102
    outer loop
      vertex -28.782477141982557 -19.455148388345613 8.413674924674023
      vertex -28.782477141982557 -18.808100775710077 5.9988603594020695
      vertex -29 -19.314756742390006 8.451292752831904
    endloop
  endfacet
  facet normal 0.6593458151000683 0.7262214872761458 0.19459046104177177
    outer loop
      vertex -28.585786437626904 -19.62176394608118 8.369030420532317
      vertex -28.585786437626904 -18.97471633344385 5.9542158552536515
      vertex -28.782477141982557 -19.455148388345613 8.413674924674023
    endloop
  endfacet
  facet normal 0.7518398074789843 0.6368791512607656 0.1706512542565417
    outer loop
      vertex -28.41329331941753 -19.811752577209297 8.318123120250444
      vertex -28.41329331941753 -19.164704964569914 5.90330855496413
      vertex -28.585786437626904 -19.62176394608118 8.369030420532317
    endloop
  endfacet
  facet normal -4.097278898165464e-15 -0.25881904510252085 0.9659258262890682
    outer loop
      vertex -30.76536686473018 -22.772587551530666 7.524769779959209
      vertex -30.76536686473018 -19.202991148200574 8.481240253536548
      vertex -31 -19.314756742390006 8.451292752831904
    endloop
  endfacet
  facet normal 4.6397010381231325e-15 -0.2588190451025207 0.9659258262890683
    outer loop
      vertex -30.51763809020504 -22.85381475365006 7.503005016747878
      vertex -30.51763809020504 -19.12176394608118 8.503005016747878
      vertex -30.76536686473018 -19.202991148200574 8.481240253536548
    endloop
  endfacet
  facet normal -4.364245825781487e-16 -0.2588190451025205 0.9659258262890684
    outer loop
      vertex -30.261052384440102 -22.90311374375072 7.489795392162737
      vertex -30.261052384440102 -19.072464955980525 8.516214641333018
      vertex -30.51763809020504 -19.12176394608118 8.503005016747878
    endloop
  endfacet
  facet normal 4.2528744834349285e-16 -0.2588190451025207 0.9659258262890684
    outer loop
      vertex -30 -22.919641002443758 7.485366926542836
      vertex -30 -19.055937697287483 8.52064310695292
      vertex -30.261052384440102 -19.072464955980525 8.516214641333018
    endloop
  endfacet
  facet normal -8.579144739409655e-16 -0.25881904510252046 0.9659258262890683
    outer loop
      vertex -29.738947615559898 -22.90311374375072 7.489795392162737
      vertex -29.738947615559898 -19.072464955980525 8.516214641333018
      vertex -30 -19.055937697287483 8.52064310695292
    endloop
  endfacet
  facet normal 4.479545923693173e-16 -0.2588190451025207 0.9659258262890683
    outer loop
      vertex -29.48236190979496 -22.85381475365006 7.503005016747878
      vertex -29.48236190979496 -19.12176394608118 8.503005016747878
      vertex -29.738947615559898 -19.072464955980525 8.516214641333018
    endloop
  endfacet
  facet normal -4.850856525418897e-15 -0.25881904510252085 0.9659258262890682
    outer loop
      vertex -29.23463313526982 -22.772587551530666 7.524769779959209
      vertex -29.23463313526982 -19.202991148200574 8.481240253536548
      vertex -29.48236190979496 -19.12176394608118 8.503005016747878
    endloop
  endfacet
  facet normal 4.37099431086399e-15 -0.2588190451025205 0.9659258262890684
    outer loop
      vertex -29 -22.660821957341238 7.554717280663851
      vertex -29 -19.314756742390006 8.451292752831904
      vertex -29.23463313526982 -19.202991148200574 8.481240253536548
    endloop
  endfacet
  facet normal 0 -0.2588190451025207 0.9659258262890682
    outer loop
      vertex -28.782477141982557 -22.520430311385628 7.592335108821732
      vertex -28.782477141982557 -19.455148388345613 8.413674924674023
      vertex -29 -19.314756742390006 8.451292752831904
    endloop
  endfacet
  facet normal -2.3947635916409506e-15 -0.2588190451025208 0.9659258262890684
    outer loop
      vertex -28.585786437626904 -22.35381475365006 7.636979612963439
      vertex -28.585786437626904 -19.62176394608118 8.369030420532317
      vertex -28.782477141982557 -19.455148388345613 8.413674924674023
    endloop
  endfacet
  facet normal 0 -0.2588190451025208 0.9659258262890682
    outer loop
      vertex -28.26794919243112 -21.953715176154688 7.744185971645358
      vertex -28.26794919243112 -20.021863523576553 8.2618240618504
      vertex -28.41329331941753 -19.811752577209297 8.318123120250444
    endloop
  endfacet
  facet normal -2.6432079843723422e-15 -0.2588190451025208 0.9659258262890682
    outer loop
      vertex -28.41329331941753 -22.163826122521947 7.687886913245312
      vertex -28.41329331941753 -19.811752577209297 8.318123120250444
      vertex -28.585786437626904 -19.62176394608118 8.369030420532317
    endloop
  endfacet
  facet normal 0.9978589232386038 0.06317457164351262 0.01692757545406138
    outer loop
      vertex -28.017110277252378 -20.735632109720584 8.070570345610403
      vertex -28 -20.987789349865622 8.003005016747878
      vertex -28 -20.34074173721355 5.588190451414202
    endloop
  endfacet
  facet normal 4.7436818207870854e-15 -0.2588190451025205 0.9659258262890684
    outer loop
      vertex -28.152240934977428 -21.727076971094395 7.8049134956653035
      vertex -28.068148347421864 -21.487789349865622 7.869030420532317
      vertex -28.152240934977428 -20.24850172863685 8.201096537830454
    endloop
  endfacet
  facet normal 1.8385177040528583e-15 -0.25881904510252124 0.9659258262890681
    outer loop
      vertex -28.068148347421864 -21.487789349865622 7.869030420532317
      vertex -28.017110277252378 -21.23994659001066 7.935439687885355
      vertex -28.068148347421864 -20.487789349865622 8.13697961296344
    endloop
  endfacet
  facet normal 5.0488084833788925e-14 -0.2588190451025216 0.965925826289068
    outer loop
      vertex -28.017110277252378 -21.23994659001066 7.935439687885355
      vertex -28 -20.987789349865622 8.003005016747878
      vertex -28.017110277252378 -20.735632109720584 8.070570345610403
    endloop
  endfacet
  facet normal -4.166374697663954e-15 -0.2588190451025216 0.9659258262890681
    outer loop
      vertex -28.017110277252378 -21.23994659001066 7.935439687885355
      vertex -28.017110277252378 -20.735632109720584 8.070570345610403
      vertex -28.068148347421864 -20.487789349865622 8.13697961296344
    endloop
  endfacet
  facet normal -7.013890498311711e-15 -0.25881904510252124 0.9659258262890681
    outer loop
      vertex -28.068148347421864 -21.487789349865622 7.869030420532317
      vertex -28.068148347421864 -20.487789349865622 8.13697961296344
      vertex -28.152240934977428 -20.24850172863685 8.201096537830454
    endloop
  endfacet
  facet normal 0.980785280403229 0.1884427804944368 0.05049309085295982
    outer loop
      vertex -28.017110277252378 -20.735632109720584 8.070570345610403
      vertex -28.017110277252378 -20.08858449707123 5.6557557802868805
      vertex -28.068148347421864 -20.487789349865622 8.13697961296344
    endloop
  endfacet
  facet normal 0.9469301294951054 0.31048668112487354 0.08319465546802952
    outer loop
      vertex -28.068148347421864 -20.487789349865622 8.13697961296344
      vertex -28.068148347421864 -19.840741737218945 5.7221650476498995
      vertex -28.152240934977428 -20.24850172863685 8.201096537830454
    endloop
  endfacet
  facet normal -0.5555702330195987 -0.8031379722975894 -0.21520017108790845
    outer loop
      vertex -31 -5.274157084138006 12.213460092509225
      vertex -31.217522858017443 -4.486717825701404 9.836263355971898
      vertex -31 -4.627109471655497 9.798645527808363
    endloop
  endfacet
  facet normal -0.7518398074789807 -0.6368791512607694 -0.17065125425654207
    outer loop
      vertex -31.414213562373096 -4.967149880446829 12.295722424808812
      vertex -31.58670668058247 -4.130113636841569 9.93181516040984
      vertex -31.414213562373096 -4.320102267967633 9.880907860120315
    endloop
  endfacet
  facet normal -0.6593458151000695 -0.7262214872761448 -0.19459046104177172
    outer loop
      vertex -31.217522858017443 -5.133765438182397 12.251077920667106
      vertex -31.414213562373096 -4.320102267967633 9.880907860120315
      vertex -31.217522858017443 -4.486717825701404 9.836263355971898
    endloop
  endfacet
  facet normal -0.3214394653031617 -0.9146642677705744 -0.24508355189472955
    outer loop
      vertex -30.51763809020504 -5.467149880446829 12.161747828593251
      vertex -30.76536686473018 -4.738875065843721 9.76869802709922
      vertex -30.51763809020504 -4.8201022679622385 9.74693326388462
    endloop
  endfacet
  facet normal -0.1950903220161261 -0.9473658323856463 -0.2538459097245725
    outer loop
      vertex -30.261052384440102 -5.516448870547488 12.14853820400811
      vertex -30.51763809020504 -4.8201022679622385 9.74693326388462
      vertex -30.261052384440102 -4.869401258062364 9.733723639297493
    endloop
  endfacet
  facet normal -0.4422886902190019 -0.8663125439411036 -0.23212774654197013
    outer loop
      vertex -30.76536686473018 -5.385922678327436 12.183512591804583
      vertex -31 -4.627109471655497 9.798645527808363
      vertex -30.76536686473018 -4.738875065843721 9.76869802709922
    endloop
  endfacet
  facet normal -0.06540312923014353 -0.963857704949168 -0.25826489365964517
    outer loop
      vertex -30 -5.532976129240527 12.14410973838821
      vertex -30.261052384440102 -4.869401258062364 9.733723639297493
      vertex -30 -4.885928516755225 9.729295173676926
    endloop
  endfacet
  facet normal 0.06540312923014359 -0.963857704949168 -0.25826489365964517
    outer loop
      vertex -29.738947615559898 -5.516448870547488 12.14853820400811
      vertex -30 -4.885928516755225 9.729295173676926
      vertex -29.738947615559898 -4.869401258062364 9.733723639297493
    endloop
  endfacet
  facet normal 0.195090322016126 -0.9473658323856464 -0.25384590972457227
    outer loop
      vertex -29.48236190979496 -5.467149880446829 12.161747828593251
      vertex -29.738947615559898 -4.869401258062364 9.733723639297493
      vertex -29.48236190979496 -4.8201022679622385 9.74693326388462
    endloop
  endfacet
  facet normal 0.32143946530316186 -0.9146642677705743 -0.2450835518947295
    outer loop
      vertex -29.23463313526982 -5.385922678327436 12.183512591804583
      vertex -29.48236190979496 -4.8201022679622385 9.74693326388462
      vertex -29.23463313526982 -4.738875065843721 9.76869802709922
    endloop
  endfacet
  facet normal 0.44228869021900336 -0.8663125439411029 -0.23212774654197013
    outer loop
      vertex -29 -5.274157084138006 12.213460092509225
      vertex -29.23463313526982 -4.738875065843721 9.76869802709922
      vertex -29 -4.627109471655497 9.798645527808365
    endloop
  endfacet
  facet normal 0.5555702330195973 -0.8031379722975905 -0.21520017108790865
    outer loop
      vertex -28.782477141982557 -5.133765438182397 12.251077920667106
      vertex -29 -4.627109471655497 9.798645527808365
      vertex -28.782477141982557 -4.486717825701404 9.836263355971898
    endloop
  endfacet
  facet normal 0.6593458151000695 -0.7262214872761447 -0.19459046104177186
    outer loop
      vertex -28.585786437626904 -4.967149880446829 12.295722424808812
      vertex -28.782477141982557 -4.486717825701404 9.836263355971898
      vertex -28.585786437626904 -4.320102267967633 9.880907860120315
    endloop
  endfacet
  facet normal 0.7518398074789807 -0.6368791512607694 -0.1706512542565421
    outer loop
      vertex -28.41329331941753 -4.777161249318715 12.346629725090686
      vertex -28.585786437626904 -4.320102267967633 9.880907860120315
      vertex -28.41329331941753 -4.130113636841569 9.93181516040984
    endloop
  endfacet
  facet normal -0.8968727415326917 -0.427218068558092 -0.1144727364621248
    outer loop
      vertex -31.73205080756888 -4.567050302951459 12.402928783490731
      vertex -31.847759065022572 -3.69336448541873 10.048841742847419
      vertex -31.73205080756888 -3.9200026904765797 9.988114218818346
    endloop
  endfacet
  facet normal -0.9469301294951055 -0.3104866811248734 -0.08319465546802925
    outer loop
      vertex -31.847759065022572 -4.3404120978911624 12.463656307510677
      vertex -31.931851652578136 -3.4540768641925395 10.112958667724069
      vertex -31.847759065022572 -3.69336448541873 10.048841742847419
    endloop
  endfacet
  facet normal -0.8314696123025423 -0.5366396363910737 -0.1437921571975196
    outer loop
      vertex -31.58670668058247 -4.777161249318715 12.346629725090686
      vertex -31.73205080756888 -3.9200026904765797 9.988114218818346
      vertex -31.58670668058247 -4.130113636841569 9.93181516040984
    endloop
  endfacet
  facet normal -0.6593458151000683 -0.7262214872761457 -0.19459046104177213
    outer loop
      vertex -31.217522858017443 -5.133765438182397 12.251077920667106
      vertex -31.414213562373096 -4.967149880446829 12.295722424808812
      vertex -31.414213562373096 -4.320102267967633 9.880907860120315
    endloop
  endfacet
  facet normal -0.5555702330195992 -0.8031379722975893 -0.21520017108790832
    outer loop
      vertex -31.217522858017443 -5.133765438182397 12.251077920667106
      vertex -31.217522858017443 -4.486717825701404 9.836263355971898
      vertex -31 -5.274157084138006 12.213460092509225
    endloop
  endfacet
  facet normal -0.8314696123025422 -0.5366396363910737 -0.14379215719751956
    outer loop
      vertex -31.58670668058247 -4.777161249318715 12.346629725090686
      vertex -31.73205080756888 -4.567050302951459 12.402928783490731
      vertex -31.73205080756888 -3.9200026904765797 9.988114218818346
    endloop
  endfacet
  facet normal -0.7518398074789807 -0.6368791512607695 -0.17065125425654212
    outer loop
      vertex -31.414213562373096 -4.967149880446829 12.295722424808812
      vertex -31.58670668058247 -4.777161249318715 12.346629725090686
      vertex -31.58670668058247 -4.130113636841569 9.93181516040984
    endloop
  endfacet
  facet normal -0.8968727415326924 -0.4272180685580905 -0.11447273646212429
    outer loop
      vertex -31.73205080756888 -4.567050302951459 12.402928783490731
      vertex -31.847759065022572 -4.3404120978911624 12.463656307510677
      vertex -31.847759065022572 -3.69336448541873 10.048841742847419
    endloop
  endfacet
  facet normal -0.9469301294951054 -0.3104866811248735 -0.08319465546802932
    outer loop
      vertex -31.847759065022572 -4.3404120978911624 12.463656307510677
      vertex -31.931851652578136 -4.10112447666239 12.52777323237769
      vertex -31.931851652578136 -3.4540768641925395 10.112958667724069
    endloop
  endfacet
  facet normal 0.8314696123025423 -0.5366396363910737 -0.1437921571975196
    outer loop
      vertex -28.26794919243112 -4.567050302951459 12.402928783490731
      vertex -28.41329331941753 -4.130113636841569 9.93181516040984
      vertex -28.26794919243112 -3.9200026904765797 9.988114218818346
    endloop
  endfacet
  facet normal 0.8968727415326918 -0.42721806855809197 -0.11447273646212462
    outer loop
      vertex -28.152240934977428 -4.3404120978911624 12.463656307510677
      vertex -28.26794919243112 -3.9200026904765797 9.988114218818346
      vertex -28.152240934977428 -3.6933644854187304 10.04884174284742
    endloop
  endfacet
  facet normal -0.3214394653031614 -0.9146642677705745 -0.24508355189472955
    outer loop
      vertex -30.51763809020504 -5.467149880446829 12.161747828593251
      vertex -30.76536686473018 -5.385922678327436 12.183512591804583
      vertex -30.76536686473018 -4.738875065843721 9.76869802709922
    endloop
  endfacet
  facet normal -0.19509032201612872 -0.9473658323856459 -0.25384590972457205
    outer loop
      vertex -30.261052384440102 -5.516448870547488 12.14853820400811
      vertex -30.51763809020504 -5.467149880446829 12.161747828593251
      vertex -30.51763809020504 -4.8201022679622385 9.74693326388462
    endloop
  endfacet
  facet normal -0.442288690219002 -0.8663125439411036 -0.23212774654197013
    outer loop
      vertex -30.76536686473018 -5.385922678327436 12.183512591804583
      vertex -31 -5.274157084138006 12.213460092509225
      vertex -31 -4.627109471655497 9.798645527808363
    endloop
  endfacet
  facet normal -0.06540312923014381 -0.963857704949168 -0.25826489365964517
    outer loop
      vertex -30.261052384440102 -5.516448870547488 12.14853820400811
      vertex -30.261052384440102 -4.869401258062364 9.733723639297493
      vertex -30 -5.532976129240527 12.14410973838821
    endloop
  endfacet
  facet normal 0.06540312923014381 -0.963857704949168 -0.25826489365964517
    outer loop
      vertex -30 -5.532976129240527 12.14410973838821
      vertex -30 -4.885928516755225 9.729295173676926
      vertex -29.738947615559898 -5.516448870547488 12.14853820400811
    endloop
  endfacet
  facet normal 0.19509032201612872 -0.9473658323856459 -0.2538459097245723
    outer loop
      vertex -29.738947615559898 -5.516448870547488 12.14853820400811
      vertex -29.738947615559898 -4.869401258062364 9.733723639297493
      vertex -29.48236190979496 -5.467149880446829 12.161747828593251
    endloop
  endfacet
  facet normal 0.3214394653031614 -0.9146642677705744 -0.24508355189472955
    outer loop
      vertex -29.48236190979496 -5.467149880446829 12.161747828593251
      vertex -29.48236190979496 -4.8201022679622385 9.74693326388462
      vertex -29.23463313526982 -5.385922678327436 12.183512591804583
    endloop
  endfacet
  facet normal 0.44228869021900197 -0.8663125439411036 -0.23212774654197013
    outer loop
      vertex -29.23463313526982 -5.385922678327436 12.183512591804583
      vertex -29.23463313526982 -4.738875065843721 9.76869802709922
      vertex -29 -5.274157084138006 12.213460092509225
    endloop
  endfacet
  facet normal 0.5555702330195992 -0.8031379722975892 -0.2152001710879085
    outer loop
      vertex -29 -5.274157084138006 12.213460092509225
      vertex -29 -4.627109471655497 9.798645527808365
      vertex -28.782477141982557 -5.133765438182397 12.251077920667106
    endloop
  endfacet
  facet normal 0.6593458151000683 -0.7262214872761457 -0.19459046104177194
    outer loop
      vertex -28.782477141982557 -5.133765438182397 12.251077920667106
      vertex -28.782477141982557 -4.486717825701404 9.836263355971898
      vertex -28.585786437626904 -4.967149880446829 12.295722424808812
    endloop
  endfacet
  facet normal 0.7518398074789807 -0.6368791512607695 -0.1706512542565421
    outer loop
      vertex -28.585786437626904 -4.967149880446829 12.295722424808812
      vertex -28.585786437626904 -4.320102267967633 9.880907860120315
      vertex -28.41329331941753 -4.777161249318715 12.346629725090686
    endloop
  endfacet
  facet normal 0.8314696123025423 -0.5366396363910737 -0.1437921571975196
    outer loop
      vertex -28.41329331941753 -4.777161249318715 12.346629725090686
      vertex -28.41329331941753 -4.130113636841569 9.93181516040984
      vertex -28.26794919243112 -4.567050302951459 12.402928783490731
    endloop
  endfacet
  facet normal 0.8968727415326924 -0.42721806855809064 -0.11447273646212444
    outer loop
      vertex -28.26794919243112 -4.567050302951459 12.402928783490731
      vertex -28.26794919243112 -3.9200026904765797 9.988114218818346
      vertex -28.152240934977428 -4.3404120978911624 12.463656307510677
    endloop
  endfacet
  facet normal -0.9807852804032289 -0.1884427804944364 -0.05049309085295953
    outer loop
      vertex -31.931851652578136 -4.10112447666239 12.52777323237769
      vertex -31.982889722747622 -3.2062341043402514 10.179367935087086
      vertex -31.931851652578136 -3.4540768641925395 10.112958667724069
    endloop
  endfacet
  facet normal -0.9978589232386037 -0.06317457164351291 -0.01692757545406139
    outer loop
      vertex -31.982889722747622 -3.8532817168074285 12.594182499730728
      vertex -32 -2.954076864197935 10.246933263959766
      vertex -31.982889722747622 -3.2062341043402514 10.179367935087086
    endloop
  endfacet
  facet normal -0.9978589232386037 0.0631745716435128 0.016927575454061358
    outer loop
      vertex -32 -3.6011244766623904 12.661747828593251
      vertex -31.982889722747622 -2.701919624055618 10.314498592832445
      vertex -32 -2.954076864197935 10.246933263959766
    endloop
  endfacet
  facet normal -0.9807852804032289 0.18844278049443672 0.050493090852959645
    outer loop
      vertex -31.982889722747622 -3.3489672365173524 12.729313157455774
      vertex -31.931851652578136 -2.4540768642033304 10.380907860195462
      vertex -31.982889722747622 -2.701919624055618 10.314498592832445
    endloop
  endfacet
  facet normal -0.9469301294951057 0.3104866811248727 0.08319465546802914
    outer loop
      vertex -31.931851652578136 -3.1011244766623904 12.795722424808812
      vertex -31.847759065022572 -2.21478924297714 10.445024785072114
      vertex -31.931851652578136 -2.4540768642033304 10.380907860195462
    endloop
  endfacet
  facet normal -0.8968727415326917 0.42721806855809175 0.1144727364621248
    outer loop
      vertex -31.847759065022572 -2.8618368554336184 12.859839349675827
      vertex -31.73205080756888 -1.9881510379192902 10.505752309101187
      vertex -31.847759065022572 -2.21478924297714 10.445024785072114
    endloop
  endfacet
  facet normal -0.9807852804032289 -0.1884427804944368 -0.05049309085295968
    outer loop
      vertex -31.931851652578136 -4.10112447666239 12.52777323237769
      vertex -31.982889722747622 -3.8532817168074285 12.594182499730728
      vertex -31.982889722747622 -3.2062341043402514 10.179367935087086
    endloop
  endfacet
  facet normal -0.9978589232386037 -0.06317457164351285 -0.016927575454061372
    outer loop
      vertex -31.982889722747622 -3.8532817168074285 12.594182499730728
      vertex -32 -3.6011244766623904 12.661747828593251
      vertex -32 -2.954076864197935 10.246933263959766
    endloop
  endfacet
  facet normal -0.9978589232386037 0.06317457164351285 0.016927575454061376
    outer loop
      vertex -32 -3.6011244766623904 12.661747828593251
      vertex -31.982889722747622 -3.3489672365173524 12.729313157455774
      vertex -31.982889722747622 -2.701919624055618 10.314498592832445
    endloop
  endfacet
  facet normal -0.8314696123025427 0.5366396363910733 0.1437921571975193
    outer loop
      vertex -31.73205080756888 -2.6351986503733222 12.920566873695773
      vertex -31.58670668058247 -1.7780400915543 10.562051367509692
      vertex -31.73205080756888 -1.9881510379192902 10.505752309101187
    endloop
  endfacet
  facet normal -0.7518398074789802 0.6368791512607701 0.17065125425654218
    outer loop
      vertex -31.58670668058247 -2.4250877040060654 12.976865932095818
      vertex -31.414213562373096 -1.588051460428236 10.612958667799216
      vertex -31.58670668058247 -1.7780400915543 10.562051367509692
    endloop
  endfacet
  facet normal -0.6593458151000695 0.7262214872761448 0.19459046104177186
    outer loop
      vertex -31.414213562373096 -2.2350990728779516 13.02777323237769
      vertex -31.217522858017443 -1.421435902694466 10.657603171947635
      vertex -31.414213562373096 -1.588051460428236 10.612958667799216
    endloop
  endfacet
  facet normal -0.5555702330195985 0.8031379722975895 0.21520017108790856
    outer loop
      vertex -31.217522858017443 -2.068483515142383 13.072417736519396
      vertex -31 -1.2810442567403726 10.695221000111168
      vertex -31.217522858017443 -1.421435902694466 10.657603171947635
    endloop
  endfacet
  facet normal 0.8968727415326916 0.4272180685580919 0.11447273646212468
    outer loop
      vertex -28.26794919243112 -2.6351986503733222 12.920566873695773
      vertex -28.152240934977428 -2.21478924297714 10.445024785072114
      vertex -28.26794919243112 -1.9881510379192902 10.505752309101187
    endloop
  endfacet
  facet normal 0.8314696123025429 0.5366396363910729 0.1437921571975193
    outer loop
      vertex -28.41329331941753 -2.4250877040060654 12.976865932095818
      vertex -28.26794919243112 -1.9881510379192902 10.505752309101187
      vertex -28.41329331941753 -1.7780400915543 10.562051367509692
    endloop
  endfacet
  facet normal -0.44228869021900125 0.8663125439411039 0.2321277465419701
    outer loop
      vertex -31 -1.9280918691867748 13.110035564677279
      vertex -30.76536686473018 -1.1692786625521483 10.72516850082031
      vertex -31 -1.2810442567403726 10.695221000111168
    endloop
  endfacet
  facet normal -0.3214394653031611 0.9146642677705744 0.24508355189472958
    outer loop
      vertex -30.76536686473018 -1.8163262749973448 13.13998306538192
      vertex -30.51763809020504 -1.0880514604336322 10.746933264034915
      vertex -30.76536686473018 -1.1692786625521483 10.72516850082031
    endloop
  endfacet
  facet normal -0.1950903220161286 0.947365832385646 0.2538459097245722
    outer loop
      vertex -30.51763809020504 -1.7350990728779516 13.161747828593251
      vertex -30.261052384440102 -1.0387524703335058 10.760142888622042
      vertex -30.51763809020504 -1.0880514604336322 10.746933264034915
    endloop
  endfacet
  facet normal -0.06540312923014349 0.9638577049491681 0.2582648936596448
    outer loop
      vertex -30.261052384440102 -1.6858000827772932 13.174957453178394
      vertex -30 -1.0222252116406445 10.764571354242607
      vertex -30.261052384440102 -1.0387524703335058 10.760142888622042
    endloop
  endfacet
  facet normal 0.06540312923014356 0.9638577049491681 0.258264893659645
    outer loop
      vertex -30 -1.6692728240842538 13.179385918798292
      vertex -29.738947615559898 -1.0387524703335058 10.760142888622042
      vertex -30 -1.0222252116406445 10.764571354242607
    endloop
  endfacet
  facet normal 0.1950903220161283 0.947365832385646 0.25384590972457205
    outer loop
      vertex -29.738947615559898 -1.6858000827772932 13.174957453178394
      vertex -29.48236190979496 -1.0880514604336318 10.746933264034913
      vertex -29.738947615559898 -1.0387524703335058 10.760142888622042
    endloop
  endfacet
  facet normal 0.44228869021900136 0.8663125439411038 0.23212774654197027
    outer loop
      vertex -29.23463313526982 -1.8163262749973448 13.13998306538192
      vertex -29 -1.2810442567403726 10.695221000111168
      vertex -29.23463313526982 -1.1692786625521487 10.725168500820311
    endloop
  endfacet
  facet normal 0.5555702330195984 0.8031379722975898 0.2152001710879084
    outer loop
      vertex -29 -1.9280918691867748 13.110035564677279
      vertex -28.782477141982557 -1.421435902694466 10.657603171947635
      vertex -29 -1.2810442567403726 10.695221000111168
    endloop
  endfacet
  facet normal 0.32143946530316075 0.9146642677705746 0.24508355189472966
    outer loop
      vertex -29.48236190979496 -1.7350990728779516 13.161747828593251
      vertex -29.23463313526982 -1.1692786625521487 10.725168500820311
      vertex -29.48236190979496 -1.0880514604336318 10.746933264034913
    endloop
  endfacet
  facet normal 0.7518398074789802 0.6368791512607703 0.17065125425654226
    outer loop
      vertex -28.585786437626904 -2.2350990728779516 13.02777323237769
      vertex -28.41329331941753 -1.7780400915543 10.562051367509692
      vertex -28.585786437626904 -1.588051460428236 10.612958667799216
    endloop
  endfacet
  facet normal 0.6593458151000696 0.7262214872761446 0.19459046104177188
    outer loop
      vertex -28.782477141982557 -2.068483515142383 13.072417736519396
      vertex -28.585786437626904 -1.588051460428236 10.612958667799216
      vertex -28.782477141982557 -1.421435902694466 10.657603171947635
    endloop
  endfacet
  facet normal 0.9469301294951054 -0.31048668112487354 -0.0831946554680293
    outer loop
      vertex -28.152240934977428 -4.3404120978911624 12.463656307510677
      vertex -28.152240934977428 -3.6933644854187304 10.04884174284742
      vertex -28.068148347421864 -4.10112447666239 12.52777323237769
    endloop
  endfacet
  facet normal 0.9807852804032289 -0.18844278049443683 -0.05049309085295964
    outer loop
      vertex -28.068148347421864 -4.10112447666239 12.52777323237769
      vertex -28.068148347421864 -3.4540768641925395 10.112958667724069
      vertex -28.017110277252378 -3.8532817168074285 12.594182499730728
    endloop
  endfacet
  facet normal 0.9469301294951054 -0.3104866811248733 -0.08319465546802926
    outer loop
      vertex -28.068148347421864 -4.10112447666239 12.52777323237769
      vertex -28.152240934977428 -3.6933644854187304 10.04884174284742
      vertex -28.068148347421864 -3.4540768641925395 10.112958667724069
    endloop
  endfacet
  facet normal 0.9807852804032289 -0.1884427804944364 -0.05049309085295957
    outer loop
      vertex -28.017110277252378 -3.8532817168074285 12.594182499730728
      vertex -28.068148347421864 -3.4540768641925395 10.112958667724069
      vertex -28.017110277252378 -3.206234104340252 10.179367935087088
    endloop
  endfacet
  facet normal 0.9978589232386037 -0.0631745716435129 -0.016927575454061386
    outer loop
      vertex -28 -3.6011244766623904 12.661747828593251
      vertex -28.017110277252378 -3.206234104340252 10.179367935087088
      vertex -28 -2.954076864197935 10.246933263959766
    endloop
  endfacet
  facet normal 0.9978589232386037 0.06317457164351281 0.016927575454061365
    outer loop
      vertex -28.017110277252378 -3.3489672365173524 12.729313157455774
      vertex -28 -2.954076864197935 10.246933263959766
      vertex -28.017110277252378 -2.701919624055618 10.314498592832445
    endloop
  endfacet
  facet normal 0.9807852804032289 0.18844278049443672 0.05049309085295963
    outer loop
      vertex -28.068148347421864 -3.1011244766623904 12.795722424808812
      vertex -28.017110277252378 -2.701919624055618 10.314498592832445
      vertex -28.068148347421864 -2.4540768642033304 10.380907860195462
    endloop
  endfacet
  facet normal 0.9469301294951057 0.31048668112487277 0.08319465546802923
    outer loop
      vertex -28.152240934977428 -2.8618368554336184 12.859839349675827
      vertex -28.068148347421864 -2.4540768642033304 10.380907860195462
      vertex -28.152240934977428 -2.21478924297714 10.445024785072114
    endloop
  endfacet
  facet normal 0.9978589232386037 -0.06317457164351285 -0.01692757545406138
    outer loop
      vertex -28.017110277252378 -3.8532817168074285 12.594182499730728
      vertex -28.017110277252378 -3.206234104340252 10.179367935087088
      vertex -28 -3.6011244766623904 12.661747828593251
    endloop
  endfacet
  facet normal 0.9978589232386037 0.06317457164351284 0.01692757545406137
    outer loop
      vertex -28.017110277252378 -3.3489672365173524 12.729313157455774
      vertex -28 -3.6011244766623904 12.661747828593251
      vertex -28 -2.954076864197935 10.246933263959766
    endloop
  endfacet
  facet normal -1.6887601883869317e-15 -0.2588190451025208 0.9659258262890684
    outer loop
      vertex -31.217522858017443 -5.133765438182397 12.251077920667106
      vertex -31 -5.274157084138006 12.213460092509225
      vertex -31.217522858017443 -2.068483515142383 13.072417736519396
    endloop
  endfacet
  facet normal -3.29413846501256e-15 -0.2588190451025208 0.9659258262890682
    outer loop
      vertex -31.58670668058247 -4.777161249318715 12.346629725090686
      vertex -31.73205080756888 -2.6351986503733222 12.920566873695773
      vertex -31.73205080756888 -4.567050302951459 12.402928783490731
    endloop
  endfacet
  facet normal 8.618842069458945e-16 -0.2588190451025207 0.9659258262890683
    outer loop
      vertex -31.73205080756888 -4.567050302951459 12.402928783490731
      vertex -31.847759065022572 -2.8618368554336184 12.859839349675827
      vertex -31.847759065022572 -4.3404120978911624 12.463656307510677
    endloop
  endfacet
  facet normal 1.0676335162763909e-14 -0.2588190451025189 0.9659258262890688
    outer loop
      vertex -31.931851652578136 -4.10112447666239 12.52777323237769
      vertex -31.982889722747622 -3.3489672365173524 12.729313157455774
      vertex -31.982889722747622 -3.8532817168074285 12.594182499730728
    endloop
  endfacet
  facet normal -2.2316924312810006e-15 -0.25881904510251974 0.9659258262890685
    outer loop
      vertex -31.847759065022572 -4.3404120978911624 12.463656307510677
      vertex -31.931851652578136 -3.1011244766623904 12.795722424808812
      vertex -31.931851652578136 -4.10112447666239 12.52777323237769
    endloop
  endfacet
  facet normal 1.136579433280107e-14 -0.2588190451025204 0.9659258262890683
    outer loop
      vertex -31.414213562373096 -4.967149880446829 12.295722424808812
      vertex -31.58670668058247 -2.4250877040060654 12.976865932095818
      vertex -31.58670668058247 -4.777161249318715 12.346629725090686
    endloop
  endfacet
  facet normal -2.8437817650736294e-15 -0.2588190451025212 0.9659258262890682
    outer loop
      vertex -31.217522858017443 -5.133765438182397 12.251077920667106
      vertex -31.414213562373096 -2.2350990728779516 13.02777323237769
      vertex -31.414213562373096 -4.967149880446829 12.295722424808812
    endloop
  endfacet
  facet normal 2.2435211430062405e-15 -0.2588190451025204 0.9659258262890683
    outer loop
      vertex -30.51763809020504 -5.467149880446829 12.161747828593251
      vertex -30.76536686473018 -1.8163262749973448 13.13998306538192
      vertex -30.76536686473018 -5.385922678327436 12.183512591804583
    endloop
  endfacet
  facet normal -2.4427523865139334e-15 -0.25881904510252074 0.9659258262890683
    outer loop
      vertex -30.261052384440102 -5.516448870547488 12.14853820400811
      vertex -30.51763809020504 -1.7350990728779516 13.161747828593251
      vertex -30.51763809020504 -5.467149880446829 12.161747828593251
    endloop
  endfacet
  facet normal -1.2464163464573094e-15 -0.25881904510252096 0.9659258262890682
    outer loop
      vertex -30.76536686473018 -5.385922678327436 12.183512591804583
      vertex -31 -1.9280918691867748 13.110035564677279
      vertex -31 -5.274157084138006 12.213460092509225
    endloop
  endfacet
  facet normal 2.124678814369422e-15 -0.2588190451025209 0.9659258262890683
    outer loop
      vertex -30.261052384440102 -5.516448870547488 12.14853820400811
      vertex -30 -5.532976129240527 12.14410973838821
      vertex -30.261052384440102 -1.6858000827772932 13.174957453178394
    endloop
  endfacet
  facet normal -2.136404916288015e-15 -0.2588190451025207 0.9659258262890682
    outer loop
      vertex -30 -5.532976129240527 12.14410973838821
      vertex -29.738947615559898 -5.516448870547488 12.14853820400811
      vertex -30 -1.6692728240842538 13.179385918798292
    endloop
  endfacet
  facet normal 2.4617074111048695e-15 -0.25881904510252085 0.9659258262890684
    outer loop
      vertex -29.738947615559898 -5.516448870547488 12.14853820400811
      vertex -29.48236190979496 -5.467149880446829 12.161747828593251
      vertex -29.738947615559898 -1.6858000827772932 13.174957453178394
    endloop
  endfacet
  facet normal -2.1458617301319494e-15 -0.25881904510252074 0.9659258262890683
    outer loop
      vertex -29.48236190979496 -5.467149880446829 12.161747828593251
      vertex -29.23463313526982 -5.385922678327436 12.183512591804583
      vertex -29.48236190979496 -1.7350990728779516 13.161747828593251
    endloop
  endfacet
  facet normal 9.602997417575313e-16 -0.25881904510252046 0.9659258262890684
    outer loop
      vertex -29.23463313526982 -5.385922678327436 12.183512591804583
      vertex -29 -5.274157084138006 12.213460092509225
      vertex -29.23463313526982 -1.8163262749973448 13.13998306538192
    endloop
  endfacet
  facet normal 1.878559221687591e-15 -0.258819045102521 0.9659258262890682
    outer loop
      vertex -29 -5.274157084138006 12.213460092509225
      vertex -28.782477141982557 -5.133765438182397 12.251077920667106
      vertex -29 -1.9280918691867748 13.110035564677279
    endloop
  endfacet
  facet normal 2.534630243770121e-15 -0.25881904510252074 0.9659258262890682
    outer loop
      vertex -28.782477141982557 -5.133765438182397 12.251077920667106
      vertex -28.585786437626904 -4.967149880446829 12.295722424808812
      vertex -28.782477141982557 -2.068483515142383 13.072417736519396
    endloop
  endfacet
  facet normal -1.0467700660931155e-14 -0.25881904510252113 0.9659258262890682
    outer loop
      vertex -28.585786437626904 -4.967149880446829 12.295722424808812
      vertex -28.41329331941753 -4.777161249318715 12.346629725090686
      vertex -28.585786437626904 -2.2350990728779516 13.02777323237769
    endloop
  endfacet
  facet normal 2.744818777060514e-15 -0.25881904510252035 0.9659258262890684
    outer loop
      vertex -28.41329331941753 -4.777161249318715 12.346629725090686
      vertex -28.26794919243112 -4.567050302951459 12.402928783490731
      vertex -28.41329331941753 -2.4250877040060654 12.976865932095818
    endloop
  endfacet
  facet normal -6.596576132306364e-16 -0.2588190451025208 0.9659258262890683
    outer loop
      vertex -28.26794919243112 -4.567050302951459 12.402928783490731
      vertex -28.152240934977428 -4.3404120978911624 12.463656307510677
      vertex -28.26794919243112 -2.6351986503733222 12.920566873695773
    endloop
  endfacet
  facet normal -0.980785280403229 0.1884427804944365 0.05049309085295956
    outer loop
      vertex -31.982889722747622 -3.3489672365173524 12.729313157455774
      vertex -31.931851652578136 -3.1011244766623904 12.795722424808812
      vertex -31.931851652578136 -2.4540768642033304 10.380907860195462
    endloop
  endfacet
  facet normal -0.9469301294951055 0.3104866811248735 0.08319465546802943
    outer loop
      vertex -31.931851652578136 -3.1011244766623904 12.795722424808812
      vertex -31.847759065022572 -2.8618368554336184 12.859839349675827
      vertex -31.847759065022572 -2.21478924297714 10.445024785072114
    endloop
  endfacet
  facet normal -0.8968727415326924 0.42721806855809064 0.11447273646212432
    outer loop
      vertex -31.847759065022572 -2.8618368554336184 12.859839349675827
      vertex -31.73205080756888 -2.6351986503733222 12.920566873695773
      vertex -31.73205080756888 -1.9881510379192902 10.505752309101187
    endloop
  endfacet
  facet normal -0.8314696123025421 0.5366396363910737 0.1437921571975195
    outer loop
      vertex -31.73205080756888 -2.6351986503733222 12.920566873695773
      vertex -31.58670668058247 -2.4250877040060654 12.976865932095818
      vertex -31.58670668058247 -1.7780400915543 10.562051367509692
    endloop
  endfacet
  facet normal -0.7518398074789799 0.6368791512607705 0.17065125425654232
    outer loop
      vertex -31.58670668058247 -2.4250877040060654 12.976865932095818
      vertex -31.414213562373096 -2.2350990728779516 13.02777323237769
      vertex -31.414213562373096 -1.588051460428236 10.612958667799216
    endloop
  endfacet
  facet normal -0.6593458151000693 0.726221487276145 0.19459046104177194
    outer loop
      vertex -31.414213562373096 -2.2350990728779516 13.02777323237769
      vertex -31.217522858017443 -2.068483515142383 13.072417736519396
      vertex -31.217522858017443 -1.421435902694466 10.657603171947635
    endloop
  endfacet
  facet normal 0 -0.2588190451025189 0.9659258262890689
    outer loop
      vertex -31.982889722747622 -3.8532817168074285 12.594182499730728
      vertex -31.982889722747622 -3.3489672365173524 12.729313157455774
      vertex -32 -3.6011244766623904 12.661747828593251
    endloop
  endfacet
  facet normal -3.67703540810572e-15 -0.25881904510251974 0.9659258262890685
    outer loop
      vertex -31.931851652578136 -4.10112447666239 12.52777323237769
      vertex -31.931851652578136 -3.1011244766623904 12.795722424808812
      vertex -31.982889722747622 -3.3489672365173524 12.729313157455774
    endloop
  endfacet
  facet normal -1.6818508273699676e-14 -0.2588190451025207 0.9659258262890684
    outer loop
      vertex -31.847759065022572 -4.3404120978911624 12.463656307510677
      vertex -31.847759065022572 -2.8618368554336184 12.859839349675827
      vertex -31.931851652578136 -3.1011244766623904 12.795722424808812
    endloop
  endfacet
  facet normal -4.797509914404628e-16 -0.2588190451025208 0.9659258262890683
    outer loop
      vertex -31.73205080756888 -4.567050302951459 12.402928783490731
      vertex -31.73205080756888 -2.6351986503733222 12.920566873695773
      vertex -31.847759065022572 -2.8618368554336184 12.859839349675827
    endloop
  endfacet
  facet normal 2.5095485961696127e-15 -0.25881904510252035 0.9659258262890684
    outer loop
      vertex -31.58670668058247 -4.777161249318715 12.346629725090686
      vertex -31.58670668058247 -2.4250877040060654 12.976865932095818
      vertex -31.73205080756888 -2.6351986503733222 12.920566873695773
    endloop
  endfacet
  facet normal -4.55117420040485e-16 -0.25881904510252113 0.9659258262890682
    outer loop
      vertex -31.414213562373096 -4.967149880446829 12.295722424808812
      vertex -31.414213562373096 -2.2350990728779516 13.02777323237769
      vertex -31.58670668058247 -2.4250877040060654 12.976865932095818
    endloop
  endfacet
  facet normal 2.8459006245839956e-15 -0.25881904510252074 0.9659258262890682
    outer loop
      vertex -31.217522858017443 -5.133765438182397 12.251077920667106
      vertex -31.217522858017443 -2.068483515142383 13.072417736519396
      vertex -31.414213562373096 -2.2350990728779516 13.02777323237769
    endloop
  endfacet
  facet normal -5.8935191268630304e-15 -0.258819045102521 0.9659258262890682
    outer loop
      vertex -31 -5.274157084138006 12.213460092509225
      vertex -31 -1.9280918691867748 13.110035564677279
      vertex -31.217522858017443 -2.068483515142383 13.072417736519396
    endloop
  endfacet
  facet normal -0.5555702330196004 0.8031379722975885 0.21520017108790807
    outer loop
      vertex -31.217522858017443 -2.068483515142383 13.072417736519396
      vertex -31 -1.9280918691867748 13.110035564677279
      vertex -31 -1.2810442567403726 10.695221000111168
    endloop
  endfacet
  facet normal 0.8314696123025423 0.5366396363910738 0.14379215719751945
    outer loop
      vertex -28.26794919243112 -2.6351986503733222 12.920566873695773
      vertex -28.26794919243112 -1.9881510379192902 10.505752309101187
      vertex -28.41329331941753 -2.4250877040060654 12.976865932095818
    endloop
  endfacet
  facet normal 0.8968727415326925 0.4272180685580906 0.11447273646212448
    outer loop
      vertex -28.152240934977428 -2.8618368554336184 12.859839349675827
      vertex -28.152240934977428 -2.21478924297714 10.445024785072114
      vertex -28.26794919243112 -2.6351986503733222 12.920566873695773
    endloop
  endfacet
  facet normal 0.7518398074789799 0.6368791512607704 0.17065125425654226
    outer loop
      vertex -28.41329331941753 -2.4250877040060654 12.976865932095818
      vertex -28.41329331941753 -1.7780400915543 10.562051367509692
      vertex -28.585786437626904 -2.2350990728779516 13.02777323237769
    endloop
  endfacet
  facet normal 0.6593458151000693 0.7262214872761449 0.19459046104177188
    outer loop
      vertex -28.585786437626904 -2.2350990728779516 13.02777323237769
      vertex -28.585786437626904 -1.588051460428236 10.612958667799216
      vertex -28.782477141982557 -2.068483515142383 13.072417736519396
    endloop
  endfacet
  facet normal 7.68239793406025e-15 -0.25881904510252046 0.9659258262890684
    outer loop
      vertex -30.76536686473018 -5.385922678327436 12.183512591804583
      vertex -30.76536686473018 -1.8163262749973448 13.13998306538192
      vertex -31 -1.9280918691867748 13.110035564677279
    endloop
  endfacet
  facet normal -2.3198505190615667e-15 -0.25881904510252074 0.9659258262890683
    outer loop
      vertex -30.51763809020504 -5.467149880446829 12.161747828593251
      vertex -30.51763809020504 -1.7350990728779516 13.161747828593251
      vertex -30.76536686473018 -1.8163262749973448 13.13998306538192
    endloop
  endfacet
  facet normal -3.9278212432033375e-15 -0.25881904510252085 0.9659258262890684
    outer loop
      vertex -30.261052384440102 -5.516448870547488 12.14853820400811
      vertex -30.261052384440102 -1.6858000827772932 13.174957453178394
      vertex -30.51763809020504 -1.7350990728779516 13.161747828593251
    endloop
  endfacet
  facet normal 4.678161931778421e-15 -0.2588190451025207 0.9659258262890682
    outer loop
      vertex -30 -5.532976129240527 12.14410973838821
      vertex -30 -1.6692728240842538 13.179385918798292
      vertex -30.261052384440102 -1.6858000827772932 13.174957453178394
    endloop
  endfacet
  facet normal -4.718529606675309e-15 -0.2588190451025209 0.9659258262890683
    outer loop
      vertex -29.738947615559898 -5.516448870547488 12.14853820400811
      vertex -29.738947615559898 -1.6858000827772932 13.174957453178394
      vertex -30 -1.6692728240842538 13.179385918798292
    endloop
  endfacet
  facet normal 4.0315913313238556e-15 -0.25881904510252074 0.9659258262890683
    outer loop
      vertex -29.48236190979496 -5.467149880446829 12.161747828593251
      vertex -29.48236190979496 -1.7350990728779516 13.161747828593251
      vertex -29.738947615559898 -1.6858000827772932 13.174957453178394
    endloop
  endfacet
  facet normal 6.433372146235931e-15 -0.2588190451025208 0.9659258262890684
    outer loop
      vertex -28.782477141982557 -5.133765438182397 12.251077920667106
      vertex -28.782477141982557 -2.068483515142383 13.072417736519396
      vertex -29 -1.9280918691867748 13.110035564677279
    endloop
  endfacet
  facet normal -3.193018122187934e-15 -0.2588190451025211 0.9659258262890682
    outer loop
      vertex -28.585786437626904 -4.967149880446829 12.295722424808812
      vertex -28.585786437626904 -2.2350990728779516 13.02777323237769
      vertex -28.782477141982557 -2.068483515142383 13.072417736519396
    endloop
  endfacet
  facet normal -3.0554327791420845e-15 -0.25881904510252074 0.9659258262890682
    outer loop
      vertex -28.26794919243112 -4.567050302951459 12.402928783490731
      vertex -28.26794919243112 -2.6351986503733222 12.920566873695773
      vertex -28.41329331941753 -2.4250877040060654 12.976865932095818
    endloop
  endfacet
  facet normal 1.585924790623405e-15 -0.2588190451025204 0.9659258262890683
    outer loop
      vertex -28.41329331941753 -4.777161249318715 12.346629725090686
      vertex -28.41329331941753 -2.4250877040060654 12.976865932095818
      vertex -28.585786437626904 -2.2350990728779516 13.02777323237769
    endloop
  endfacet
  facet normal 1.2536497555576647e-15 -0.2588190451025207 0.9659258262890683
    outer loop
      vertex -28.152240934977428 -4.3404120978911624 12.463656307510677
      vertex -28.152240934977428 -2.8618368554336184 12.859839349675827
      vertex -28.26794919243112 -2.6351986503733222 12.920566873695773
    endloop
  endfacet
  facet normal 2.4254282627094492e-15 -0.25881904510252046 0.9659258262890683
    outer loop
      vertex -29.23463313526982 -5.385922678327436 12.183512591804583
      vertex -29.23463313526982 -1.8163262749973448 13.13998306538192
      vertex -29.48236190979496 -1.7350990728779516 13.161747828593251
    endloop
  endfacet
  facet normal -8.195614332869982e-15 -0.258819045102521 0.9659258262890682
    outer loop
      vertex -29 -5.274157084138006 12.213460092509225
      vertex -29 -1.9280918691867748 13.110035564677279
      vertex -29.23463313526982 -1.8163262749973448 13.13998306538192
    endloop
  endfacet
  facet normal -0.4422886902189999 0.8663125439411045 0.23212774654197044
    outer loop
      vertex -31 -1.9280918691867748 13.110035564677279
      vertex -30.76536686473018 -1.8163262749973448 13.13998306538192
      vertex -30.76536686473018 -1.1692786625521483 10.72516850082031
    endloop
  endfacet
  facet normal -0.3214394653031607 0.9146642677705746 0.2450835518947297
    outer loop
      vertex -30.76536686473018 -1.8163262749973448 13.13998306538192
      vertex -30.51763809020504 -1.7350990728779516 13.161747828593251
      vertex -30.51763809020504 -1.0880514604336322 10.746933264034915
    endloop
  endfacet
  facet normal -0.19509032201612966 0.9473658323856456 0.25384590972457205
    outer loop
      vertex -30.51763809020504 -1.7350990728779516 13.161747828593251
      vertex -30.261052384440102 -1.6858000827772932 13.174957453178394
      vertex -30.261052384440102 -1.0387524703335058 10.760142888622042
    endloop
  endfacet
  facet normal 0.19509032201612964 0.9473658323856456 0.2538459097245721
    outer loop
      vertex -29.48236190979496 -1.7350990728779516 13.161747828593251
      vertex -29.48236190979496 -1.0880514604336318 10.746933264034913
      vertex -29.738947615559898 -1.6858000827772932 13.174957453178394
    endloop
  endfacet
  facet normal -0.06540312923014206 0.9638577049491681 0.258264893659645
    outer loop
      vertex -30.261052384440102 -1.6858000827772932 13.174957453178394
      vertex -30 -1.6692728240842538 13.179385918798292
      vertex -30 -1.0222252116406445 10.764571354242607
    endloop
  endfacet
  facet normal 0.06540312923014205 0.9638577049491681 0.2582648936596448
    outer loop
      vertex -30 -1.6692728240842538 13.179385918798292
      vertex -29.738947615559898 -1.6858000827772932 13.174957453178394
      vertex -29.738947615559898 -1.0387524703335058 10.760142888622042
    endloop
  endfacet
  facet normal 0.3214394653031607 0.9146642677705747 0.2450835518947297
    outer loop
      vertex -29.48236190979496 -1.7350990728779516 13.161747828593251
      vertex -29.23463313526982 -1.8163262749973448 13.13998306538192
      vertex -29.23463313526982 -1.1692786625521487 10.725168500820311
    endloop
  endfacet
  facet normal 0.5555702330196004 0.8031379722975885 0.2152001710879083
    outer loop
      vertex -28.782477141982557 -2.068483515142383 13.072417736519396
      vertex -28.782477141982557 -1.421435902694466 10.657603171947635
      vertex -29 -1.9280918691867748 13.110035564677279
    endloop
  endfacet
  facet normal 0.4422886902189999 0.8663125439411046 0.2321277465419703
    outer loop
      vertex -29.23463313526982 -1.8163262749973448 13.13998306538192
      vertex -29 -1.9280918691867748 13.110035564677279
      vertex -29 -1.2810442567403726 10.695221000111168
    endloop
  endfacet
  facet normal 5.1749256226768234e-15 -0.2588190451025207 0.9659258262890684
    outer loop
      vertex -28.152240934977428 -4.3404120978911624 12.463656307510677
      vertex -28.068148347421864 -4.10112447666239 12.52777323237769
      vertex -28.152240934977428 -2.8618368554336184 12.859839349675827
    endloop
  endfacet
  facet normal 0.9807852804032289 0.18844278049443652 0.050493090852959596
    outer loop
      vertex -28.017110277252378 -3.3489672365173524 12.729313157455774
      vertex -28.017110277252378 -2.701919624055618 10.314498592832445
      vertex -28.068148347421864 -3.1011244766623904 12.795722424808812
    endloop
  endfacet
  facet normal 0.9469301294951054 0.3104866811248735 0.08319465546802934
    outer loop
      vertex -28.068148347421864 -3.1011244766623904 12.795722424808812
      vertex -28.068148347421864 -2.4540768642033304 10.380907860195462
      vertex -28.152240934977428 -2.8618368554336184 12.859839349675827
    endloop
  endfacet
  facet normal -5.778198498451845e-15 -0.25881904510251974 0.9659258262890685
    outer loop
      vertex -28.068148347421864 -4.10112447666239 12.52777323237769
      vertex -28.017110277252378 -3.8532817168074285 12.594182499730728
      vertex -28.068148347421864 -3.1011244766623904 12.795722424808812
    endloop
  endfacet
  facet normal 0 -0.2588190451025189 0.9659258262890689
    outer loop
      vertex -28.017110277252378 -3.8532817168074285 12.594182499730728
      vertex -28 -3.6011244766623904 12.661747828593251
      vertex -28.017110277252378 -3.3489672365173524 12.729313157455774
    endloop
  endfacet
  facet normal 8.332749395327928e-15 -0.25881904510251885 0.9659258262890688
    outer loop
      vertex -28.017110277252378 -3.8532817168074285 12.594182499730728
      vertex -28.017110277252378 -3.3489672365173524 12.729313157455774
      vertex -28.068148347421864 -3.1011244766623904 12.795722424808812
    endloop
  endfacet
  facet normal 1.9128792268122865e-14 -0.2588190451025198 0.9659258262890685
    outer loop
      vertex -28.068148347421864 -4.10112447666239 12.52777323237769
      vertex -28.068148347421864 -3.1011244766623904 12.795722424808812
      vertex -28.152240934977428 -2.8618368554336184 12.859839349675827
    endloop
  endfacet
  facet normal -0.3214394653031615 -0.9146642677705743 -0.24508355189473047
    outer loop
      vertex 29.23463313526982 -22.772587551530666 7.524769779959209
      vertex 29.23463313526982 -22.125539938859333 5.109955214553656
      vertex 29.48236190979496 -22.85381475365006 7.503005016747878
    endloop
  endfacet
  facet normal -0.19509032201613188 -0.9473658323856452 -0.253845909724572
    outer loop
      vertex 29.48236190979496 -22.85381475365006 7.503005016747878
      vertex 29.48236190979496 -22.206767140977853 5.088190451339054
      vertex 29.738947615559898 -22.90311374375072 7.489795392162737
    endloop
  endfacet
  facet normal -0.06540312923014055 -0.9638577049491681 -0.2582648936596453
    outer loop
      vertex 29.738947615559898 -22.90311374375072 7.489795392162737
      vertex 29.738947615559898 -22.25606613107798 5.074980826751927
      vertex 30 -22.919641002443758 7.485366926542836
    endloop
  endfacet
  facet normal 0.06540312923014055 -0.9638577049491681 -0.258264893659645
    outer loop
      vertex 30 -22.919641002443758 7.485366926542836
      vertex 30.261052384406387 -22.256066131080114 5.074980826751355
      vertex 30.261052384440102 -22.90311374375072 7.489795392162737
    endloop
  endfacet
  facet normal 0.19509032201613188 -0.947365832385645 -0.25384590972457277
    outer loop
      vertex 30.261052384440102 -22.90311374375072 7.489795392162737
      vertex 30.51763809017169 -22.206767140984258 5.088190451337337
      vertex 30.51763809020504 -22.85381475365006 7.503005016747878
    endloop
  endfacet
  facet normal 0.3214394653031615 -0.9146642677705744 -0.2450835518947298
    outer loop
      vertex 30.51763809020504 -22.85381475365006 7.503005016747878
      vertex 30.765366864697647 -22.125539938870002 5.109955214550798
      vertex 30.76536686473018 -22.772587551530666 7.524769779959209
    endloop
  endfacet
  facet normal -0.9469301295015156 -0.31048668110609307 -0.08319465546515768
    outer loop
      vertex 28.068148347421864 -21.487789349865622 7.869030420532317
      vertex 28.06814834741407 -20.840741737170298 5.454215855188648
      vertex 28.15224093496492 -21.08002935839875 5.390098930311392
    endloop
  endfacet
  facet normal -0.9807852804072217 -0.18844278047449345 -0.050493090849833645
    outer loop
      vertex 28.017110277252378 -21.23994659001066 7.935439687885355
      vertex 28.017110277249692 -20.59289897731631 5.520625122552123
      vertex 28.06814834741407 -20.840741737170298 5.454215855188648
    endloop
  endfacet
  facet normal -0.9978589232399796 -0.06317457162266855 -0.016927575450754358
    outer loop
      vertex 28 -20.987789349865622 8.003005016747878
      vertex 28.000000000002757 -20.34074173717293 5.588190451425085
      vertex 28.017110277249692 -20.59289897731631 5.520625122552123
    endloop
  endfacet
  facet normal -0.9469301294951052 -0.3104866811248735 -0.08319465546802944
    outer loop
      vertex 28.152240934977428 -21.727076971094395 7.8049134956653035
      vertex 28.068148347421864 -21.487789349865622 7.869030420532317
      vertex 28.15224093496492 -21.08002935839875 5.390098930311392
    endloop
  endfacet
  facet normal -0.9807852804032289 -0.18844278049443672 -0.050493090852960186
    outer loop
      vertex 28.068148347421864 -21.487789349865622 7.869030420532317
      vertex 28.017110277252378 -21.23994659001066 7.935439687885355
      vertex 28.06814834741407 -20.840741737170298 5.454215855188648
    endloop
  endfacet
  facet normal -0.9978589232386038 -0.06317457164351291 -0.01692757545406074
    outer loop
      vertex 28.017110277252378 -21.23994659001066 7.935439687885355
      vertex 28 -20.987789349865622 8.003005016747878
      vertex 28.017110277249692 -20.59289897731631 5.520625122552123
    endloop
  endfacet
  facet normal -0.9978589232371925 0.06317457166489533 0.01692757545745286
    outer loop
      vertex 28.017110277252378 -20.735632109720584 8.070570345610403
      vertex 28.017110277260816 -20.088584497030265 5.655755780297857
      vertex 28.000000000002757 -20.34074173717293 5.588190451425085
    endloop
  endfacet
  facet normal -0.9807852803989162 0.18844278051597846 0.050493090856336326
    outer loop
      vertex 28.068148347421864 -20.487789349865622 8.13697961296344
      vertex 28.06814834743611 -19.840741737178405 5.722165047660762
      vertex 28.017110277260816 -20.088584497030265 5.655755780297857
    endloop
  endfacet
  facet normal -0.9469301294951045 0.310486681124876 0.08319465546803011
    outer loop
      vertex 28.152240934977428 -20.24850172863685 8.201096537830454
      vertex 28.152240934977428 -19.601454115992755 5.78628197252655
      vertex 28.06814834743611 -19.840741737178405 5.722165047660762
    endloop
  endfacet
  facet normal -0.4422886902189914 -0.8663125439411083 -0.2321277465419723
    outer loop
      vertex 29.23463313526982 -22.772587551530666 7.524769779959209
      vertex 29 -22.013774344671113 5.139902715262799
      vertex 29.23463313526982 -22.125539938859333 5.109955214553656
    endloop
  endfacet
  facet normal -0.5555702330195988 -0.8031379722975894 -0.21520017108790868
    outer loop
      vertex 29 -22.660821957341238 7.554717280663851
      vertex 28.782477141982557 -21.87338269871702 5.1775205434263345
      vertex 29 -22.013774344671113 5.139902715262799
    endloop
  endfacet
  facet normal -0.3214394653031691 -0.9146642677705719 -0.24508355189472894
    outer loop
      vertex 29.48236190979496 -22.85381475365006 7.503005016747878
      vertex 29.23463313526982 -22.125539938859333 5.109955214553656
      vertex 29.48236190979496 -22.206767140977853 5.088190451339054
    endloop
  endfacet
  facet normal -0.19509032201612933 -0.9473658323856455 -0.25384590972457244
    outer loop
      vertex 29.738947615559898 -22.90311374375072 7.489795392162737
      vertex 29.48236190979496 -22.206767140977853 5.088190451339054
      vertex 29.738947615559898 -22.25606613107798 5.074980826751927
    endloop
  endfacet
  facet normal -0.06540312923014366 -0.9638577049491679 -0.2582648936596449
    outer loop
      vertex 30 -22.919641002443758 7.485366926542836
      vertex 29.738947615559898 -22.25606613107798 5.074980826751927
      vertex 30 -22.27259338977084 5.0705523611313605
    endloop
  endfacet
  facet normal 0.06540312923014141 -0.9638577049491682 -0.258264893659645
    outer loop
      vertex 30 -22.919641002443758 7.485366926542836
      vertex 30 -22.27259338977084 5.0705523611313605
      vertex 30.261052384406387 -22.256066131080114 5.074980826751355
    endloop
  endfacet
  facet normal 0.19509032199960524 -0.9473658323883639 -0.25384590972712684
    outer loop
      vertex 30.261052384440102 -22.90311374375072 7.489795392162737
      vertex 30.261052384406387 -22.256066131080114 5.074980826751355
      vertex 30.51763809017169 -22.206767140984258 5.088190451337337
    endloop
  endfacet
  facet normal 0.3214394652870915 -0.9146642677753838 -0.24508355189785697
    outer loop
      vertex 30.51763809020504 -22.85381475365006 7.503005016747878
      vertex 30.51763809017169 -22.206767140984258 5.088190451337337
      vertex 30.765366864697647 -22.125539938870002 5.109955214550798
    endloop
  endfacet
  facet normal 0.44228869020362277 -0.8663125439479651 -0.23212774654566595
    outer loop
      vertex 30.76536686473018 -22.772587551530666 7.524769779959209
      vertex 30.765366864697647 -22.125539938870002 5.109955214550798
      vertex 30.99999999996875 -22.013774344686 5.139902715258811
    endloop
  endfacet
  facet normal 0.5555702330051413 -0.8031379723064497 -0.21520017109216596
    outer loop
      vertex 31 -22.660821957341238 7.554717280663851
      vertex 30.99999999996875 -22.013774344686 5.139902715258811
      vertex 31.217522857987962 -21.873382698736048 5.1775205434212355
    endloop
  endfacet
  facet normal -0.6593458151000765 -0.7262214872761389 -0.19459046104176986
    outer loop
      vertex 28.782477141982557 -22.520430311385628 7.592335108821732
      vertex 28.585786437626904 -21.706767140983246 5.222165047574751
      vertex 28.782477141982557 -21.87338269871702 5.1775205434263345
    endloop
  endfacet
  facet normal -0.7518398074911534 -0.6368791512468619 -0.17065125425481656
    outer loop
      vertex 28.41329331941753 -22.163826122521947 7.687886913245312
      vertex 28.413293319396967 -21.516778509827457 5.273072347872239
      vertex 28.585786437626904 -21.706767140983246 5.222165047574751
    endloop
  endfacet
  facet normal -0.8314696123130516 -0.5366396363753692 -0.14379215719536076
    outer loop
      vertex 28.26794919243112 -21.953715176154688 7.744185971645358
      vertex 28.267949192414346 -21.30666756345934 5.329371406281585
      vertex 28.413293319396967 -21.516778509827457 5.273072347872239
    endloop
  endfacet
  facet normal -0.8968727415412816 -0.427218068540741 -0.11447273645957917
    outer loop
      vertex 28.152240934977428 -21.727076971094395 7.8049134956653035
      vertex 28.15224093496492 -21.08002935839875 5.390098930311392
      vertex 28.267949192414346 -21.30666756345934 5.329371406281585
    endloop
  endfacet
  facet normal -0.6593458151000688 -0.7262214872761451 -0.1945904610417726
    outer loop
      vertex 28.782477141982557 -22.520430311385628 7.592335108821732
      vertex 28.585786437626904 -22.35381475365006 7.636979612963439
      vertex 28.585786437626904 -21.706767140983246 5.222165047574751
    endloop
  endfacet
  facet normal -0.7518398074789786 -0.636879151260772 -0.17065125425654326
    outer loop
      vertex 28.585786437626904 -22.35381475365006 7.636979612963439
      vertex 28.41329331941753 -22.163826122521947 7.687886913245312
      vertex 28.585786437626904 -21.706767140983246 5.222165047574751
    endloop
  endfacet
  facet normal -0.5555702330196037 -0.8031379722975865 -0.21520017108790723
    outer loop
      vertex 28.782477141982557 -22.520430311385628 7.592335108821732
      vertex 28.782477141982557 -21.87338269871702 5.1775205434263345
      vertex 29 -22.660821957341238 7.554717280663851
    endloop
  endfacet
  facet normal -0.44228869021899675 -0.8663125439411059 -0.23212774654197105
    outer loop
      vertex 29.23463313526982 -22.772587551530666 7.524769779959209
      vertex 29 -22.660821957341238 7.554717280663851
      vertex 29 -22.013774344671113 5.139902715262799
    endloop
  endfacet
  facet normal -0.8314696123025446 -0.5366396363910703 -0.143792157197519
    outer loop
      vertex 28.41329331941753 -22.163826122521947 7.687886913245312
      vertex 28.26794919243112 -21.953715176154688 7.744185971645358
      vertex 28.413293319396967 -21.516778509827457 5.273072347872239
    endloop
  endfacet
  facet normal -0.8968727415326904 -0.4272180685580946 -0.11447273646212468
    outer loop
      vertex 28.26794919243112 -21.953715176154688 7.744185971645358
      vertex 28.152240934977428 -21.727076971094395 7.8049134956653035
      vertex 28.267949192414346 -21.30666756345934 5.329371406281585
    endloop
  endfacet
  facet normal 0.44228869021899675 -0.8663125439411061 -0.23212774654197096
    outer loop
      vertex 30.76536686473018 -22.772587551530666 7.524769779959209
      vertex 30.99999999996875 -22.013774344686 5.139902715258811
      vertex 31 -22.660821957341238 7.554717280663851
    endloop
  endfacet
  facet normal -0.896872741532694 0.4272180685580875 0.11447273646212366
    outer loop
      vertex 28.152240934977428 -20.24850172863685 8.201096537830454
      vertex 28.26794919243112 -19.374815910934903 5.847009496555622
      vertex 28.152240934977428 -19.601454115992755 5.78628197252655
    endloop
  endfacet
  facet normal -0.831469612302541 0.5366396363910755 0.14379215719752042
    outer loop
      vertex 28.26794919243112 -20.021863523576553 8.2618240618504
      vertex 28.41329331941753 -19.164704964569914 5.903308554964129
      vertex 28.26794919243112 -19.374815910934903 5.847009496555622
    endloop
  endfacet
  facet normal -0.7518398074789788 0.6368791512607717 0.1706512542565433
    outer loop
      vertex 28.41329331941753 -19.811752577209297 8.318123120250444
      vertex 28.585786437626904 -18.97471633344385 5.954215855253652
      vertex 28.41329331941753 -19.164704964569914 5.903308554964129
    endloop
  endfacet
  facet normal -0.65934581510007 0.7262214872761444 0.19459046104177147
    outer loop
      vertex 28.585786437626904 -19.62176394608118 8.369030420532317
      vertex 28.782477141982557 -18.80810077571008 5.99886035940207
      vertex 28.585786437626904 -18.97471633344385 5.954215855253652
    endloop
  endfacet
  facet normal -0.5555702330195974 0.8031379722975904 0.2152001710879087
    outer loop
      vertex 28.782477141982557 -19.455148388345613 8.413674924674023
      vertex 29 -18.667709129755988 6.036478187565604
      vertex 28.782477141982557 -18.80810077571008 5.99886035940207
    endloop
  endfacet
  facet normal -0.4422886902190019 0.8663125439411035 0.23212774654197052
    outer loop
      vertex 29 -19.314756742390006 8.451292752831904
      vertex 29.23463313526982 -18.555943535567764 6.066425688274747
      vertex 29 -18.667709129755988 6.036478187565604
    endloop
  endfacet
  facet normal 0.4422886902190019 0.8663125439411038 0.2321277465419698
    outer loop
      vertex 30.76536686473018 -19.202991148200574 8.481240253536548
      vertex 31 -18.667709129755988 6.036478187565604
      vertex 30.76536686473018 -18.555943535567764 6.066425688274747
    endloop
  endfacet
  facet normal 0.6593458150867796 -0.7262214872869237 -0.1945904610465756
    outer loop
      vertex 31.217522858017443 -22.520430311385628 7.592335108821732
      vertex 31.217522857987962 -21.873382698736048 5.1775205434212355
      vertex 31.414213562373096 -21.706767140983246 5.222165047574751
    endloop
  endfacet
  facet normal 0.751839807478979 -0.6368791512607712 -0.17065125425654318
    outer loop
      vertex 31.58670668058247 -22.163826122521947 7.687886913245312
      vertex 31.414213562373096 -21.706767140983246 5.222165047574751
      vertex 31.58670668058247 -21.516778509857183 5.273072347864275
    endloop
  endfacet
  facet normal 0.8314696123025411 -0.5366396363910756 -0.14379215719751992
    outer loop
      vertex 31.73205080756888 -21.953715176154688 7.744185971645358
      vertex 31.58670668058247 -21.516778509857183 5.273072347864275
      vertex 31.73205080756888 -21.306667563492194 5.329371406272782
    endloop
  endfacet
  facet normal 0.8968727415326913 -0.42721806855809297 -0.11447273646212511
    outer loop
      vertex 31.847759065022572 -21.727076971094395 7.8049134956653035
      vertex 31.73205080756888 -21.306667563492194 5.329371406272782
      vertex 31.847759065022572 -21.080029358434345 5.390098930301853
    endloop
  endfacet
  facet normal 0.9469301294951052 -0.31048668112487404 -0.08319465546802951
    outer loop
      vertex 31.931851652578136 -21.487789349865622 7.869030420532317
      vertex 31.847759065022572 -21.080029358434345 5.390098930301853
      vertex 31.931851652578136 -20.840741737208155 5.4542158551785045
    endloop
  endfacet
  facet normal 0.9807852804032293 -0.18844278049443502 -0.050493090852959395
    outer loop
      vertex 31.982889722747622 -21.23994659001066 7.935439687885355
      vertex 31.931851652578136 -20.840741737208155 5.4542158551785045
      vertex 31.982889722747622 -20.592898977355865 5.520625122541523
    endloop
  endfacet
  facet normal 0.9978589232386038 -0.06317457164351274 -0.016927575454061414
    outer loop
      vertex 32 -20.987789349865622 8.003005016747878
      vertex 31.982889722747622 -20.592898977355865 5.520625122541523
      vertex 32 -20.34074173721355 5.588190451414202
    endloop
  endfacet
  facet normal 0.5555702330196036 -0.8031379722975865 -0.21520017108790673
    outer loop
      vertex 31 -22.660821957341238 7.554717280663851
      vertex 31.217522857987962 -21.873382698736048 5.1775205434212355
      vertex 31.217522858017443 -22.520430311385628 7.592335108821732
    endloop
  endfacet
  facet normal 0.6593458151000688 -0.7262214872761451 -0.1945904610417726
    outer loop
      vertex 31.217522858017443 -22.520430311385628 7.592335108821732
      vertex 31.414213562373096 -21.706767140983246 5.222165047574751
      vertex 31.414213562373096 -22.35381475365006 7.636979612963439
    endloop
  endfacet
  facet normal 0.7518398074789786 -0.636879151260772 -0.17065125425654326
    outer loop
      vertex 31.414213562373096 -22.35381475365006 7.636979612963439
      vertex 31.414213562373096 -21.706767140983246 5.222165047574751
      vertex 31.58670668058247 -22.163826122521947 7.687886913245312
    endloop
  endfacet
  facet normal 0.8314696123025446 -0.5366396363910702 -0.14379215719751914
    outer loop
      vertex 31.58670668058247 -22.163826122521947 7.687886913245312
      vertex 31.58670668058247 -21.516778509857183 5.273072347864275
      vertex 31.73205080756888 -21.953715176154688 7.744185971645358
    endloop
  endfacet
  facet normal 0.8968727415326904 -0.42721806855809435 -0.11447273646212529
    outer loop
      vertex 31.73205080756888 -21.953715176154688 7.744185971645358
      vertex 31.73205080756888 -21.306667563492194 5.329371406272782
      vertex 31.847759065022572 -21.727076971094395 7.8049134956653035
    endloop
  endfacet
  facet normal 0.9469301294951054 -0.3104866811248735 -0.08319465546802944
    outer loop
      vertex 31.847759065022572 -21.727076971094395 7.8049134956653035
      vertex 31.847759065022572 -21.080029358434345 5.390098930301853
      vertex 31.931851652578136 -21.487789349865622 7.869030420532317
    endloop
  endfacet
  facet normal 0.9807852804032289 -0.18844278049443683 -0.05049309085295967
    outer loop
      vertex 31.931851652578136 -21.487789349865622 7.869030420532317
      vertex 31.931851652578136 -20.840741737208155 5.4542158551785045
      vertex 31.982889722747622 -21.23994659001066 7.935439687885355
    endloop
  endfacet
  facet normal 0.9978589232386038 -0.06317457164351273 -0.01692757545406141
    outer loop
      vertex 31.982889722747622 -21.23994659001066 7.935439687885355
      vertex 31.982889722747622 -20.592898977355865 5.520625122541523
      vertex 32 -20.987789349865622 8.003005016747878
    endloop
  endfacet
  facet normal 0.9978589232386038 0.06317457164351285 0.01692757545406142
    outer loop
      vertex 31.982889722747622 -20.735632109720584 8.070570345610403
      vertex 32 -20.34074173721355 5.588190451414202
      vertex 31.982889722747622 -20.08858449707123 5.65575578028688
    endloop
  endfacet
  facet normal 0.9807852804032288 0.18844278049443725 0.05049309085295987
    outer loop
      vertex 31.931851652578136 -20.487789349865622 8.13697961296344
      vertex 31.982889722747622 -20.08858449707123 5.65575578028688
      vertex 31.931851652578136 -19.840741737218945 5.722165047649899
    endloop
  endfacet
  facet normal 0.9469301294951052 0.31048668112487404 0.0831946554680296
    outer loop
      vertex 31.847759065022572 -20.24850172863685 8.201096537830454
      vertex 31.931851652578136 -19.840741737218945 5.722165047649899
      vertex 31.847759065022572 -19.601454115992755 5.78628197252655
    endloop
  endfacet
  facet normal 0.831469612302541 0.5366396363910754 0.14379215719752053
    outer loop
      vertex 31.58670668058247 -19.811752577209297 8.318123120250444
      vertex 31.73205080756888 -19.374815910934903 5.847009496555622
      vertex 31.58670668058247 -19.164704964569914 5.903308554964129
    endloop
  endfacet
  facet normal 0.7518398074789783 0.6368791512607724 0.17065125425654254
    outer loop
      vertex 31.414213562373096 -19.62176394608118 8.369030420532317
      vertex 31.58670668058247 -19.164704964569914 5.903308554964129
      vertex 31.414213562373096 -18.97471633344385 5.9542158552536515
    endloop
  endfacet
  facet normal 0.6593458151000773 0.7262214872761378 0.19459046104177094
    outer loop
      vertex 31.217522858017443 -19.455148388345613 8.413674924674023
      vertex 31.414213562373096 -18.97471633344385 5.9542158552536515
      vertex 31.217522858017443 -18.808100775710077 5.9988603594020695
    endloop
  endfacet
  facet normal 0.5555702330195891 0.8031379722975958 0.2152001710879105
    outer loop
      vertex 31 -19.314756742390006 8.451292752831904
      vertex 31.217522858017443 -18.808100775710077 5.9988603594020695
      vertex 31 -18.667709129755988 6.036478187565604
    endloop
  endfacet
  facet normal 0.8968727415326939 0.4272180685580876 0.11447273646212391
    outer loop
      vertex 31.73205080756888 -20.021863523576553 8.2618240618504
      vertex 31.847759065022572 -19.601454115992755 5.78628197252655
      vertex 31.73205080756888 -19.374815910934903 5.847009496555622
    endloop
  endfacet
  facet normal -0.32143946530315803 0.9146642677705756 0.2450835518947294
    outer loop
      vertex 29.23463313526982 -19.202991148200574 8.481240253536548
      vertex 29.48236190979496 -18.474716333449248 6.08819045148935
      vertex 29.23463313526982 -18.555943535567764 6.066425688274747
    endloop
  endfacet
  facet normal -0.19509032201612925 0.947365832385646 0.25384590972457144
    outer loop
      vertex 29.48236190979496 -19.12176394608118 8.503005016747878
      vertex 29.738947615559898 -18.42541734334912 6.101400076076477
      vertex 29.48236190979496 -18.474716333449248 6.08819045148935
    endloop
  endfacet
  facet normal -0.06540312923014198 0.963857704949168 0.2582648936596453
    outer loop
      vertex 29.738947615559898 -19.072464955980525 8.516214641333018
      vertex 30 -18.40889008465626 6.105828541697042
      vertex 29.738947615559898 -18.42541734334912 6.101400076076477
    endloop
  endfacet
  facet normal 0.06540312923014201 0.9638577049491684 0.25826489365964417
    outer loop
      vertex 30 -19.055937697287483 8.52064310695292
      vertex 30.261052384440102 -18.42541734334912 6.101400076076477
      vertex 30 -18.40889008465626 6.105828541697042
    endloop
  endfacet
  facet normal 0.19509032201612905 0.9473658323856456 0.2538459097245725
    outer loop
      vertex 30.261052384440102 -19.072464955980525 8.516214641333018
      vertex 30.51763809020504 -18.474716333449248 6.08819045148935
      vertex 30.261052384440102 -18.42541734334912 6.101400076076477
    endloop
  endfacet
  facet normal 0.32143946530315815 0.9146642677705757 0.24508355189472925
    outer loop
      vertex 30.51763809020504 -19.12176394608118 8.503005016747878
      vertex 30.76536686473018 -18.555943535567764 6.066425688274747
      vertex 30.51763809020504 -18.474716333449248 6.08819045148935
    endloop
  endfacet
  facet normal -0.9978589232386038 0.0631745716435127 0.016927575454061095
    outer loop
      vertex 28 -20.987789349865622 8.003005016747878
      vertex 28.017110277252378 -20.735632109720584 8.070570345610403
      vertex 28.000000000002757 -20.34074173717293 5.588190451425085
    endloop
  endfacet
  facet normal -6.854483896077354e-15 -0.25881904510252124 0.9659258262890681
    outer loop
      vertex 28.152240934977428 -21.727076971094395 7.8049134956653035
      vertex 28.068148347421864 -20.487789349865622 8.13697961296344
      vertex 28.068148347421864 -21.487789349865622 7.869030420532317
    endloop
  endfacet
  facet normal -3.9059762790599566e-15 -0.2588190451025216 0.9659258262890681
    outer loop
      vertex 28.068148347421864 -21.487789349865622 7.869030420532317
      vertex 28.017110277252378 -20.735632109720584 8.070570345610403
      vertex 28.017110277252378 -21.23994659001066 7.935439687885355
    endloop
  endfacet
  facet normal -5.0488084833788925e-14 -0.2588190451025216 0.965925826289068
    outer loop
      vertex 28.017110277252378 -21.23994659001066 7.935439687885355
      vertex 28.017110277252378 -20.735632109720584 8.070570345610403
      vertex 28 -20.987789349865622 8.003005016747878
    endloop
  endfacet
  facet normal 2.1011630903461236e-15 -0.25881904510252124 0.9659258262890681
    outer loop
      vertex 28.068148347421864 -21.487789349865622 7.869030420532317
      vertex 28.068148347421864 -20.487789349865622 8.13697961296344
      vertex 28.017110277252378 -20.735632109720584 8.070570345610403
    endloop
  endfacet
  facet normal 4.7436818207870854e-15 -0.2588190451025205 0.9659258262890684
    outer loop
      vertex 28.152240934977428 -21.727076971094395 7.8049134956653035
      vertex 28.152240934977428 -20.24850172863685 8.201096537830454
      vertex 28.068148347421864 -20.487789349865622 8.13697961296344
    endloop
  endfacet
  facet normal -0.9807852804032288 0.18844278049443697 0.050493090852959215
    outer loop
      vertex 28.017110277252378 -20.735632109720584 8.070570345610403
      vertex 28.068148347421864 -20.487789349865622 8.13697961296344
      vertex 28.017110277260816 -20.088584497030265 5.655755780297857
    endloop
  endfacet
  facet normal -0.9469301294951052 0.3104866811248735 0.08319465546802972
    outer loop
      vertex 28.068148347421864 -20.487789349865622 8.13697961296344
      vertex 28.152240934977428 -20.24850172863685 8.201096537830454
      vertex 28.06814834743611 -19.840741737178405 5.722165047660762
    endloop
  endfacet
  facet normal 9.732292020283103e-16 -0.2588190451025205 0.9659258262890684
    outer loop
      vertex 29.23463313526982 -22.772587551530666 7.524769779959209
      vertex 29 -19.314756742390006 8.451292752831904
      vertex 29 -22.660821957341238 7.554717280663851
    endloop
  endfacet
  facet normal 2.1070908032288333e-15 -0.25881904510252085 0.9659258262890682
    outer loop
      vertex 29.23463313526982 -22.772587551530666 7.524769779959209
      vertex 29.48236190979496 -22.85381475365006 7.503005016747878
      vertex 29.23463313526982 -19.202991148200574 8.481240253536548
    endloop
  endfacet
  facet normal -7.161170576114263e-16 -0.2588190451025208 0.9659258262890682
    outer loop
      vertex 28.41329331941753 -22.163826122521947 7.687886913245312
      vertex 28.26794919243112 -20.021863523576553 8.2618240618504
      vertex 28.26794919243112 -21.953715176154688 7.744185971645358
    endloop
  endfacet
  facet normal 2.2467267867164906e-15 -0.2588190451025208 0.9659258262890682
    outer loop
      vertex 28.585786437626904 -22.35381475365006 7.636979612963439
      vertex 28.41329331941753 -19.811752577209297 8.318123120250444
      vertex 28.41329331941753 -22.163826122521947 7.687886913245312
    endloop
  endfacet
  facet normal 1.845963601889899e-15 -0.2588190451025208 0.9659258262890682
    outer loop
      vertex 28.782477141982557 -22.520430311385628 7.592335108821732
      vertex 28.585786437626904 -19.62176394608118 8.369030420532317
      vertex 28.585786437626904 -22.35381475365006 7.636979612963439
    endloop
  endfacet
  facet normal 7.208486094456568e-15 -0.2588190451025205 0.9659258262890683
    outer loop
      vertex 28.26794919243112 -21.953715176154688 7.744185971645358
      vertex 28.152240934977428 -20.24850172863685 8.201096537830454
      vertex 28.152240934977428 -21.727076971094395 7.8049134956653035
    endloop
  endfacet
  facet normal -3.779606135913608e-15 -0.2588190451025207 0.9659258262890682
    outer loop
      vertex 28.782477141982557 -22.520430311385628 7.592335108821732
      vertex 29 -22.660821957341238 7.554717280663851
      vertex 28.782477141982557 -19.455148388345613 8.413674924674023
    endloop
  endfacet
  facet normal 1.439252974321389e-15 -0.2588190451025209 0.9659258262890683
    outer loop
      vertex 28.26794919243112 -21.953715176154688 7.744185971645358
      vertex 28.26794919243112 -20.021863523576553 8.2618240618504
      vertex 28.152240934977428 -20.24850172863685 8.201096537830454
    endloop
  endfacet
  facet normal 0 -0.25881904510252085 0.9659258262890684
    outer loop
      vertex 28.41329331941753 -22.163826122521947 7.687886913245312
      vertex 28.41329331941753 -19.811752577209297 8.318123120250444
      vertex 28.26794919243112 -20.021863523576553 8.2618240618504
    endloop
  endfacet
  facet normal -3.3246629902410263e-15 -0.2588190451025207 0.9659258262890683
    outer loop
      vertex 29.48236190979496 -22.85381475365006 7.503005016747878
      vertex 29.738947615559898 -22.90311374375072 7.489795392162737
      vertex 29.48236190979496 -19.12176394608118 8.503005016747878
    endloop
  endfacet
  facet normal 3.0328617145178666e-15 -0.25881904510252046 0.9659258262890683
    outer loop
      vertex 29.738947615559898 -22.90311374375072 7.489795392162737
      vertex 30 -22.919641002443758 7.485366926542836
      vertex 29.738947615559898 -19.072464955980525 8.516214641333018
    endloop
  endfacet
  facet normal -3.020205394876836e-15 -0.2588190451025207 0.9659258262890684
    outer loop
      vertex 30 -22.919641002443758 7.485366926542836
      vertex 30.261052384440102 -22.90311374375072 7.489795392162737
      vertex 30 -19.055937697287483 8.52064310695292
    endloop
  endfacet
  facet normal 3.2868226375416826e-15 -0.2588190451025205 0.9659258262890684
    outer loop
      vertex 30.261052384440102 -22.90311374375072 7.489795392162737
      vertex 30.51763809020504 -22.85381475365006 7.503005016747878
      vertex 30.261052384440102 -19.072464955980525 8.516214641333018
    endloop
  endfacet
  facet normal -2.1603607958760838e-15 -0.2588190451025207 0.9659258262890683
    outer loop
      vertex 30.51763809020504 -22.85381475365006 7.503005016747878
      vertex 30.76536686473018 -22.772587551530666 7.524769779959209
      vertex 30.51763809020504 -19.12176394608118 8.503005016747878
    endloop
  endfacet
  facet normal -8.002497847979423e-16 -0.25881904510252085 0.9659258262890682
    outer loop
      vertex 30.76536686473018 -22.772587551530666 7.524769779959209
      vertex 31 -22.660821957341238 7.554717280663851
      vertex 30.76536686473018 -19.202991148200574 8.481240253536548
    endloop
  endfacet
  facet normal -0.896872741532693 0.4272180685580892 0.11447273646212436
    outer loop
      vertex 28.152240934977428 -20.24850172863685 8.201096537830454
      vertex 28.26794919243112 -20.021863523576553 8.2618240618504
      vertex 28.26794919243112 -19.374815910934903 5.847009496555622
    endloop
  endfacet
  facet normal -0.8314696123025404 0.5366396363910765 0.14379215719752086
    outer loop
      vertex 28.26794919243112 -20.021863523576553 8.2618240618504
      vertex 28.41329331941753 -19.811752577209297 8.318123120250444
      vertex 28.41329331941753 -19.164704964569914 5.903308554964129
    endloop
  endfacet
  facet normal -0.7518398074789842 0.6368791512607658 0.17065125425654082
    outer loop
      vertex 28.41329331941753 -19.811752577209297 8.318123120250444
      vertex 28.585786437626904 -19.62176394608118 8.369030420532317
      vertex 28.585786437626904 -18.97471633344385 5.954215855253652
    endloop
  endfacet
  facet normal -0.6593458151000683 0.7262214872761457 0.19459046104177205
    outer loop
      vertex 28.585786437626904 -19.62176394608118 8.369030420532317
      vertex 28.782477141982557 -19.455148388345613 8.413674924674023
      vertex 28.782477141982557 -18.80810077571008 5.99886035940207
    endloop
  endfacet
  facet normal -0.5555702330195946 0.8031379722975921 0.21520017108790948
    outer loop
      vertex 28.782477141982557 -19.455148388345613 8.413674924674023
      vertex 29 -19.314756742390006 8.451292752831904
      vertex 29 -18.667709129755988 6.036478187565604
    endloop
  endfacet
  facet normal -0.44228869021900874 0.8663125439411006 0.23212774654196894
    outer loop
      vertex 29 -19.314756742390006 8.451292752831904
      vertex 29.23463313526982 -19.202991148200574 8.481240253536548
      vertex 29.23463313526982 -18.555943535567764 6.066425688274747
    endloop
  endfacet
  facet normal -0.32143946530315987 0.9146642677705751 0.24508355189472905
    outer loop
      vertex 29.23463313526982 -19.202991148200574 8.481240253536548
      vertex 29.48236190979496 -19.12176394608118 8.503005016747878
      vertex 29.48236190979496 -18.474716333449248 6.08819045148935
    endloop
  endfacet
  facet normal -0.19509032201611928 0.9473658323856475 0.253845909724573
    outer loop
      vertex 29.48236190979496 -19.12176394608118 8.503005016747878
      vertex 29.738947615559898 -19.072464955980525 8.516214641333018
      vertex 29.738947615559898 -18.42541734334912 6.101400076076477
    endloop
  endfacet
  facet normal -0.06540312923015361 0.9638577049491676 0.25826489365964395
    outer loop
      vertex 29.738947615559898 -19.072464955980525 8.516214641333018
      vertex 30 -19.055937697287483 8.52064310695292
      vertex 30 -18.40889008465626 6.105828541697042
    endloop
  endfacet
  facet normal 0.06540312923015362 0.9638577049491673 0.2582648936596451
    outer loop
      vertex 30 -19.055937697287483 8.52064310695292
      vertex 30.261052384440102 -19.072464955980525 8.516214641333018
      vertex 30.261052384440102 -18.42541734334912 6.101400076076477
    endloop
  endfacet
  facet normal 0.19509032201611928 0.9473658323856479 0.253845909724572
    outer loop
      vertex 30.261052384440102 -19.072464955980525 8.516214641333018
      vertex 30.51763809020504 -19.12176394608118 8.503005016747878
      vertex 30.51763809020504 -18.474716333449248 6.08819045148935
    endloop
  endfacet
  facet normal 0.4422886902190087 0.8663125439411002 0.23212774654196966
    outer loop
      vertex 30.76536686473018 -19.202991148200574 8.481240253536548
      vertex 31 -19.314756742390006 8.451292752831904
      vertex 31 -18.667709129755988 6.036478187565604
    endloop
  endfacet
  facet normal 0.32143946530315987 0.914664267770575 0.24508355189472925
    outer loop
      vertex 30.76536686473018 -19.202991148200574 8.481240253536548
      vertex 30.76536686473018 -18.555943535567764 6.066425688274747
      vertex 30.51763809020504 -19.12176394608118 8.503005016747878
    endloop
  endfacet
  facet normal 3.1858219402833945e-15 -0.25881904510252074 0.9659258262890683
    outer loop
      vertex 28.585786437626904 -22.35381475365006 7.636979612963439
      vertex 28.585786437626904 -19.62176394608118 8.369030420532317
      vertex 28.41329331941753 -19.811752577209297 8.318123120250444
    endloop
  endfacet
  facet normal 2.8459006245839952e-15 -0.2588190451025207 0.9659258262890682
    outer loop
      vertex 28.782477141982557 -22.520430311385628 7.592335108821732
      vertex 28.782477141982557 -19.455148388345613 8.413674924674023
      vertex 28.585786437626904 -19.62176394608118 8.369030420532317
    endloop
  endfacet
  facet normal -5.893519126863031e-16 -0.2588190451025205 0.9659258262890684
    outer loop
      vertex 29 -22.660821957341238 7.554717280663851
      vertex 29 -19.314756742390006 8.451292752831904
      vertex 28.782477141982557 -19.455148388345613 8.413674924674023
    endloop
  endfacet
  facet normal -4.097278898165464e-15 -0.25881904510252085 0.9659258262890682
    outer loop
      vertex 29.23463313526982 -22.772587551530666 7.524769779959209
      vertex 29.23463313526982 -19.202991148200574 8.481240253536548
      vertex 29 -19.314756742390006 8.451292752831904
    endloop
  endfacet
  facet normal 4.6397010381231325e-15 -0.2588190451025207 0.9659258262890683
    outer loop
      vertex 29.48236190979496 -22.85381475365006 7.503005016747878
      vertex 29.48236190979496 -19.12176394608118 8.503005016747878
      vertex 29.23463313526982 -19.202991148200574 8.481240253536548
    endloop
  endfacet
  facet normal -4.364245825781487e-16 -0.2588190451025205 0.9659258262890684
    outer loop
      vertex 29.738947615559898 -22.90311374375072 7.489795392162737
      vertex 29.738947615559898 -19.072464955980525 8.516214641333018
      vertex 29.48236190979496 -19.12176394608118 8.503005016747878
    endloop
  endfacet
  facet normal 4.2528744834349285e-16 -0.2588190451025207 0.9659258262890684
    outer loop
      vertex 30 -22.919641002443758 7.485366926542836
      vertex 30 -19.055937697287483 8.52064310695292
      vertex 29.738947615559898 -19.072464955980525 8.516214641333018
    endloop
  endfacet
  facet normal -8.579144739409655e-16 -0.25881904510252046 0.9659258262890683
    outer loop
      vertex 30.261052384440102 -22.90311374375072 7.489795392162737
      vertex 30.261052384440102 -19.072464955980525 8.516214641333018
      vertex 30 -19.055937697287483 8.52064310695292
    endloop
  endfacet
  facet normal 4.479545923693173e-16 -0.2588190451025207 0.9659258262890683
    outer loop
      vertex 30.51763809020504 -22.85381475365006 7.503005016747878
      vertex 30.51763809020504 -19.12176394608118 8.503005016747878
      vertex 30.261052384440102 -19.072464955980525 8.516214641333018
    endloop
  endfacet
  facet normal 4.37099431086399e-15 -0.2588190451025205 0.9659258262890684
    outer loop
      vertex 31 -22.660821957341238 7.554717280663851
      vertex 31 -19.314756742390006 8.451292752831904
      vertex 30.76536686473018 -19.202991148200574 8.481240253536548
    endloop
  endfacet
  facet normal -4.850856525418897e-15 -0.25881904510252085 0.9659258262890682
    outer loop
      vertex 30.76536686473018 -22.772587551530666 7.524769779959209
      vertex 30.76536686473018 -19.202991148200574 8.481240253536548
      vertex 30.51763809020504 -19.12176394608118 8.503005016747878
    endloop
  endfacet
  facet normal 0.9978589232386038 0.06317457164351263 0.016927575454061383
    outer loop
      vertex 32 -20.987789349865622 8.003005016747878
      vertex 32 -20.34074173721355 5.588190451414202
      vertex 31.982889722747622 -20.735632109720584 8.070570345610403
    endloop
  endfacet
  facet normal 3.6466149597465e-15 -0.2588190451025205 0.9659258262890684
    outer loop
      vertex 31 -22.660821957341238 7.554717280663851
      vertex 31.217522858017443 -22.520430311385628 7.592335108821732
      vertex 31 -19.314756742390006 8.451292752831904
    endloop
  endfacet
  facet normal -1.8676222848832468e-15 -0.2588190451025207 0.9659258262890682
    outer loop
      vertex 31.217522858017443 -22.520430311385628 7.592335108821732
      vertex 31.414213562373096 -22.35381475365006 7.636979612963439
      vertex 31.217522858017443 -19.455148388345613 8.413674924674023
    endloop
  endfacet
  facet normal -2.332476777707485e-15 -0.25881904510252074 0.9659258262890683
    outer loop
      vertex 31.414213562373096 -22.35381475365006 7.636979612963439
      vertex 31.58670668058247 -22.163826122521947 7.687886913245312
      vertex 31.414213562373096 -19.62176394608118 8.369030420532317
    endloop
  endfacet
  facet normal 6.273871490424035e-16 -0.25881904510252085 0.9659258262890684
    outer loop
      vertex 31.58670668058247 -22.163826122521947 7.687886913245312
      vertex 31.73205080756888 -21.953715176154688 7.744185971645358
      vertex 31.58670668058247 -19.811752577209297 8.318123120250444
    endloop
  endfacet
  facet normal -6.356700636586135e-15 -0.2588190451025209 0.9659258262890683
    outer loop
      vertex 31.73205080756888 -21.953715176154688 7.744185971645358
      vertex 31.847759065022572 -21.727076971094395 7.8049134956653035
      vertex 31.73205080756888 -20.021863523576553 8.2618240618504
    endloop
  endfacet
  facet normal 4.7436818207870854e-15 -0.2588190451025205 0.9659258262890684
    outer loop
      vertex 31.847759065022572 -21.727076971094395 7.8049134956653035
      vertex 31.931851652578136 -21.487789349865622 7.869030420532317
      vertex 31.847759065022572 -20.24850172863685 8.201096537830454
    endloop
  endfacet
  facet normal 1.8385177040528583e-15 -0.25881904510252124 0.9659258262890681
    outer loop
      vertex 31.931851652578136 -21.487789349865622 7.869030420532317
      vertex 31.982889722747622 -21.23994659001066 7.935439687885355
      vertex 31.931851652578136 -20.487789349865622 8.13697961296344
    endloop
  endfacet
  facet normal 5.0488084833788925e-14 -0.2588190451025216 0.965925826289068
    outer loop
      vertex 31.982889722747622 -21.23994659001066 7.935439687885355
      vertex 32 -20.987789349865622 8.003005016747878
      vertex 31.982889722747622 -20.735632109720584 8.070570345610403
    endloop
  endfacet
  facet normal -4.166374697663954e-15 -0.2588190451025216 0.9659258262890681
    outer loop
      vertex 31.982889722747622 -21.23994659001066 7.935439687885355
      vertex 31.982889722747622 -20.735632109720584 8.070570345610403
      vertex 31.931851652578136 -20.487789349865622 8.13697961296344
    endloop
  endfacet
  facet normal -1.253649755557664e-15 -0.2588190451025205 0.9659258262890683
    outer loop
      vertex 31.847759065022572 -21.727076971094395 7.8049134956653035
      vertex 31.847759065022572 -20.24850172863685 8.201096537830454
      vertex 31.73205080756888 -20.021863523576553 8.2618240618504
    endloop
  endfacet
  facet normal -7.013890498311711e-15 -0.25881904510252124 0.9659258262890681
    outer loop
      vertex 31.931851652578136 -21.487789349865622 7.869030420532317
      vertex 31.931851652578136 -20.487789349865622 8.13697961296344
      vertex 31.847759065022572 -20.24850172863685 8.201096537830454
    endloop
  endfacet
  facet normal 0.980785280403229 0.1884427804944368 0.0504930908529598
    outer loop
      vertex 31.982889722747622 -20.735632109720584 8.070570345610403
      vertex 31.982889722747622 -20.08858449707123 5.65575578028688
      vertex 31.931851652578136 -20.487789349865622 8.13697961296344
    endloop
  endfacet
  facet normal 0.9469301294951055 0.31048668112487354 0.0831946554680295
    outer loop
      vertex 31.931851652578136 -20.487789349865622 8.13697961296344
      vertex 31.931851652578136 -19.840741737218945 5.722165047649899
      vertex 31.847759065022572 -20.24850172863685 8.201096537830454
    endloop
  endfacet
  facet normal 0.896872741532693 0.42721806855808936 0.11447273646212415
    outer loop
      vertex 31.847759065022572 -20.24850172863685 8.201096537830454
      vertex 31.847759065022572 -19.601454115992755 5.78628197252655
      vertex 31.73205080756888 -20.021863523576553 8.2618240618504
    endloop
  endfacet
  facet normal 0.8314696123025404 0.5366396363910766 0.1437921571975207
    outer loop
      vertex 31.73205080756888 -20.021863523576553 8.2618240618504
      vertex 31.73205080756888 -19.374815910934903 5.847009496555622
      vertex 31.58670668058247 -19.811752577209297 8.318123120250444
    endloop
  endfacet
  facet normal 0.7518398074789842 0.6368791512607656 0.17065125425654165
    outer loop
      vertex 31.58670668058247 -19.811752577209297 8.318123120250444
      vertex 31.58670668058247 -19.164704964569914 5.903308554964129
      vertex 31.414213562373096 -19.62176394608118 8.369030420532317
    endloop
  endfacet
  facet normal 0.6593458151000683 0.7262214872761458 0.19459046104177177
    outer loop
      vertex 31.414213562373096 -19.62176394608118 8.369030420532317
      vertex 31.414213562373096 -18.97471633344385 5.9542158552536515
      vertex 31.217522858017443 -19.455148388345613 8.413674924674023
    endloop
  endfacet
  facet normal 0.5555702330195946 0.803137972297592 0.2152001710879102
    outer loop
      vertex 31.217522858017443 -19.455148388345613 8.413674924674023
      vertex 31.217522858017443 -18.808100775710077 5.9988603594020695
      vertex 31 -19.314756742390006 8.451292752831904
    endloop
  endfacet
  facet normal 0 -0.2588190451025207 0.9659258262890682
    outer loop
      vertex 31.217522858017443 -22.520430311385628 7.592335108821732
      vertex 31.217522858017443 -19.455148388345613 8.413674924674023
      vertex 31 -19.314756742390006 8.451292752831904
    endloop
  endfacet
  facet normal -2.3947635916409506e-15 -0.2588190451025208 0.9659258262890684
    outer loop
      vertex 31.414213562373096 -22.35381475365006 7.636979612963439
      vertex 31.414213562373096 -19.62176394608118 8.369030420532317
      vertex 31.217522858017443 -19.455148388345613 8.413674924674023
    endloop
  endfacet
  facet normal -2.6432079843723422e-15 -0.2588190451025208 0.9659258262890682
    outer loop
      vertex 31.58670668058247 -22.163826122521947 7.687886913245312
      vertex 31.58670668058247 -19.811752577209297 8.318123120250444
      vertex 31.414213562373096 -19.62176394608118 8.369030420532317
    endloop
  endfacet
  facet normal 0 -0.2588190451025208 0.9659258262890682
    outer loop
      vertex 31.73205080756888 -21.953715176154688 7.744185971645358
      vertex 31.73205080756888 -20.021863523576553 8.2618240618504
      vertex 31.58670668058247 -19.811752577209297 8.318123120250444
    endloop
  endfacet
  facet normal -0.9469301294951054 -0.3104866811248735 -0.08319465546802927
    outer loop
      vertex 28.152240934977428 -4.3404120978911624 12.463656307510677
      vertex 28.068148347421864 -3.454076864192539 10.112958667724067
      vertex 28.152240934977428 -3.6933644854187304 10.04884174284742
    endloop
  endfacet
  facet normal -0.9469301294951054 -0.31048668112487354 -0.08319465546802933
    outer loop
      vertex 28.152240934977428 -4.3404120978911624 12.463656307510677
      vertex 28.068148347421864 -4.10112447666239 12.52777323237769
      vertex 28.068148347421864 -3.454076864192539 10.112958667724067
    endloop
  endfacet
  facet normal -0.9807852804032289 -0.18844278049443636 -0.050493090852959506
    outer loop
      vertex 28.068148347421864 -4.10112447666239 12.52777323237769
      vertex 28.017110277252378 -3.206234104340252 10.179367935087088
      vertex 28.068148347421864 -3.454076864192539 10.112958667724067
    endloop
  endfacet
  facet normal -0.9978589232386037 -0.06317457164351291 -0.016927575454061393
    outer loop
      vertex 28.017110277252378 -3.8532817168074285 12.594182499730728
      vertex 28 -2.9540768641979347 10.246933263959765
      vertex 28.017110277252378 -3.206234104340252 10.179367935087088
    endloop
  endfacet
  facet normal -0.9978589232386037 0.06317457164351281 0.016927575454061358
    outer loop
      vertex 28 -3.6011244766623904 12.661747828593251
      vertex 28.017110277252378 -2.701919624055618 10.314498592832445
      vertex 28 -2.9540768641979347 10.246933263959765
    endloop
  endfacet
  facet normal -0.9807852804032289 0.18844278049443672 0.050493090852959645
    outer loop
      vertex 28.017110277252378 -3.3489672365173524 12.729313157455774
      vertex 28.068148347421864 -2.4540768642033304 10.380907860195462
      vertex 28.017110277252378 -2.701919624055618 10.314498592832445
    endloop
  endfacet
  facet normal -0.9469301294951057 0.3104866811248727 0.08319465546802914
    outer loop
      vertex 28.068148347421864 -3.1011244766623904 12.795722424808812
      vertex 28.152240934977428 -2.21478924297714 10.445024785072114
      vertex 28.068148347421864 -2.4540768642033304 10.380907860195462
    endloop
  endfacet
  facet normal -0.9807852804032289 -0.18844278049443683 -0.050493090852959686
    outer loop
      vertex 28.068148347421864 -4.10112447666239 12.52777323237769
      vertex 28.017110277252378 -3.8532817168074285 12.594182499730728
      vertex 28.017110277252378 -3.206234104340252 10.179367935087088
    endloop
  endfacet
  facet normal -0.9978589232386037 -0.06317457164351285 -0.016927575454061372
    outer loop
      vertex 28.017110277252378 -3.8532817168074285 12.594182499730728
      vertex 28 -3.6011244766623904 12.661747828593251
      vertex 28 -2.9540768641979347 10.246933263959765
    endloop
  endfacet
  facet normal -0.9978589232386037 0.06317457164351285 0.016927575454061376
    outer loop
      vertex 28 -3.6011244766623904 12.661747828593251
      vertex 28.017110277252378 -3.3489672365173524 12.729313157455774
      vertex 28.017110277252378 -2.701919624055618 10.314498592832445
    endloop
  endfacet
  facet normal -0.3214394653031617 -0.9146642677705744 -0.24508355189472955
    outer loop
      vertex 29.48236190979496 -5.467149880446829 12.161747828593251
      vertex 29.23463313526982 -4.738875065843721 9.76869802709922
      vertex 29.48236190979496 -4.8201022679622385 9.74693326388462
    endloop
  endfacet
  facet normal -0.5555702330195987 -0.8031379722975894 -0.21520017108790845
    outer loop
      vertex 29 -5.274157084138006 12.213460092509225
      vertex 28.782477141982557 -4.486717825701404 9.836263355971898
      vertex 29 -4.627109471655497 9.798645527808363
    endloop
  endfacet
  facet normal -0.4422886902190019 -0.8663125439411036 -0.23212774654197013
    outer loop
      vertex 29.23463313526982 -5.385922678327436 12.183512591804583
      vertex 29 -4.627109471655497 9.798645527808363
      vertex 29.23463313526982 -4.738875065843721 9.76869802709922
    endloop
  endfacet
  facet normal -0.6593458151000695 -0.7262214872761448 -0.19459046104177172
    outer loop
      vertex 28.782477141982557 -5.133765438182397 12.251077920667106
      vertex 28.585786437626904 -4.320102267967633 9.880907860120315
      vertex 28.782477141982557 -4.486717825701404 9.836263355971898
    endloop
  endfacet
  facet normal -0.7518398074789807 -0.6368791512607694 -0.17065125425654207
    outer loop
      vertex 28.585786437626904 -4.967149880446829 12.295722424808812
      vertex 28.41329331941753 -4.130113636841569 9.93181516040984
      vertex 28.585786437626904 -4.320102267967633 9.880907860120315
    endloop
  endfacet
  facet normal -0.1950903220161261 -0.9473658323856463 -0.2538459097245725
    outer loop
      vertex 29.738947615559898 -5.516448870547488 12.14853820400811
      vertex 29.48236190979496 -4.8201022679622385 9.74693326388462
      vertex 29.738947615559898 -4.869401258062364 9.733723639297493
    endloop
  endfacet
  facet normal -0.06540312923014353 -0.963857704949168 -0.25826489365964517
    outer loop
      vertex 30 -5.532976129240527 12.14410973838821
      vertex 29.738947615559898 -4.869401258062364 9.733723639297493
      vertex 30 -4.885928516755225 9.729295173676926
    endloop
  endfacet
  facet normal 0.06540312923014523 -0.9638577049491679 -0.2582648936596453
    outer loop
      vertex 30.261052384440102 -5.516448870547488 12.14853820400811
      vertex 30 -4.885928516755225 9.729295173676926
      vertex 30.261052384440102 -4.869401258062363 9.73372363929749
    endloop
  endfacet
  facet normal 0.19509032201612436 -0.9473658323856468 -0.2538459097245723
    outer loop
      vertex 30.51763809020504 -5.467149880446829 12.161747828593251
      vertex 30.261052384440102 -4.869401258062363 9.73372363929749
      vertex 30.51763809020504 -4.8201022679622385 9.74693326388462
    endloop
  endfacet
  facet normal 0.32143946530316186 -0.9146642677705743 -0.2450835518947295
    outer loop
      vertex 30.76536686473018 -5.385922678327436 12.183512591804583
      vertex 30.51763809020504 -4.8201022679622385 9.74693326388462
      vertex 30.76536686473018 -4.738875065843721 9.76869802709922
    endloop
  endfacet
  facet normal 0.44228869021900175 -0.8663125439411037 -0.2321277465419702
    outer loop
      vertex 31 -5.274157084138006 12.213460092509225
      vertex 30.76536686473018 -4.738875065843721 9.76869802709922
      vertex 31 -4.627109471655497 9.798645527808363
    endloop
  endfacet
  facet normal 0.5555702330195984 -0.8031379722975897 -0.21520017108790843
    outer loop
      vertex 31.217522858017443 -5.133765438182397 12.251077920667106
      vertex 31 -4.627109471655497 9.798645527808363
      vertex 31.217522858017443 -4.486717825701404 9.836263355971898
    endloop
  endfacet
  facet normal 0.6593458151000695 -0.7262214872761447 -0.19459046104177186
    outer loop
      vertex 31.414213562373096 -4.967149880446829 12.295722424808812
      vertex 31.217522858017443 -4.486717825701404 9.836263355971898
      vertex 31.414213562373096 -4.320102267967633 9.880907860120315
    endloop
  endfacet
  facet normal 0.7518398074789807 -0.6368791512607694 -0.1706512542565421
    outer loop
      vertex 31.58670668058247 -4.777161249318715 12.346629725090686
      vertex 31.414213562373096 -4.320102267967633 9.880907860120315
      vertex 31.58670668058247 -4.130113636841569 9.93181516040984
    endloop
  endfacet
  facet normal -0.8314696123025423 -0.5366396363910737 -0.1437921571975196
    outer loop
      vertex 28.41329331941753 -4.777161249318715 12.346629725090686
      vertex 28.26794919243112 -3.9200026904765797 9.988114218818346
      vertex 28.41329331941753 -4.130113636841569 9.93181516040984
    endloop
  endfacet
  facet normal -0.8968727415326917 -0.42721806855809186 -0.11447273646212477
    outer loop
      vertex 28.26794919243112 -4.567050302951459 12.402928783490731
      vertex 28.152240934977428 -3.6933644854187304 10.04884174284742
      vertex 28.26794919243112 -3.9200026904765797 9.988114218818346
    endloop
  endfacet
  facet normal -0.6593458151000683 -0.7262214872761457 -0.19459046104177213
    outer loop
      vertex 28.782477141982557 -5.133765438182397 12.251077920667106
      vertex 28.585786437626904 -4.967149880446829 12.295722424808812
      vertex 28.585786437626904 -4.320102267967633 9.880907860120315
    endloop
  endfacet
  facet normal -0.3214394653031614 -0.9146642677705745 -0.24508355189472955
    outer loop
      vertex 29.48236190979496 -5.467149880446829 12.161747828593251
      vertex 29.23463313526982 -5.385922678327436 12.183512591804583
      vertex 29.23463313526982 -4.738875065843721 9.76869802709922
    endloop
  endfacet
  facet normal -0.442288690219002 -0.8663125439411036 -0.23212774654197013
    outer loop
      vertex 29.23463313526982 -5.385922678327436 12.183512591804583
      vertex 29 -5.274157084138006 12.213460092509225
      vertex 29 -4.627109471655497 9.798645527808363
    endloop
  endfacet
  facet normal -0.5555702330195992 -0.8031379722975893 -0.21520017108790832
    outer loop
      vertex 28.782477141982557 -5.133765438182397 12.251077920667106
      vertex 28.782477141982557 -4.486717825701404 9.836263355971898
      vertex 29 -5.274157084138006 12.213460092509225
    endloop
  endfacet
  facet normal -0.7518398074789807 -0.6368791512607695 -0.17065125425654212
    outer loop
      vertex 28.585786437626904 -4.967149880446829 12.295722424808812
      vertex 28.41329331941753 -4.777161249318715 12.346629725090686
      vertex 28.41329331941753 -4.130113636841569 9.93181516040984
    endloop
  endfacet
  facet normal -0.8314696123025422 -0.5366396363910737 -0.14379215719751956
    outer loop
      vertex 28.41329331941753 -4.777161249318715 12.346629725090686
      vertex 28.26794919243112 -4.567050302951459 12.402928783490731
      vertex 28.26794919243112 -3.9200026904765797 9.988114218818346
    endloop
  endfacet
  facet normal -0.8968727415326925 -0.42721806855809064 -0.1144727364621243
    outer loop
      vertex 28.26794919243112 -4.567050302951459 12.402928783490731
      vertex 28.152240934977428 -4.3404120978911624 12.463656307510677
      vertex 28.152240934977428 -3.6933644854187304 10.04884174284742
    endloop
  endfacet
  facet normal -0.19509032201612872 -0.9473658323856459 -0.25384590972457205
    outer loop
      vertex 29.738947615559898 -5.516448870547488 12.14853820400811
      vertex 29.48236190979496 -5.467149880446829 12.161747828593251
      vertex 29.48236190979496 -4.8201022679622385 9.74693326388462
    endloop
  endfacet
  facet normal -0.06540312923014381 -0.963857704949168 -0.25826489365964517
    outer loop
      vertex 29.738947615559898 -5.516448870547488 12.14853820400811
      vertex 29.738947615559898 -4.869401258062364 9.733723639297493
      vertex 30 -5.532976129240527 12.14410973838821
    endloop
  endfacet
  facet normal 0.06540312923014381 -0.963857704949168 -0.25826489365964517
    outer loop
      vertex 30 -5.532976129240527 12.14410973838821
      vertex 30 -4.885928516755225 9.729295173676926
      vertex 30.261052384440102 -5.516448870547488 12.14853820400811
    endloop
  endfacet
  facet normal 0.19509032201612872 -0.9473658323856456 -0.2538459097245725
    outer loop
      vertex 30.261052384440102 -5.516448870547488 12.14853820400811
      vertex 30.261052384440102 -4.869401258062363 9.73372363929749
      vertex 30.51763809020504 -5.467149880446829 12.161747828593251
    endloop
  endfacet
  facet normal 0.3214394653031614 -0.9146642677705744 -0.24508355189472955
    outer loop
      vertex 30.51763809020504 -5.467149880446829 12.161747828593251
      vertex 30.51763809020504 -4.8201022679622385 9.74693326388462
      vertex 30.76536686473018 -5.385922678327436 12.183512591804583
    endloop
  endfacet
  facet normal 0.44228869021900197 -0.8663125439411036 -0.23212774654197013
    outer loop
      vertex 30.76536686473018 -5.385922678327436 12.183512591804583
      vertex 30.76536686473018 -4.738875065843721 9.76869802709922
      vertex 31 -5.274157084138006 12.213460092509225
    endloop
  endfacet
  facet normal 0.8314696123025423 -0.5366396363910737 -0.1437921571975196
    outer loop
      vertex 31.73205080756888 -4.567050302951459 12.402928783490731
      vertex 31.58670668058247 -4.130113636841569 9.93181516040984
      vertex 31.73205080756888 -3.9200026904765797 9.988114218818346
    endloop
  endfacet
  facet normal 0.8968727415326917 -0.42721806855809186 -0.11447273646212462
    outer loop
      vertex 31.847759065022572 -4.3404120978911624 12.463656307510677
      vertex 31.73205080756888 -3.9200026904765797 9.988114218818346
      vertex 31.847759065022572 -3.69336448541873 10.048841742847419
    endloop
  endfacet
  facet normal 0.5555702330195992 -0.8031379722975893 -0.2152001710879084
    outer loop
      vertex 31 -5.274157084138006 12.213460092509225
      vertex 31 -4.627109471655497 9.798645527808363
      vertex 31.217522858017443 -5.133765438182397 12.251077920667106
    endloop
  endfacet
  facet normal 0.6593458151000683 -0.7262214872761457 -0.19459046104177194
    outer loop
      vertex 31.217522858017443 -5.133765438182397 12.251077920667106
      vertex 31.217522858017443 -4.486717825701404 9.836263355971898
      vertex 31.414213562373096 -4.967149880446829 12.295722424808812
    endloop
  endfacet
  facet normal 0.7518398074789807 -0.6368791512607695 -0.1706512542565421
    outer loop
      vertex 31.414213562373096 -4.967149880446829 12.295722424808812
      vertex 31.414213562373096 -4.320102267967633 9.880907860120315
      vertex 31.58670668058247 -4.777161249318715 12.346629725090686
    endloop
  endfacet
  facet normal 0.8314696123025423 -0.5366396363910737 -0.1437921571975196
    outer loop
      vertex 31.58670668058247 -4.777161249318715 12.346629725090686
      vertex 31.58670668058247 -4.130113636841569 9.93181516040984
      vertex 31.73205080756888 -4.567050302951459 12.402928783490731
    endloop
  endfacet
  facet normal 0.8968727415326924 -0.42721806855809064 -0.11447273646212444
    outer loop
      vertex 31.73205080756888 -4.567050302951459 12.402928783490731
      vertex 31.73205080756888 -3.9200026904765797 9.988114218818346
      vertex 31.847759065022572 -4.3404120978911624 12.463656307510677
    endloop
  endfacet
  facet normal 0.9469301294951054 -0.3104866811248736 -0.0831946554680293
    outer loop
      vertex 31.847759065022572 -4.3404120978911624 12.463656307510677
      vertex 31.847759065022572 -3.69336448541873 10.048841742847419
      vertex 31.931851652578136 -4.10112447666239 12.52777323237769
    endloop
  endfacet
  facet normal 0.9807852804032289 -0.18844278049443683 -0.05049309085295964
    outer loop
      vertex 31.931851652578136 -4.10112447666239 12.52777323237769
      vertex 31.931851652578136 -3.4540768641925395 10.112958667724069
      vertex 31.982889722747622 -3.8532817168074285 12.594182499730728
    endloop
  endfacet
  facet normal -0.8968727415326916 0.42721806855809186 0.11447273646212483
    outer loop
      vertex 28.152240934977428 -2.8618368554336184 12.859839349675827
      vertex 28.26794919243112 -1.9881510379192897 10.505752309101185
      vertex 28.152240934977428 -2.21478924297714 10.445024785072114
    endloop
  endfacet
  facet normal -0.8314696123025429 0.5366396363910731 0.14379215719751925
    outer loop
      vertex 28.26794919243112 -2.6351986503733222 12.920566873695773
      vertex 28.41329331941753 -1.7780400915543004 10.562051367509694
      vertex 28.26794919243112 -1.9881510379192897 10.505752309101185
    endloop
  endfacet
  facet normal -0.75183980747898 0.6368791512607703 0.1706512542565423
    outer loop
      vertex 28.41329331941753 -2.4250877040060654 12.976865932095818
      vertex 28.585786437626904 -1.588051460428236 10.612958667799216
      vertex 28.41329331941753 -1.7780400915543004 10.562051367509694
    endloop
  endfacet
  facet normal -0.6593458151000695 0.7262214872761448 0.19459046104177186
    outer loop
      vertex 28.585786437626904 -2.2350990728779516 13.02777323237769
      vertex 28.782477141982557 -1.4214359026944665 10.657603171947637
      vertex 28.585786437626904 -1.588051460428236 10.612958667799216
    endloop
  endfacet
  facet normal -0.5555702330195984 0.8031379722975898 0.21520017108790868
    outer loop
      vertex 28.782477141982557 -2.068483515142383 13.072417736519396
      vertex 29 -1.2810442567403726 10.695221000111168
      vertex 28.782477141982557 -1.4214359026944665 10.657603171947637
    endloop
  endfacet
  facet normal -0.44228869021900125 0.8663125439411039 0.2321277465419701
    outer loop
      vertex 29 -1.9280918691867748 13.110035564677279
      vertex 29.23463313526982 -1.1692786625521483 10.72516850082031
      vertex 29 -1.2810442567403726 10.695221000111168
    endloop
  endfacet
  facet normal -0.3214394653031611 0.9146642677705744 0.24508355189472958
    outer loop
      vertex 29.23463313526982 -1.8163262749973448 13.13998306538192
      vertex 29.48236190979496 -1.0880514604336318 10.746933264034913
      vertex 29.23463313526982 -1.1692786625521483 10.72516850082031
    endloop
  endfacet
  facet normal -0.1950903220161284 0.9473658323856458 0.2538459097245721
    outer loop
      vertex 29.48236190979496 -1.7350990728779516 13.161747828593251
      vertex 29.738947615559898 -1.0387524703335058 10.760142888622042
      vertex 29.48236190979496 -1.0880514604336318 10.746933264034913
    endloop
  endfacet
  facet normal -0.06540312923014349 0.9638577049491681 0.2582648936596448
    outer loop
      vertex 29.738947615559898 -1.6858000827772932 13.174957453178394
      vertex 30 -1.0222252116406445 10.764571354242607
      vertex 29.738947615559898 -1.0387524703335058 10.760142888622042
    endloop
  endfacet
  facet normal 0.06540312923014356 0.9638577049491681 0.258264893659645
    outer loop
      vertex 30 -1.6692728240842538 13.179385918798292
      vertex 30.261052384440102 -1.0387524703335058 10.760142888622042
      vertex 30 -1.0222252116406445 10.764571354242607
    endloop
  endfacet
  facet normal 0.44228869021900136 0.8663125439411038 0.23212774654197027
    outer loop
      vertex 30.76536686473018 -1.8163262749973448 13.13998306538192
      vertex 31 -1.2810442567403726 10.695221000111168
      vertex 30.76536686473018 -1.1692786625521487 10.725168500820311
    endloop
  endfacet
  facet normal 0.1950903220161283 0.947365832385646 0.25384590972457205
    outer loop
      vertex 30.261052384440102 -1.6858000827772932 13.174957453178394
      vertex 30.51763809020504 -1.0880514604336322 10.746933264034915
      vertex 30.261052384440102 -1.0387524703335058 10.760142888622042
    endloop
  endfacet
  facet normal 0.321439465303161 0.9146642677705745 0.24508355189472963
    outer loop
      vertex 30.51763809020504 -1.7350990728779516 13.161747828593251
      vertex 30.76536686473018 -1.1692786625521487 10.725168500820311
      vertex 30.51763809020504 -1.0880514604336322 10.746933264034915
    endloop
  endfacet
  facet normal 0.9469301294951054 -0.3104866811248733 -0.08319465546802926
    outer loop
      vertex 31.931851652578136 -4.10112447666239 12.52777323237769
      vertex 31.847759065022572 -3.69336448541873 10.048841742847419
      vertex 31.931851652578136 -3.4540768641925395 10.112958667724069
    endloop
  endfacet
  facet normal 0.9807852804032289 -0.1884427804944364 -0.05049309085295957
    outer loop
      vertex 31.982889722747622 -3.8532817168074285 12.594182499730728
      vertex 31.931851652578136 -3.4540768641925395 10.112958667724069
      vertex 31.982889722747622 -3.206234104340252 10.179367935087088
    endloop
  endfacet
  facet normal 0.9978589232386037 0.06317457164351281 0.016927575454061365
    outer loop
      vertex 31.982889722747622 -3.3489672365173524 12.729313157455774
      vertex 32 -2.954076864197935 10.246933263959766
      vertex 31.982889722747622 -2.701919624055618 10.314498592832445
    endloop
  endfacet
  facet normal 0.9978589232386037 -0.0631745716435129 -0.016927575454061386
    outer loop
      vertex 32 -3.6011244766623904 12.661747828593251
      vertex 31.982889722747622 -3.206234104340252 10.179367935087088
      vertex 32 -2.954076864197935 10.246933263959766
    endloop
  endfacet
  facet normal 0.9807852804032289 0.18844278049443672 0.05049309085295963
    outer loop
      vertex 31.931851652578136 -3.1011244766623904 12.795722424808812
      vertex 31.982889722747622 -2.701919624055618 10.314498592832445
      vertex 31.931851652578136 -2.4540768642033304 10.380907860195462
    endloop
  endfacet
  facet normal 0.9469301294951057 0.31048668112487277 0.08319465546802923
    outer loop
      vertex 31.847759065022572 -2.8618368554336184 12.859839349675827
      vertex 31.931851652578136 -2.4540768642033304 10.380907860195462
      vertex 31.847759065022572 -2.21478924297714 10.445024785072114
    endloop
  endfacet
  facet normal 0.8968727415326916 0.4272180685580919 0.11447273646212468
    outer loop
      vertex 31.73205080756888 -2.6351986503733222 12.920566873695773
      vertex 31.847759065022572 -2.21478924297714 10.445024785072114
      vertex 31.73205080756888 -1.9881510379192902 10.505752309101187
    endloop
  endfacet
  facet normal 0.9978589232386037 -0.06317457164351285 -0.01692757545406138
    outer loop
      vertex 31.982889722747622 -3.8532817168074285 12.594182499730728
      vertex 31.982889722747622 -3.206234104340252 10.179367935087088
      vertex 32 -3.6011244766623904 12.661747828593251
    endloop
  endfacet
  facet normal 0.9978589232386037 0.06317457164351285 0.016927575454061372
    outer loop
      vertex 32 -3.6011244766623904 12.661747828593251
      vertex 32 -2.954076864197935 10.246933263959766
      vertex 31.982889722747622 -3.3489672365173524 12.729313157455774
    endloop
  endfacet
  facet normal 0.8314696123025429 0.5366396363910729 0.14379215719751937
    outer loop
      vertex 31.58670668058247 -2.4250877040060654 12.976865932095818
      vertex 31.73205080756888 -1.9881510379192902 10.505752309101187
      vertex 31.58670668058247 -1.7780400915543004 10.562051367509694
    endloop
  endfacet
  facet normal 0.6593458151000695 0.7262214872761447 0.19459046104177188
    outer loop
      vertex 31.217522858017443 -2.068483515142383 13.072417736519396
      vertex 31.414213562373096 -1.588051460428236 10.612958667799216
      vertex 31.217522858017443 -1.4214359026944656 10.657603171947633
    endloop
  endfacet
  facet normal 0.7518398074789802 0.6368791512607703 0.17065125425654226
    outer loop
      vertex 31.414213562373096 -2.2350990728779516 13.02777323237769
      vertex 31.58670668058247 -1.7780400915543004 10.562051367509694
      vertex 31.414213562373096 -1.588051460428236 10.612958667799216
    endloop
  endfacet
  facet normal 0.5555702330195986 0.8031379722975897 0.21520017108790837
    outer loop
      vertex 31 -1.9280918691867748 13.110035564677279
      vertex 31.217522858017443 -1.4214359026944656 10.657603171947633
      vertex 31 -1.2810442567403726 10.695221000111168
    endloop
  endfacet
  facet normal 1.0676335162763909e-14 -0.2588190451025189 0.9659258262890688
    outer loop
      vertex 28.068148347421864 -4.10112447666239 12.52777323237769
      vertex 28.017110277252378 -3.3489672365173524 12.729313157455774
      vertex 28.017110277252378 -3.8532817168074285 12.594182499730728
    endloop
  endfacet
  facet normal -2.2316924312810006e-15 -0.25881904510251974 0.9659258262890685
    outer loop
      vertex 28.152240934977428 -4.3404120978911624 12.463656307510677
      vertex 28.068148347421864 -3.1011244766623904 12.795722424808812
      vertex 28.068148347421864 -4.10112447666239 12.52777323237769
    endloop
  endfacet
  facet normal -0.980785280403229 0.1884427804944365 0.05049309085295956
    outer loop
      vertex 28.017110277252378 -3.3489672365173524 12.729313157455774
      vertex 28.068148347421864 -3.1011244766623904 12.795722424808812
      vertex 28.068148347421864 -2.4540768642033304 10.380907860195462
    endloop
  endfacet
  facet normal -0.9469301294951055 0.3104866811248735 0.08319465546802943
    outer loop
      vertex 28.068148347421864 -3.1011244766623904 12.795722424808812
      vertex 28.152240934977428 -2.8618368554336184 12.859839349675827
      vertex 28.152240934977428 -2.21478924297714 10.445024785072114
    endloop
  endfacet
  facet normal 0 -0.2588190451025189 0.9659258262890689
    outer loop
      vertex 28.017110277252378 -3.8532817168074285 12.594182499730728
      vertex 28.017110277252378 -3.3489672365173524 12.729313157455774
      vertex 28 -3.6011244766623904 12.661747828593251
    endloop
  endfacet
  facet normal -3.67703540810572e-15 -0.25881904510251974 0.9659258262890685
    outer loop
      vertex 28.068148347421864 -4.10112447666239 12.52777323237769
      vertex 28.068148347421864 -3.1011244766623904 12.795722424808812
      vertex 28.017110277252378 -3.3489672365173524 12.729313157455774
    endloop
  endfacet
  facet normal -1.6818508273699676e-14 -0.2588190451025207 0.9659258262890684
    outer loop
      vertex 28.152240934977428 -4.3404120978911624 12.463656307510677
      vertex 28.152240934977428 -2.8618368554336184 12.859839349675827
      vertex 28.068148347421864 -3.1011244766623904 12.795722424808812
    endloop
  endfacet
  facet normal 2.2435211430062405e-15 -0.2588190451025204 0.9659258262890683
    outer loop
      vertex 29.48236190979496 -5.467149880446829 12.161747828593251
      vertex 29.23463313526982 -1.8163262749973448 13.13998306538192
      vertex 29.23463313526982 -5.385922678327436 12.183512591804583
    endloop
  endfacet
  facet normal -1.6887601883869317e-15 -0.2588190451025208 0.9659258262890684
    outer loop
      vertex 28.782477141982557 -5.133765438182397 12.251077920667106
      vertex 29 -5.274157084138006 12.213460092509225
      vertex 28.782477141982557 -2.068483515142383 13.072417736519396
    endloop
  endfacet
  facet normal -1.2464163464573094e-15 -0.25881904510252096 0.9659258262890682
    outer loop
      vertex 29.23463313526982 -5.385922678327436 12.183512591804583
      vertex 29 -1.9280918691867748 13.110035564677279
      vertex 29 -5.274157084138006 12.213460092509225
    endloop
  endfacet
  facet normal -2.4427523865139334e-15 -0.25881904510252074 0.9659258262890683
    outer loop
      vertex 29.738947615559898 -5.516448870547488 12.14853820400811
      vertex 29.48236190979496 -1.7350990728779516 13.161747828593251
      vertex 29.48236190979496 -5.467149880446829 12.161747828593251
    endloop
  endfacet
  facet normal 2.124678814369422e-15 -0.2588190451025209 0.9659258262890683
    outer loop
      vertex 29.738947615559898 -5.516448870547488 12.14853820400811
      vertex 30 -5.532976129240527 12.14410973838821
      vertex 29.738947615559898 -1.6858000827772932 13.174957453178394
    endloop
  endfacet
  facet normal -2.136404916288015e-15 -0.2588190451025207 0.9659258262890682
    outer loop
      vertex 30 -5.532976129240527 12.14410973838821
      vertex 30.261052384440102 -5.516448870547488 12.14853820400811
      vertex 30 -1.6692728240842538 13.179385918798292
    endloop
  endfacet
  facet normal 2.4617074111048695e-15 -0.25881904510252085 0.9659258262890684
    outer loop
      vertex 30.261052384440102 -5.516448870547488 12.14853820400811
      vertex 30.51763809020504 -5.467149880446829 12.161747828593251
      vertex 30.261052384440102 -1.6858000827772932 13.174957453178394
    endloop
  endfacet
  facet normal -2.1458617301319494e-15 -0.25881904510252074 0.9659258262890683
    outer loop
      vertex 30.51763809020504 -5.467149880446829 12.161747828593251
      vertex 30.76536686473018 -5.385922678327436 12.183512591804583
      vertex 30.51763809020504 -1.7350990728779516 13.161747828593251
    endloop
  endfacet
  facet normal 9.602997417575313e-16 -0.25881904510252046 0.9659258262890684
    outer loop
      vertex 30.76536686473018 -5.385922678327436 12.183512591804583
      vertex 31 -5.274157084138006 12.213460092509225
      vertex 30.76536686473018 -1.8163262749973448 13.13998306538192
    endloop
  endfacet
  facet normal 1.136579433280107e-14 -0.2588190451025204 0.9659258262890683
    outer loop
      vertex 28.585786437626904 -4.967149880446829 12.295722424808812
      vertex 28.41329331941753 -2.4250877040060654 12.976865932095818
      vertex 28.41329331941753 -4.777161249318715 12.346629725090686
    endloop
  endfacet
  facet normal -3.29413846501256e-15 -0.2588190451025208 0.9659258262890682
    outer loop
      vertex 28.41329331941753 -4.777161249318715 12.346629725090686
      vertex 28.26794919243112 -2.6351986503733222 12.920566873695773
      vertex 28.26794919243112 -4.567050302951459 12.402928783490731
    endloop
  endfacet
  facet normal 8.618842069458945e-16 -0.2588190451025207 0.9659258262890683
    outer loop
      vertex 28.26794919243112 -4.567050302951459 12.402928783490731
      vertex 28.152240934977428 -2.8618368554336184 12.859839349675827
      vertex 28.152240934977428 -4.3404120978911624 12.463656307510677
    endloop
  endfacet
  facet normal -2.8437817650736294e-15 -0.2588190451025212 0.9659258262890682
    outer loop
      vertex 28.782477141982557 -5.133765438182397 12.251077920667106
      vertex 28.585786437626904 -2.2350990728779516 13.02777323237769
      vertex 28.585786437626904 -4.967149880446829 12.295722424808812
    endloop
  endfacet
  facet normal 1.878559221687591e-15 -0.258819045102521 0.9659258262890682
    outer loop
      vertex 31 -5.274157084138006 12.213460092509225
      vertex 31.217522858017443 -5.133765438182397 12.251077920667106
      vertex 31 -1.9280918691867748 13.110035564677279
    endloop
  endfacet
  facet normal 2.534630243770121e-15 -0.25881904510252074 0.9659258262890682
    outer loop
      vertex 31.217522858017443 -5.133765438182397 12.251077920667106
      vertex 31.414213562373096 -4.967149880446829 12.295722424808812
      vertex 31.217522858017443 -2.068483515142383 13.072417736519396
    endloop
  endfacet
  facet normal -1.0467700660931155e-14 -0.25881904510252113 0.9659258262890682
    outer loop
      vertex 31.414213562373096 -4.967149880446829 12.295722424808812
      vertex 31.58670668058247 -4.777161249318715 12.346629725090686
      vertex 31.414213562373096 -2.2350990728779516 13.02777323237769
    endloop
  endfacet
  facet normal 2.744818777060514e-15 -0.25881904510252035 0.9659258262890684
    outer loop
      vertex 31.58670668058247 -4.777161249318715 12.346629725090686
      vertex 31.73205080756888 -4.567050302951459 12.402928783490731
      vertex 31.58670668058247 -2.4250877040060654 12.976865932095818
    endloop
  endfacet
  facet normal -6.596576132306364e-16 -0.2588190451025208 0.9659258262890683
    outer loop
      vertex 31.73205080756888 -4.567050302951459 12.402928783490731
      vertex 31.847759065022572 -4.3404120978911624 12.463656307510677
      vertex 31.73205080756888 -2.6351986503733222 12.920566873695773
    endloop
  endfacet
  facet normal 5.1749256226768234e-15 -0.2588190451025207 0.9659258262890684
    outer loop
      vertex 31.847759065022572 -4.3404120978911624 12.463656307510677
      vertex 31.931851652578136 -4.10112447666239 12.52777323237769
      vertex 31.847759065022572 -2.8618368554336184 12.859839349675827
    endloop
  endfacet
  facet normal -0.8968727415326925 0.4272180685580907 0.11447273646212432
    outer loop
      vertex 28.152240934977428 -2.8618368554336184 12.859839349675827
      vertex 28.26794919243112 -2.6351986503733222 12.920566873695773
      vertex 28.26794919243112 -1.9881510379192897 10.505752309101185
    endloop
  endfacet
  facet normal -0.8314696123025423 0.5366396363910738 0.14379215719751953
    outer loop
      vertex 28.26794919243112 -2.6351986503733222 12.920566873695773
      vertex 28.41329331941753 -2.4250877040060654 12.976865932095818
      vertex 28.41329331941753 -1.7780400915543004 10.562051367509694
    endloop
  endfacet
  facet normal -0.7518398074789799 0.6368791512607705 0.17065125425654232
    outer loop
      vertex 28.41329331941753 -2.4250877040060654 12.976865932095818
      vertex 28.585786437626904 -2.2350990728779516 13.02777323237769
      vertex 28.585786437626904 -1.588051460428236 10.612958667799216
    endloop
  endfacet
  facet normal -0.6593458151000693 0.7262214872761449 0.194590461041772
    outer loop
      vertex 28.585786437626904 -2.2350990728779516 13.02777323237769
      vertex 28.782477141982557 -2.068483515142383 13.072417736519396
      vertex 28.782477141982557 -1.4214359026944665 10.657603171947637
    endloop
  endfacet
  facet normal -4.797509914404628e-16 -0.2588190451025208 0.9659258262890683
    outer loop
      vertex 28.26794919243112 -4.567050302951459 12.402928783490731
      vertex 28.26794919243112 -2.6351986503733222 12.920566873695773
      vertex 28.152240934977428 -2.8618368554336184 12.859839349675827
    endloop
  endfacet
  facet normal 2.5095485961696127e-15 -0.25881904510252035 0.9659258262890684
    outer loop
      vertex 28.41329331941753 -4.777161249318715 12.346629725090686
      vertex 28.41329331941753 -2.4250877040060654 12.976865932095818
      vertex 28.26794919243112 -2.6351986503733222 12.920566873695773
    endloop
  endfacet
  facet normal -4.55117420040485e-16 -0.25881904510252113 0.9659258262890682
    outer loop
      vertex 28.585786437626904 -4.967149880446829 12.295722424808812
      vertex 28.585786437626904 -2.2350990728779516 13.02777323237769
      vertex 28.41329331941753 -2.4250877040060654 12.976865932095818
    endloop
  endfacet
  facet normal 2.8459006245839956e-15 -0.25881904510252074 0.9659258262890682
    outer loop
      vertex 28.782477141982557 -5.133765438182397 12.251077920667106
      vertex 28.782477141982557 -2.068483515142383 13.072417736519396
      vertex 28.585786437626904 -2.2350990728779516 13.02777323237769
    endloop
  endfacet
  facet normal -5.8935191268630304e-15 -0.258819045102521 0.9659258262890682
    outer loop
      vertex 29 -5.274157084138006 12.213460092509225
      vertex 29 -1.9280918691867748 13.110035564677279
      vertex 28.782477141982557 -2.068483515142383 13.072417736519396
    endloop
  endfacet
  facet normal 7.68239793406025e-15 -0.25881904510252046 0.9659258262890684
    outer loop
      vertex 29.23463313526982 -5.385922678327436 12.183512591804583
      vertex 29.23463313526982 -1.8163262749973448 13.13998306538192
      vertex 29 -1.9280918691867748 13.110035564677279
    endloop
  endfacet
  facet normal -2.3198505190615667e-15 -0.25881904510252074 0.9659258262890683
    outer loop
      vertex 29.48236190979496 -5.467149880446829 12.161747828593251
      vertex 29.48236190979496 -1.7350990728779516 13.161747828593251
      vertex 29.23463313526982 -1.8163262749973448 13.13998306538192
    endloop
  endfacet
  facet normal -3.9278212432033375e-15 -0.25881904510252085 0.9659258262890684
    outer loop
      vertex 29.738947615559898 -5.516448870547488 12.14853820400811
      vertex 29.738947615559898 -1.6858000827772932 13.174957453178394
      vertex 29.48236190979496 -1.7350990728779516 13.161747828593251
    endloop
  endfacet
  facet normal 4.678161931778421e-15 -0.2588190451025207 0.9659258262890682
    outer loop
      vertex 30 -5.532976129240527 12.14410973838821
      vertex 30 -1.6692728240842538 13.179385918798292
      vertex 29.738947615559898 -1.6858000827772932 13.174957453178394
    endloop
  endfacet
  facet normal -4.718529606675309e-15 -0.2588190451025209 0.9659258262890683
    outer loop
      vertex 30.261052384440102 -5.516448870547488 12.14853820400811
      vertex 30.261052384440102 -1.6858000827772932 13.174957453178394
      vertex 30 -1.6692728240842538 13.179385918798292
    endloop
  endfacet
  facet normal 4.0315913313238556e-15 -0.25881904510252074 0.9659258262890683
    outer loop
      vertex 30.51763809020504 -5.467149880446829 12.161747828593251
      vertex 30.51763809020504 -1.7350990728779516 13.161747828593251
      vertex 30.261052384440102 -1.6858000827772932 13.174957453178394
    endloop
  endfacet
  facet normal 2.4254282627094492e-15 -0.25881904510252046 0.9659258262890683
    outer loop
      vertex 30.76536686473018 -5.385922678327436 12.183512591804583
      vertex 30.76536686473018 -1.8163262749973448 13.13998306538192
      vertex 30.51763809020504 -1.7350990728779516 13.161747828593251
    endloop
  endfacet
  facet normal -8.195614332869982e-15 -0.258819045102521 0.9659258262890682
    outer loop
      vertex 31 -5.274157084138006 12.213460092509225
      vertex 31 -1.9280918691867748 13.110035564677279
      vertex 30.76536686473018 -1.8163262749973448 13.13998306538192
    endloop
  endfacet
  facet normal -0.5555702330196004 0.8031379722975885 0.21520017108790807
    outer loop
      vertex 28.782477141982557 -2.068483515142383 13.072417736519396
      vertex 29 -1.9280918691867748 13.110035564677279
      vertex 29 -1.2810442567403726 10.695221000111168
    endloop
  endfacet
  facet normal -0.4422886902189999 0.8663125439411045 0.23212774654197044
    outer loop
      vertex 29 -1.9280918691867748 13.110035564677279
      vertex 29.23463313526982 -1.8163262749973448 13.13998306538192
      vertex 29.23463313526982 -1.1692786625521483 10.72516850082031
    endloop
  endfacet
  facet normal -0.32143946530316064 0.9146642677705746 0.24508355189472966
    outer loop
      vertex 29.23463313526982 -1.8163262749973448 13.13998306538192
      vertex 29.48236190979496 -1.7350990728779516 13.161747828593251
      vertex 29.48236190979496 -1.0880514604336318 10.746933264034913
    endloop
  endfacet
  facet normal -0.19509032201612966 0.9473658323856456 0.25384590972457205
    outer loop
      vertex 29.48236190979496 -1.7350990728779516 13.161747828593251
      vertex 29.738947615559898 -1.6858000827772932 13.174957453178394
      vertex 29.738947615559898 -1.0387524703335058 10.760142888622042
    endloop
  endfacet
  facet normal -0.06540312923014206 0.9638577049491681 0.258264893659645
    outer loop
      vertex 29.738947615559898 -1.6858000827772932 13.174957453178394
      vertex 30 -1.6692728240842538 13.179385918798292
      vertex 30 -1.0222252116406445 10.764571354242607
    endloop
  endfacet
  facet normal 0.06540312923014205 0.9638577049491681 0.2582648936596448
    outer loop
      vertex 30 -1.6692728240842538 13.179385918798292
      vertex 30.261052384440102 -1.6858000827772932 13.174957453178394
      vertex 30.261052384440102 -1.0387524703335058 10.760142888622042
    endloop
  endfacet
  facet normal 0.19509032201612964 0.9473658323856456 0.25384590972457216
    outer loop
      vertex 30.51763809020504 -1.7350990728779516 13.161747828593251
      vertex 30.51763809020504 -1.0880514604336322 10.746933264034915
      vertex 30.261052384440102 -1.6858000827772932 13.174957453178394
    endloop
  endfacet
  facet normal 0.4422886902189999 0.8663125439411046 0.2321277465419703
    outer loop
      vertex 30.76536686473018 -1.8163262749973448 13.13998306538192
      vertex 31 -1.9280918691867748 13.110035564677279
      vertex 31 -1.2810442567403726 10.695221000111168
    endloop
  endfacet
  facet normal 0.3214394653031607 0.9146642677705747 0.2450835518947297
    outer loop
      vertex 30.51763809020504 -1.7350990728779516 13.161747828593251
      vertex 30.76536686473018 -1.8163262749973448 13.13998306538192
      vertex 30.76536686473018 -1.1692786625521487 10.725168500820311
    endloop
  endfacet
  facet normal 0.9807852804032289 0.18844278049443652 0.050493090852959596
    outer loop
      vertex 31.982889722747622 -3.3489672365173524 12.729313157455774
      vertex 31.982889722747622 -2.701919624055618 10.314498592832445
      vertex 31.931851652578136 -3.1011244766623904 12.795722424808812
    endloop
  endfacet
  facet normal 0.7518398074789799 0.6368791512607704 0.17065125425654232
    outer loop
      vertex 31.58670668058247 -2.4250877040060654 12.976865932095818
      vertex 31.58670668058247 -1.7780400915543004 10.562051367509694
      vertex 31.414213562373096 -2.2350990728779516 13.02777323237769
    endloop
  endfacet
  facet normal 0.9469301294951054 0.3104866811248735 0.08319465546802934
    outer loop
      vertex 31.931851652578136 -3.1011244766623904 12.795722424808812
      vertex 31.931851652578136 -2.4540768642033304 10.380907860195462
      vertex 31.847759065022572 -2.8618368554336184 12.859839349675827
    endloop
  endfacet
  facet normal 0.8968727415326925 0.4272180685580906 0.11447273646212448
    outer loop
      vertex 31.847759065022572 -2.8618368554336184 12.859839349675827
      vertex 31.847759065022572 -2.21478924297714 10.445024785072114
      vertex 31.73205080756888 -2.6351986503733222 12.920566873695773
    endloop
  endfacet
  facet normal 0.8314696123025423 0.5366396363910738 0.14379215719751945
    outer loop
      vertex 31.73205080756888 -2.6351986503733222 12.920566873695773
      vertex 31.73205080756888 -1.9881510379192902 10.505752309101187
      vertex 31.58670668058247 -2.4250877040060654 12.976865932095818
    endloop
  endfacet
  facet normal 0.6593458151000693 0.7262214872761449 0.19459046104177188
    outer loop
      vertex 31.414213562373096 -2.2350990728779516 13.02777323237769
      vertex 31.414213562373096 -1.588051460428236 10.612958667799216
      vertex 31.217522858017443 -2.068483515142383 13.072417736519396
    endloop
  endfacet
  facet normal 6.433372146235931e-15 -0.2588190451025208 0.9659258262890684
    outer loop
      vertex 31.217522858017443 -5.133765438182397 12.251077920667106
      vertex 31.217522858017443 -2.068483515142383 13.072417736519396
      vertex 31 -1.9280918691867748 13.110035564677279
    endloop
  endfacet
  facet normal -3.193018122187934e-15 -0.2588190451025211 0.9659258262890682
    outer loop
      vertex 31.414213562373096 -4.967149880446829 12.295722424808812
      vertex 31.414213562373096 -2.2350990728779516 13.02777323237769
      vertex 31.217522858017443 -2.068483515142383 13.072417736519396
    endloop
  endfacet
  facet normal 1.585924790623405e-15 -0.2588190451025204 0.9659258262890683
    outer loop
      vertex 31.58670668058247 -4.777161249318715 12.346629725090686
      vertex 31.58670668058247 -2.4250877040060654 12.976865932095818
      vertex 31.414213562373096 -2.2350990728779516 13.02777323237769
    endloop
  endfacet
  facet normal -5.778198498451845e-15 -0.25881904510251974 0.9659258262890685
    outer loop
      vertex 31.931851652578136 -4.10112447666239 12.52777323237769
      vertex 31.982889722747622 -3.8532817168074285 12.594182499730728
      vertex 31.931851652578136 -3.1011244766623904 12.795722424808812
    endloop
  endfacet
  facet normal 0 -0.2588190451025189 0.9659258262890689
    outer loop
      vertex 31.982889722747622 -3.8532817168074285 12.594182499730728
      vertex 32 -3.6011244766623904 12.661747828593251
      vertex 31.982889722747622 -3.3489672365173524 12.729313157455774
    endloop
  endfacet
  facet normal 8.332749395327928e-15 -0.25881904510251885 0.9659258262890688
    outer loop
      vertex 31.982889722747622 -3.8532817168074285 12.594182499730728
      vertex 31.982889722747622 -3.3489672365173524 12.729313157455774
      vertex 31.931851652578136 -3.1011244766623904 12.795722424808812
    endloop
  endfacet
  facet normal 1.9128792268122865e-14 -0.2588190451025198 0.9659258262890685
    outer loop
      vertex 31.931851652578136 -4.10112447666239 12.52777323237769
      vertex 31.931851652578136 -3.1011244766623904 12.795722424808812
      vertex 31.847759065022572 -2.8618368554336184 12.859839349675827
    endloop
  endfacet
  facet normal -3.0554327791420845e-15 -0.25881904510252074 0.9659258262890682
    outer loop
      vertex 31.73205080756888 -4.567050302951459 12.402928783490731
      vertex 31.73205080756888 -2.6351986503733222 12.920566873695773
      vertex 31.58670668058247 -2.4250877040060654 12.976865932095818
    endloop
  endfacet
  facet normal 1.2536497555576647e-15 -0.2588190451025207 0.9659258262890683
    outer loop
      vertex 31.847759065022572 -4.3404120978911624 12.463656307510677
      vertex 31.847759065022572 -2.8618368554336184 12.859839349675827
      vertex 31.73205080756888 -2.6351986503733222 12.920566873695773
    endloop
  endfacet
  facet normal 0.5555702330196004 0.8031379722975884 0.21520017108790832
    outer loop
      vertex 31.217522858017443 -2.068483515142383 13.072417736519396
      vertex 31.217522858017443 -1.4214359026944656 10.657603171947633
      vertex 31 -1.9280918691867748 13.110035564677279
    endloop
  endfacet
  facet normal -1.7621717760803078e-15 -0.25881904514141624 0.9659258262786462
    outer loop
      vertex -45 -30 3
      vertex -31.217522858017443 -21.87338269871702 5.1775205434263345
      vertex -31.414213562373096 -21.706767140983246 5.222165047574751
    endloop
  endfacet
  facet normal 1.8536127708341077e-15 -0.25881904514142245 0.9659258262786447
    outer loop
      vertex -45 -30 3
      vertex -31 -22.013774344671113 5.1399027152627985
      vertex -31.217522858017443 -21.87338269871702 5.1775205434263345
    endloop
  endfacet
  facet normal 0 -0.25881904514142057 0.9659258262786451
    outer loop
      vertex -45 -30 3
      vertex -30.76536686473018 -22.125539938859333 5.109955214553656
      vertex -31 -22.013774344671113 5.1399027152627985
    endloop
  endfacet
  facet normal 2.5292308838626236e-15 -0.258819045141426 0.9659258262786437
    outer loop
      vertex -45 -30 3
      vertex -30.261052384440102 -22.25606613107798 5.0749808267519265
      vertex -30.51763809020504 -22.206767140977853 5.088190451339054
    endloop
  endfacet
  facet normal -2.2090063030284097e-15 -0.25881904514141496 0.9659258262786466
    outer loop
      vertex -45 -30 3
      vertex -30.51763809020504 -22.206767140977853 5.088190451339054
      vertex -30.76536686473018 -22.125539938859333 5.109955214553656
    endloop
  endfacet
  facet normal 8.55418669239308e-16 -0.2588190451414212 0.965925826278645
    outer loop
      vertex -45 -30 3
      vertex -31.414213562373096 -21.706767140983246 5.222165047574751
      vertex -31.586706680603033 -21.516778509827457 5.273072347872239
    endloop
  endfacet
  facet normal 8.805282309353291e-16 -0.25881904514141985 0.9659258262786453
    outer loop
      vertex -45 -30 3
      vertex -31.84775906503508 -21.08002935839875 5.390098930311392
      vertex -31.93185165258593 -20.840741737170298 5.454215855188649
    endloop
  endfacet
  facet normal 1.6941162331533075e-15 -0.2588190451414218 0.9659258262786448
    outer loop
      vertex -45 -30 3
      vertex -31.586706680603033 -21.516778509827457 5.273072347872239
      vertex -31.732050807585654 -21.30666756345934 5.329371406281585
    endloop
  endfacet
  facet normal 1.710306991932602e-15 -0.25881904514142334 0.9659258262786444
    outer loop
      vertex -45 -30 3
      vertex -31.732050807585654 -21.30666756345934 5.329371406281585
      vertex -31.84775906503508 -21.08002935839875 5.390098930311392
    endloop
  endfacet
  facet normal -3.703577501652998e-15 -0.2588190451414158 0.9659258262786464
    outer loop
      vertex -45 -30 3
      vertex -31.93185165258593 -20.840741737170298 5.454215855188649
      vertex -31.982889722750308 -20.59289897731631 5.520625122552122
    endloop
  endfacet
  facet normal 9.966140747422581e-16 -0.2588190451414221 0.9659258262786447
    outer loop
      vertex -45 -30 3
      vertex -31.982889722750308 -20.59289897731631 5.520625122552122
      vertex -31.999999999997243 -20.34074173717293 5.588190451425086
    endloop
  endfacet
  facet normal -2.2048890239988953e-15 -0.25881904514141907 0.9659258262786455
    outer loop
      vertex -45 -30 3
      vertex -31.999999999997243 -20.34074173717293 5.588190451425086
      vertex -31.982889722739184 -20.088584497030265 5.655755780297857
    endloop
  endfacet
  facet normal 3.784447891927394e-15 -0.258819045141425 0.965925826278644
    outer loop
      vertex -45 -30 3
      vertex -31.982889722739184 -20.088584497030265 5.655755780297857
      vertex -31.93185165256389 -19.840741737178405 5.722165047660762
    endloop
  endfacet
  facet normal 1.5099291128289266e-15 -0.2588190451414235 0.9659258262786443
    outer loop
      vertex -45 -30 3
      vertex -31.93185165256389 -19.840741737178405 5.722165047660762
      vertex -31.847759065022572 -19.601454115992755 5.78628197252655
    endloop
  endfacet
  facet normal -3.860995468905404e-15 -0.25881904514141135 0.9659258262786475
    outer loop
      vertex -45 -30 3
      vertex -31.847759065022572 -19.601454115992755 5.78628197252655
      vertex -31.73205080756888 -19.374815910934903 5.847009496555622
    endloop
  endfacet
  facet normal 0 -0.25881904514141957 0.9659258262786454
    outer loop
      vertex -45 -30 3
      vertex -31.73205080756888 -19.374815910934903 5.847009496555622
      vertex -31.58670668058247 -19.164704964569914 5.903308554964129
    endloop
  endfacet
  facet normal 1.3613409980893504e-16 -0.25881904514142035 0.9659258262786452
    outer loop
      vertex -45 -30 3
      vertex -31.58670668058247 -19.164704964569914 5.903308554964129
      vertex -31.58670668058247 -4.130113636841569 9.93181516040984
    endloop
  endfacet
  facet normal -1 0 0
    outer loop
      vertex -45 -30 0
      vertex -45 -30 3
      vertex -45 30 0
    endloop
  endfacet
  facet normal -8.34659325958927e-15 -0.25881904514141485 0.9659258262786468
    outer loop
      vertex -45 -30 3
      vertex -31.58670668058247 -4.130113636841569 9.93181516040984
      vertex -31.73205080756888 -3.9200026904765797 9.988114218818346
    endloop
  endfacet
  facet normal 0 -0.2588190451414212 0.9659258262786449
    outer loop
      vertex -45 -30 3
      vertex -31.847759065022572 -3.69336448541873 10.048841742847419
      vertex -31.931851652578136 -3.4540768641925395 10.112958667724069
    endloop
  endfacet
  facet normal 0 -0.25881904514142245 0.9659258262786445
    outer loop
      vertex -45 -30 3
      vertex -31.73205080756888 -3.9200026904765797 9.988114218818346
      vertex -31.847759065022572 -3.69336448541873 10.048841742847419
    endloop
  endfacet
  facet normal -1.1952574740079949e-14 -0.2588190451414148 0.9659258262786466
    outer loop
      vertex -45 -30 3
      vertex -31.931851652578136 -3.4540768641925395 10.112958667724069
      vertex -31.982889722747622 -3.2062341043402514 10.179367935087086
    endloop
  endfacet
  facet normal 2.2016581303415052e-14 -0.25881904514143017 0.9659258262786425
    outer loop
      vertex -45 -30 3
      vertex -31.982889722747622 -3.2062341043402514 10.179367935087086
      vertex -32 -2.954076864197935 10.246933263959766
    endloop
  endfacet
  facet normal 0 -0.25881904514142073 0.9659258262786451
    outer loop
      vertex -45 -30 3
      vertex -32 -2.954076864197935 10.246933263959766
      vertex -31.982889722747622 -2.701919624055618 10.314498592832445
    endloop
  endfacet
  facet normal -2.995519284405203e-14 -0.25881904514140125 0.9659258262786503
    outer loop
      vertex -45 -30 3
      vertex -31.982889722747622 -2.701919624055618 10.314498592832445
      vertex -31.931851652578136 -2.4540768642033304 10.380907860195462
    endloop
  endfacet
  facet normal 5.260530395564518e-15 -0.2588190451414203 0.9659258262786452
    outer loop
      vertex -31.414213562373096 -18.97471633344385 5.9542158552536515
      vertex -31.414213562373096 -4.320102267967633 9.880907860120315
      vertex -31.58670668058247 -19.164704964569914 5.903308554964129
    endloop
  endfacet
  facet normal -1.1645016930220942e-14 -0.2588190451414203 0.9659258262786452
    outer loop
      vertex -31.414213562373096 -18.97471633344385 5.9542158552536515
      vertex -31.217522858017443 -18.80810077571008 5.99886035940207
      vertex -31.414213562373096 -4.320102267967633 9.880907860120315
    endloop
  endfacet
  facet normal 7.67660177970482e-15 -0.2588190451414201 0.9659258262786452
    outer loop
      vertex -31.217522858017443 -18.80810077571008 5.99886035940207
      vertex -31 -18.667709129755988 6.036478187565604
      vertex -31.217522858017443 -4.486717825701404 9.836263355971898
    endloop
  endfacet
  facet normal -2.4414074809702657e-16 -0.25881904514142023 0.9659258262786452
    outer loop
      vertex -31 -18.667709129755988 6.036478187565604
      vertex -30.76536686473018 -18.555943535567764 6.066425688274747
      vertex -31 -4.627109471655497 9.798645527808363
    endloop
  endfacet
  facet normal -3.2269992808676298e-15 -0.2588190451414202 0.9659258262786452
    outer loop
      vertex -30.76536686473018 -18.555943535567764 6.066425688274747
      vertex -30.51763809020504 -18.474716333449248 6.08819045148935
      vertex -30.76536686473018 -4.738875065843721 9.76869802709922
    endloop
  endfacet
  facet normal 1.071297679230583e-16 -0.2588190451414203 0.9659258262786452
    outer loop
      vertex -30.51763809020504 -18.474716333449248 6.08819045148935
      vertex -30.261052384440102 -18.42541734334912 6.101400076076477
      vertex -30.51763809020504 -4.8201022679622385 9.74693326388462
    endloop
  endfacet
  facet normal 5.501997922861505e-15 -0.2588190451414203 0.9659258262786451
    outer loop
      vertex -30.261052384440102 -18.42541734334912 6.101400076076477
      vertex -30 -18.40889008465626 6.105828541697041
      vertex -30.261052384440102 -4.869401258062364 9.733723639297493
    endloop
  endfacet
  facet normal -2.2175702663624987e-15 -0.25881904514142035 0.9659258262786452
    outer loop
      vertex -29.738947615559898 -18.42541734334912 6.101400076076476
      vertex -30 -4.885928516755225 9.729295173676926
      vertex -30 -18.40889008465626 6.105828541697041
    endloop
  endfacet
  facet normal -3.460794593724472e-15 -0.25881904514142035 0.9659258262786452
    outer loop
      vertex -29.48236190979496 -18.474716333449248 6.08819045148935
      vertex -29.738947615559898 -4.869401258062364 9.733723639297493
      vertex -29.738947615559898 -18.42541734334912 6.101400076076476
    endloop
  endfacet
  facet normal 3.1861350900488035e-15 -0.2588190451414203 0.9659258262786452
    outer loop
      vertex -29.23463313526982 -18.555943535567764 6.066425688274747
      vertex -29.48236190979496 -4.8201022679622385 9.74693326388462
      vertex -29.48236190979496 -18.474716333449248 6.08819045148935
    endloop
  endfacet
  facet normal 2.64629795571716e-16 -0.25881904514142023 0.9659258262786452
    outer loop
      vertex -29 -18.667709129755988 6.036478187565604
      vertex -29.23463313526982 -4.738875065843721 9.76869802709922
      vertex -29.23463313526982 -18.555943535567764 6.066425688274747
    endloop
  endfacet
  facet normal 3.8623901055575243e-16 -0.25881904514142035 0.9659258262786452
    outer loop
      vertex -28.782477141982557 -18.808100775710077 5.9988603594020695
      vertex -29 -4.627109471655497 9.798645527808365
      vertex -29 -18.667709129755988 6.036478187565604
    endloop
  endfacet
  facet normal 7.939475921420589e-15 -0.25881904514142035 0.9659258262786452
    outer loop
      vertex -31.58670668058247 -19.164704964569914 5.903308554964129
      vertex -31.414213562373096 -4.320102267967633 9.880907860120315
      vertex -31.58670668058247 -4.130113636841569 9.93181516040984
    endloop
  endfacet
  facet normal 0 -0.25881904514142023 0.9659258262786452
    outer loop
      vertex -31 -18.667709129755988 6.036478187565604
      vertex -31 -4.627109471655497 9.798645527808363
      vertex -31.217522858017443 -4.486717825701404 9.836263355971898
    endloop
  endfacet
  facet normal 2.4364931151306698e-15 -0.2588190451414201 0.9659258262786452
    outer loop
      vertex -31.217522858017443 -18.80810077571008 5.99886035940207
      vertex -31.217522858017443 -4.486717825701404 9.836263355971898
      vertex -31.414213562373096 -4.320102267967633 9.880907860120315
    endloop
  endfacet
  facet normal 5.832513577282189e-15 -0.2588190451414203 0.9659258262786452
    outer loop
      vertex -30 -18.40889008465626 6.105828541697041
      vertex -30 -4.885928516755225 9.729295173676926
      vertex -30.261052384440102 -4.869401258062364 9.733723639297493
    endloop
  endfacet
  facet normal -3.878861186237646e-15 -0.25881904514142035 0.9659258262786451
    outer loop
      vertex -29.738947615559898 -18.42541734334912 6.101400076076476
      vertex -29.738947615559898 -4.869401258062364 9.733723639297493
      vertex -30 -4.885928516755225 9.729295173676926
    endloop
  endfacet
  facet normal 0 -0.2588190451414203 0.9659258262786452
    outer loop
      vertex -29.48236190979496 -18.474716333449248 6.08819045148935
      vertex -29.48236190979496 -4.8201022679622385 9.74693326388462
      vertex -29.738947615559898 -4.869401258062364 9.733723639297493
    endloop
  endfacet
  facet normal 0 -0.25881904514142023 0.9659258262786452
    outer loop
      vertex -30.76536686473018 -18.555943535567764 6.066425688274747
      vertex -30.76536686473018 -4.738875065843721 9.76869802709922
      vertex -31 -4.627109471655497 9.798645527808363
    endloop
  endfacet
  facet normal -6.086944649645475e-15 -0.2588190451414203 0.9659258262786452
    outer loop
      vertex -30.51763809020504 -18.474716333449248 6.08819045148935
      vertex -30.51763809020504 -4.8201022679622385 9.74693326388462
      vertex -30.76536686473018 -4.738875065843721 9.76869802709922
    endloop
  endfacet
  facet normal 0 -0.2588190451414203 0.9659258262786452
    outer loop
      vertex -30.261052384440102 -18.42541734334912 6.101400076076477
      vertex -30.261052384440102 -4.869401258062364 9.733723639297493
      vertex -30.51763809020504 -4.8201022679622385 9.74693326388462
    endloop
  endfacet
  facet normal 8.020503067010808e-15 -0.2588190451414202 0.9659258262786452
    outer loop
      vertex -29.23463313526982 -18.555943535567764 6.066425688274747
      vertex -29.23463313526982 -4.738875065843721 9.76869802709922
      vertex -29.48236190979496 -4.8201022679622385 9.74693326388462
    endloop
  endfacet
  facet normal -6.250003151283879e-15 -0.25881904514142035 0.9659258262786451
    outer loop
      vertex -29 -18.667709129755988 6.036478187565604
      vertex -29 -4.627109471655497 9.798645527808365
      vertex -29.23463313526982 -4.738875065843721 9.76869802709922
    endloop
  endfacet
  facet normal 8.812601146208227e-15 -0.25881904514142023 0.9659258262786451
    outer loop
      vertex -28.782477141982557 -18.808100775710077 5.9988603594020695
      vertex -28.782477141982557 -4.486717825701404 9.836263355971898
      vertex -29 -4.627109471655497 9.798645527808365
    endloop
  endfacet
  facet normal -2.4364931151306706e-15 -0.25881904514142023 0.9659258262786452
    outer loop
      vertex -28.782477141982557 -18.808100775710077 5.9988603594020695
      vertex -28.585786437626904 -4.320102267967633 9.880907860120315
      vertex -28.782477141982557 -4.486717825701404 9.836263355971898
    endloop
  endfacet
  facet normal -5.57605313998758e-15 -0.2588190451414201 0.9659258262786453
    outer loop
      vertex -28.782477141982557 -18.808100775710077 5.9988603594020695
      vertex -28.41329331941753 -4.130113636841569 9.93181516040984
      vertex -28.585786437626904 -4.320102267967633 9.880907860120315
    endloop
  endfacet
  facet normal 6.677060314800988e-15 -0.2588190451414206 0.965925826278645
    outer loop
      vertex -28.782477141982557 -18.808100775710077 5.9988603594020695
      vertex -28.26794919243112 -3.9200026904765797 9.988114218818346
      vertex -28.41329331941753 -4.130113636841569 9.93181516040984
    endloop
  endfacet
  facet normal -1.7093503015690377e-14 -0.2588190451414197 0.9659258262786454
    outer loop
      vertex -28.782477141982557 -18.808100775710077 5.9988603594020695
      vertex -28.152240934977428 -3.6933644854187304 10.04884174284742
      vertex -28.26794919243112 -3.9200026904765797 9.988114218818346
    endloop
  endfacet
  facet normal 2.4506819044036487e-14 -0.2588190451414213 0.9659258262786451
    outer loop
      vertex -28.782477141982557 -18.808100775710077 5.9988603594020695
      vertex -28.068148347421864 -3.4540768641925395 10.112958667724069
      vertex -28.152240934977428 -3.6933644854187304 10.04884174284742
    endloop
  endfacet
  facet normal 0 -0.2588190451414207 0.9659258262786451
    outer loop
      vertex -28.782477141982557 -18.808100775710077 5.9988603594020695
      vertex -28.017110277252378 -3.206234104340252 10.179367935087088
      vertex -28.068148347421864 -3.4540768641925395 10.112958667724069
    endloop
  endfacet
  facet normal 0 -0.25881904514142023 0.9659258262786452
    outer loop
      vertex -28.782477141982557 -18.808100775710077 5.9988603594020695
      vertex -28 -2.954076864197935 10.246933263959766
      vertex -28.017110277252378 -3.206234104340252 10.179367935087088
    endloop
  endfacet
  facet normal 0 -1 0
    outer loop
      vertex -45 -30 0
      vertex 45 -30 3
      vertex -45 -30 3
    endloop
  endfacet
  facet normal 0 -0.2588190451414202 0.9659258262786452
    outer loop
      vertex -45 -30 3
      vertex 45 -30 3
      vertex -30.261052384440102 -22.25606613107798 5.0749808267519265
    endloop
  endfacet
  facet normal 4.4124961327297906e-15 -0.25881904514141335 0.9659258262786471
    outer loop
      vertex 45 -30 3
      vertex -30 -22.27259338977084 5.0705523611313605
      vertex -30.261052384440102 -22.25606613107798 5.0749808267519265
    endloop
  endfacet
  facet normal -1.053689341789846e-15 -0.2588190451414358 0.965925826278641
    outer loop
      vertex 45 -30 3
      vertex -29.738947615593613 -22.256066131080114 5.0749808267513545
      vertex -30 -22.27259338977084 5.0705523611313605
    endloop
  endfacet
  facet normal -1.2262513935509724e-17 -0.2588190451414246 0.9659258262786441
    outer loop
      vertex -29.738947615593613 -22.256066131080114 5.0749808267513545
      vertex 29.738947615559898 -22.25606613107798 5.074980826751927
      vertex -29.48236190982831 -22.206767140984258 5.088190451337337
    endloop
  endfacet
  facet normal -8.008459617156371e-18 -0.2588190451414203 0.9659258262786451
    outer loop
      vertex -29.48236190982831 -22.206767140984258 5.088190451337337
      vertex 29.48236190979496 -22.206767140977853 5.088190451339054
      vertex -29.234633135302353 -22.125539938870002 5.109955214550798
    endloop
  endfacet
  facet normal 8.887383594777937e-18 -0.25881904514142284 0.9659258262786444
    outer loop
      vertex -29.234633135302353 -22.125539938870002 5.109955214550798
      vertex 29.23463313526982 -22.125539938859333 5.109955214553656
      vertex -29.00000000003125 -22.013774344686 5.139902715258811
    endloop
  endfacet
  facet normal -2.537269202671238e-18 -0.2588190451414188 0.9659258262786455
    outer loop
      vertex -29.00000000003125 -22.013774344686 5.139902715258811
      vertex 29 -22.013774344671113 5.139902715262799
      vertex -28.782477142012038 -21.873382698736048 5.1775205434212355
    endloop
  endfacet
  facet normal -6.803415932301363e-18 -0.2588190451414158 0.9659258262786464
    outer loop
      vertex -28.782477142012038 -21.873382698736048 5.1775205434212355
      vertex 28.782477141982557 -21.87338269871702 5.1775205434263345
      vertex -28.585786437626904 -21.706767140983246 5.222165047574751
    endloop
  endfacet
  facet normal 1.1019279492028266e-17 -0.25881904514142434 0.9659258262786442
    outer loop
      vertex -28.585786437626904 -21.706767140983246 5.222165047574751
      vertex 28.413293319396967 -21.516778509827457 5.273072347872239
      vertex -28.41329331941753 -21.516778509857183 5.273072347864275
    endloop
  endfacet
  facet normal 1.0946326235343725e-17 -0.2588190451414163 0.9659258262786463
    outer loop
      vertex -28.26794919243112 -21.306667563492194 5.329371406272781
      vertex -28.41329331941753 -21.516778509857183 5.273072347864275
      vertex 28.413293319396967 -21.516778509827457 5.273072347872239
    endloop
  endfacet
  facet normal -1.5530865518317984e-17 -0.25881904514142473 0.965925826278644
    outer loop
      vertex -28.26794919243112 -21.306667563492194 5.329371406272781
      vertex 28.267949192414346 -21.30666756345934 5.329371406281585
      vertex -28.152240934977428 -21.080029358434345 5.390098930301854
    endloop
  endfacet
  facet normal -1.0198227305576309e-17 -0.25881904514142 0.9659258262786453
    outer loop
      vertex -28.068148347421864 -20.840741737208155 5.4542158551785045
      vertex -28.152240934977428 -21.080029358434345 5.390098930301854
      vertex 28.15224093496492 -21.08002935839875 5.390098930311392
    endloop
  endfacet
  facet normal 1.2043536647914414e-18 -0.25881904514141874 0.9659258262786456
    outer loop
      vertex -28.017110277252378 -20.592898977355865 5.5206251225415235
      vertex -28.068148347421864 -20.840741737208155 5.4542158551785045
      vertex 28.06814834741407 -20.840741737170298 5.454215855188648
    endloop
  endfacet
  facet normal 7.68869980181494e-17 -0.25881904514142057 0.9659258262786451
    outer loop
      vertex -28 -20.34074173721355 5.588190451414202
      vertex -28.017110277252378 -20.592898977355865 5.5206251225415235
      vertex 28.41329331941753 -4.130113636841569 9.93181516040984
    endloop
  endfacet
  facet normal 0 0 -1
    outer loop
      vertex -45 -30 0
      vertex -45 30 0
      vertex 45 -30 0
    endloop
  endfacet
  facet normal 1.0376084422840638e-16 -0.25881904514142057 0.9659258262786451
    outer loop
      vertex -28.017110277252378 -20.08858449707123 5.6557557802868805
      vertex -28 -20.34074173721355 5.588190451414202
      vertex 28.26794919243112 -3.9200026904765797 9.988114218818346
    endloop
  endfacet
  facet normal 5.522575243220679e-16 -0.2588190451414221 0.9659258262786448
    outer loop
      vertex -28.068148347421864 -19.840741737218945 5.7221650476498995
      vertex -28.017110277252378 -20.08858449707123 5.6557557802868805
      vertex 28.152240934977428 -3.6933644854187304 10.04884174284742
    endloop
  endfacet
  facet normal 9.11791393029761e-16 -0.25881904514142307 0.9659258262786444
    outer loop
      vertex -28.152240934977428 -19.601454115992755 5.786281972526551
      vertex -28.068148347421864 -19.840741737218945 5.7221650476498995
      vertex 28.017110277252378 -3.206234104340252 10.179367935087088
    endloop
  endfacet
  facet normal -1.6906542012071177e-15 -0.2588190451414147 0.9659258262786466
    outer loop
      vertex -28.26794919243112 -19.374815910934903 5.847009496555622
      vertex -28.152240934977428 -19.601454115992755 5.786281972526551
      vertex 28 -2.9540768641979347 10.246933263959765
    endloop
  endfacet
  facet normal 9.557860861225398e-16 -0.2588190451414233 0.9659258262786444
    outer loop
      vertex -28.41329331941753 -19.164704964569914 5.90330855496413
      vertex -28.26794919243112 -19.374815910934903 5.847009496555622
      vertex 28.017110277252378 -2.701919624055618 10.314498592832445
    endloop
  endfacet
  facet normal 7.002589409496217e-17 -0.25881904514142023 0.9659258262786452
    outer loop
      vertex -45 -30 3
      vertex -31.931851652578136 -2.4540768642033304 10.380907860195462
      vertex -45 30 19.076951548457146
    endloop
  endfacet
  facet normal 0 -0.2588190451414243 0.965925826278644
    outer loop
      vertex 45 30 19.076951548457146
      vertex -28.782477141982557 -18.808100775710077 5.9988603594020695
      vertex -28.585786437626904 -18.97471633344385 5.9542158552536515
    endloop
  endfacet
  facet normal -4.896190398625152e-15 -0.2588190451414077 0.9659258262786485
    outer loop
      vertex 45 30 19.076951548457146
      vertex -28.585786437626904 -18.97471633344385 5.9542158552536515
      vertex -28.41329331941753 -19.164704964569914 5.90330855496413
    endloop
  endfacet
  facet normal -1 0 0
    outer loop
      vertex -45 -30 3
      vertex -45 30 19.076951548457146
      vertex -45 30 0
    endloop
  endfacet
  facet normal 0 1 0
    outer loop
      vertex -45 30 0
      vertex -45 30 19.076951548457146
      vertex 45 30 0
    endloop
  endfacet
  facet normal -9.375804772848726e-15 -0.2588190451414239 0.9659258262786442
    outer loop
      vertex -45 30 19.076951548457146
      vertex -31.931851652578136 -2.4540768642033304 10.380907860195462
      vertex -31.847759065022572 -2.21478924297714 10.445024785072114
    endloop
  endfacet
  facet normal -8.184843234509156e-15 -0.2588190451414222 0.9659258262786448
    outer loop
      vertex -45 30 19.076951548457146
      vertex -31.847759065022572 -2.21478924297714 10.445024785072114
      vertex -31.73205080756888 -1.9881510379192902 10.505752309101187
    endloop
  endfacet
  facet normal 7.382855403344472e-15 -0.258819045141417 0.9659258262786461
    outer loop
      vertex -45 30 19.076951548457146
      vertex -31.73205080756888 -1.9881510379192902 10.505752309101187
      vertex -31.58670668058247 -1.7780400915543 10.562051367509692
    endloop
  endfacet
  facet normal 0 -0.2588190451414204 0.9659258262786451
    outer loop
      vertex -45 30 19.076951548457146
      vertex -31.58670668058247 -1.7780400915543 10.562051367509692
      vertex -31.414213562373096 -1.588051460428236 10.612958667799216
    endloop
  endfacet
  facet normal -6.477362567514961e-15 -0.25881904514142345 0.9659258262786443
    outer loop
      vertex -45 30 19.076951548457146
      vertex -31.414213562373096 -1.588051460428236 10.612958667799216
      vertex -31.217522858017443 -1.421435902694466 10.657603171947635
    endloop
  endfacet
  facet normal 6.2608461549077134e-15 -0.2588190451414183 0.9659258262786458
    outer loop
      vertex -45 30 19.076951548457146
      vertex -31.217522858017443 -1.421435902694466 10.657603171947635
      vertex -31 -1.2810442567403726 10.695221000111168
    endloop
  endfacet
  facet normal 6.1663018448031284e-15 -0.2588190451414175 0.965925826278646
    outer loop
      vertex -45 30 19.076951548457146
      vertex -31 -1.2810442567403726 10.695221000111168
      vertex -30.76536686473018 -1.1692786625521483 10.72516850082031
    endloop
  endfacet
  facet normal -1.2369445746484209e-14 -0.2588190451414252 0.9659258262786439
    outer loop
      vertex -45 30 19.076951548457146
      vertex -30.76536686473018 -1.1692786625521483 10.72516850082031
      vertex -30.51763809020504 -1.0880514604336322 10.746933264034915
    endloop
  endfacet
  facet normal 0 -0.25881904514142 0.9659258262786452
    outer loop
      vertex -45 30 19.076951548457146
      vertex -30.51763809020504 -1.0880514604336322 10.746933264034915
      vertex -30.261052384440102 -1.0387524703335058 10.760142888622042
    endloop
  endfacet
  facet normal -4.8431144022121626e-14 -0.25881904514144977 0.9659258262786372
    outer loop
      vertex -45 30 19.076951548457146
      vertex -28.41329331941753 -1.7780400915543 10.562051367509692
      vertex -28.26794919243112 -1.9881510379192902 10.505752309101187
    endloop
  endfacet
  facet normal 6.578519556835835e-15 -0.25881904514141907 0.9659258262786454
    outer loop
      vertex -45 30 19.076951548457146
      vertex -30.261052384440102 -1.0387524703335058 10.760142888622042
      vertex -30 -1.0222252116406445 10.764571354242607
    endloop
  endfacet
  facet normal -6.994001345301644e-15 -0.2588190451414207 0.9659258262786451
    outer loop
      vertex -45 30 19.076951548457146
      vertex -30 -1.0222252116406445 10.764571354242607
      vertex -29.738947615559898 -1.0387524703335058 10.760142888622042
    endloop
  endfacet
  facet normal 7.61348615501596e-15 -0.25881904514141557 0.9659258262786465
    outer loop
      vertex -45 30 19.076951548457146
      vertex -29.738947615559898 -1.0387524703335058 10.760142888622042
      vertex -29.48236190979496 -1.0880514604336318 10.746933264034913
    endloop
  endfacet
  facet normal 0 -0.2588190451414215 0.9659258262786448
    outer loop
      vertex -45 30 19.076951548457146
      vertex -29.48236190979496 -1.0880514604336318 10.746933264034913
      vertex -29.23463313526982 -1.1692786625521487 10.725168500820311
    endloop
  endfacet
  facet normal 0 -0.2588190451414169 0.965925826278646
    outer loop
      vertex -45 30 19.076951548457146
      vertex -28.585786437626904 -1.588051460428236 10.612958667799216
      vertex -28.41329331941753 -1.7780400915543 10.562051367509692
    endloop
  endfacet
  facet normal 1.5785844737056067e-14 -0.2588190451414122 0.9659258262786473
    outer loop
      vertex -45 30 19.076951548457146
      vertex -28.782477141982557 -1.421435902694466 10.657603171947635
      vertex -28.585786437626904 -1.588051460428236 10.612958667799216
    endloop
  endfacet
  facet normal -1.2045987952251904e-14 -0.2588190451414249 0.9659258262786438
    outer loop
      vertex -45 30 19.076951548457146
      vertex -29 -1.2810442567403726 10.695221000111168
      vertex -28.782477141982557 -1.421435902694466 10.657603171947635
    endloop
  endfacet
  facet normal 0 -0.2588190451414218 0.9659258262786448
    outer loop
      vertex -45 30 19.076951548457146
      vertex -29.23463313526982 -1.1692786625521487 10.725168500820311
      vertex -29 -1.2810442567403726 10.695221000111168
    endloop
  endfacet
  facet normal 9.704589521825524e-17 -0.25881904514142035 0.9659258262786452
    outer loop
      vertex 45 30 19.076951548457146
      vertex -28 -2.954076864197935 10.246933263959766
      vertex -28.782477141982557 -18.808100775710077 5.9988603594020695
    endloop
  endfacet
  facet normal 0 -0.2588190451414192 0.9659258262786454
    outer loop
      vertex 45 30 19.076951548457146
      vertex -28.017110277252378 -2.701919624055618 10.314498592832445
      vertex -28 -2.954076864197935 10.246933263959766
    endloop
  endfacet
  facet normal -2.7778542964849115e-15 -0.258819045141412 0.9659258262786473
    outer loop
      vertex 45 30 19.076951548457146
      vertex -28.068148347421864 -2.4540768642033304 10.380907860195462
      vertex -28.017110277252378 -2.701919624055618 10.314498592832445
    endloop
  endfacet
  facet normal 2.7163361234586733e-15 -0.2588190451414307 0.9659258262786424
    outer loop
      vertex 45 30 19.076951548457146
      vertex -28.152240934977428 -2.21478924297714 10.445024785072114
      vertex -28.068148347421864 -2.4540768642033304 10.380907860195462
    endloop
  endfacet
  facet normal 2.703874606270665e-15 -0.2588190451414173 0.965925826278646
    outer loop
      vertex 45 30 19.076951548457146
      vertex -28.26794919243112 -1.9881510379192902 10.505752309101187
      vertex -28.152240934977428 -2.21478924297714 10.445024785072114
    endloop
  endfacet
  facet normal 0 -0.2588190451414202 0.9659258262786452
    outer loop
      vertex -45 30 19.076951548457146
      vertex -28.26794919243112 -1.9881510379192902 10.505752309101187
      vertex 45 30 19.076951548457146
    endloop
  endfacet
  facet normal 0 -1 0
    outer loop
      vertex -45 -30 0
      vertex 45 -30 0
      vertex 45 -30 3
    endloop
  endfacet
  facet normal -7.450522989182851e-18 -0.25881904514142023 0.9659258262786452
    outer loop
      vertex 45 -30 3
      vertex 29.738947615559898 -22.25606613107798 5.074980826751927
      vertex -29.738947615593613 -22.256066131080114 5.0749808267513545
    endloop
  endfacet
  facet normal 8.887383592064219e-18 -0.2588190451414089 0.9659258262786482
    outer loop
      vertex -29.234633135302353 -22.125539938870002 5.109955214550798
      vertex 29.48236190979496 -22.206767140977853 5.088190451339054
      vertex 29.23463313526982 -22.125539938859333 5.109955214553656
    endloop
  endfacet
  facet normal -2.5372692000452202e-18 -0.25881904514142845 0.9659258262786431
    outer loop
      vertex -29.00000000003125 -22.013774344686 5.139902715258811
      vertex 29.23463313526982 -22.125539938859333 5.109955214553656
      vertex 29 -22.013774344671113 5.139902715262799
    endloop
  endfacet
  facet normal -6.803415930623443e-18 -0.25881904514142046 0.9659258262786452
    outer loop
      vertex -28.782477142012038 -21.873382698736048 5.1775205434212355
      vertex 29 -22.013774344671113 5.139902715262799
      vertex 28.782477141982557 -21.87338269871702 5.1775205434263345
    endloop
  endfacet
  facet normal 0 -0.2588190451414136 0.965925826278647
    outer loop
      vertex -28.585786437626904 -21.706767140983246 5.222165047574751
      vertex 28.782477141982557 -21.87338269871702 5.1775205434263345
      vertex 28.585786437626904 -21.706767140983246 5.222165047574751
    endloop
  endfacet
  facet normal 0 -0.25881904514142123 0.965925826278645
    outer loop
      vertex -28.585786437626904 -21.706767140983246 5.222165047574751
      vertex 28.585786437626904 -21.706767140983246 5.222165047574751
      vertex 28.413293319396967 -21.516778509827457 5.273072347872239
    endloop
  endfacet
  facet normal -1.5530865519462535e-17 -0.2588190451414229 0.9659258262786444
    outer loop
      vertex -28.26794919243112 -21.306667563492194 5.329371406272781
      vertex 28.413293319396967 -21.516778509827457 5.273072347872239
      vertex 28.267949192414346 -21.30666756345934 5.329371406281585
    endloop
  endfacet
  facet normal -8.00845961721602e-18 -0.25881904514141985 0.9659258262786453
    outer loop
      vertex -29.48236190982831 -22.206767140984258 5.088190451337337
      vertex 29.738947615559898 -22.25606613107798 5.074980826751927
      vertex 29.48236190979496 -22.206767140977853 5.088190451339054
    endloop
  endfacet
  facet normal -1.0180827088398435e-17 -0.2588190451414235 0.9659258262786443
    outer loop
      vertex -28.152240934977428 -21.080029358434345 5.390098930301854
      vertex 28.267949192414346 -21.30666756345934 5.329371406281585
      vertex 28.15224093496492 -21.08002935839875 5.390098930311392
    endloop
  endfacet
  facet normal 1.0144663359862963e-18 -0.25881904514141757 0.965925826278646
    outer loop
      vertex -28.068148347421864 -20.840741737208155 5.4542158551785045
      vertex 28.15224093496492 -21.08002935839875 5.390098930311392
      vertex 28.06814834741407 -20.840741737170298 5.454215855188648
    endloop
  endfacet
  facet normal -9.412371557145744e-18 -0.25881904514142096 0.965925826278645
    outer loop
      vertex -28.017110277252378 -20.592898977355865 5.5206251225415235
      vertex 28.06814834741407 -20.840741737170298 5.454215855188648
      vertex 28.017110277249692 -20.59289897731631 5.520625122552123
    endloop
  endfacet
  facet normal -9.412371560970117e-18 -0.25881904514141585 0.9659258262786462
    outer loop
      vertex -28.017110277252378 -20.592898977355865 5.5206251225415235
      vertex 28.017110277249692 -20.59289897731631 5.520625122552123
      vertex 28.000000000002757 -20.34074173717293 5.588190451425085
    endloop
  endfacet
  facet normal 1.2340930420665883e-17 -0.25881904514142046 0.9659258262786452
    outer loop
      vertex -28.017110277252378 -20.592898977355865 5.5206251225415235
      vertex 28.000000000002757 -20.34074173717293 5.588190451425085
      vertex 28.017110277260816 -20.088584497030265 5.655755780297857
    endloop
  endfacet
  facet normal 4.9318548672923823e-17 -0.25881904514142423 0.9659258262786441
    outer loop
      vertex -28.017110277252378 -20.592898977355865 5.5206251225415235
      vertex 28.017110277260816 -20.088584497030265 5.655755780297857
      vertex 28.06814834743611 -19.840741737178405 5.722165047660762
    endloop
  endfacet
  facet normal 2.0071356541085753e-18 -0.258819045141421 0.965925826278645
    outer loop
      vertex -28.017110277252378 -20.592898977355865 5.5206251225415235
      vertex 28.06814834743611 -19.840741737178405 5.722165047660762
      vertex 28.152240934977428 -19.601454115992755 5.78628197252655
    endloop
  endfacet
  facet normal -6.375498634813827e-17 -0.2588190451414174 0.965925826278646
    outer loop
      vertex -28.017110277252378 -20.592898977355865 5.5206251225415235
      vertex 28.152240934977428 -19.601454115992755 5.78628197252655
      vertex 28.26794919243112 -19.374815910934903 5.847009496555622
    endloop
  endfacet
  facet normal -4.602914527237847e-18 -0.2588190451414201 0.9659258262786452
    outer loop
      vertex -28.017110277252378 -20.592898977355865 5.5206251225415235
      vertex 28.26794919243112 -19.374815910934903 5.847009496555622
      vertex 28.41329331941753 -19.164704964569914 5.903308554964129
    endloop
  endfacet
  facet normal -1.023785644571851e-17 -0.25881904514142035 0.9659258262786452
    outer loop
      vertex -28.017110277252378 -20.592898977355865 5.5206251225415235
      vertex 28.41329331941753 -19.164704964569914 5.903308554964129
      vertex 28.585786437626904 -18.97471633344385 5.954215855253652
    endloop
  endfacet
  facet normal 2.0685258267688957e-18 -0.25881904514142023 0.9659258262786452
    outer loop
      vertex -28.017110277252378 -20.592898977355865 5.5206251225415235
      vertex 28.585786437626904 -18.97471633344385 5.954215855253652
      vertex 28.585786437626904 -4.320102267967633 9.880907860120315
    endloop
  endfacet
  facet normal 2.0244496832626112e-15 -0.2588190451414261 0.9659258262786437
    outer loop
      vertex -28.017110277252378 -20.592898977355865 5.5206251225415235
      vertex 28.585786437626904 -4.320102267967633 9.880907860120315
      vertex 28.41329331941753 -4.130113636841569 9.93181516040984
    endloop
  endfacet
  facet normal -1.9320806983198922e-15 -0.2588190451414121 0.9659258262786474
    outer loop
      vertex -28 -20.34074173721355 5.588190451414202
      vertex 28.41329331941753 -4.130113636841569 9.93181516040984
      vertex 28.26794919243112 -3.9200026904765797 9.988114218818346
    endloop
  endfacet
  facet normal 2.8152990204167016e-15 -0.2588190451414286 0.965925826278643
    outer loop
      vertex -28.017110277252378 -20.08858449707123 5.6557557802868805
      vertex 28.26794919243112 -3.9200026904765797 9.988114218818346
      vertex 28.152240934977428 -3.6933644854187304 10.04884174284742
    endloop
  endfacet
  facet normal -4.634019643137898e-15 -0.25881904514140874 0.9659258262786483
    outer loop
      vertex -28.068148347421864 -19.840741737218945 5.7221650476498995
      vertex 28.152240934977428 -3.6933644854187304 10.04884174284742
      vertex 28.068148347421864 -3.454076864192539 10.112958667724067
    endloop
  endfacet
  facet normal 1.8613241862306136e-15 -0.2588190451414252 0.9659258262786439
    outer loop
      vertex -28.068148347421864 -19.840741737218945 5.7221650476498995
      vertex 28.068148347421864 -3.454076864192539 10.112958667724067
      vertex 28.017110277252378 -3.206234104340252 10.179367935087088
    endloop
  endfacet
  facet normal -1.9006643583505364e-15 -0.25881904514141624 0.9659258262786463
    outer loop
      vertex -28.152240934977428 -19.601454115992755 5.786281972526551
      vertex 28.017110277252378 -3.206234104340252 10.179367935087088
      vertex 28 -2.9540768641979347 10.246933263959765
    endloop
  endfacet
  facet normal 1.9740029480379077e-15 -0.2588190451414248 0.965925826278644
    outer loop
      vertex -28.26794919243112 -19.374815910934903 5.847009496555622
      vertex 28 -2.9540768641979347 10.246933263959765
      vertex 28.017110277252378 -2.701919624055618 10.314498592832445
    endloop
  endfacet
  facet normal -2.088393336504884e-15 -0.258819045141413 0.9659258262786471
    outer loop
      vertex -28.41329331941753 -19.164704964569914 5.90330855496413
      vertex 28.017110277252378 -2.701919624055618 10.314498592832445
      vertex 28.068148347421864 -2.4540768642033304 10.380907860195462
    endloop
  endfacet
  facet normal 2.266978099700045e-15 -0.2588190451414248 0.965925826278644
    outer loop
      vertex -28.41329331941753 -19.164704964569914 5.90330855496413
      vertex 28.068148347421864 -2.4540768642033304 10.380907860195462
      vertex 28.152240934977428 -2.21478924297714 10.445024785072114
    endloop
  endfacet
  facet normal -2.528235357729043e-15 -0.25881904514141446 0.9659258262786468
    outer loop
      vertex -28.41329331941753 -19.164704964569914 5.90330855496413
      vertex 28.152240934977428 -2.21478924297714 10.445024785072114
      vertex 28.26794919243112 -1.9881510379192897 10.505752309101185
    endloop
  endfacet
  facet normal 2.9165765285393656e-15 -0.2588190451414326 0.9659258262786419
    outer loop
      vertex -28.41329331941753 -19.164704964569914 5.90330855496413
      vertex 28.26794919243112 -1.9881510379192897 10.505752309101185
      vertex 28.41329331941753 -1.7780400915543004 10.562051367509694
    endloop
  endfacet
  facet normal -3.5208564309675237e-15 -0.25881904514141274 0.9659258262786473
    outer loop
      vertex -28.41329331941753 -19.164704964569914 5.90330855496413
      vertex 28.41329331941753 -1.7780400915543004 10.562051367509694
      vertex 28.585786437626904 -1.588051460428236 10.612958667799216
    endloop
  endfacet
  facet normal 1.1363540014363936e-14 -0.258819045141454 0.9659258262786361
    outer loop
      vertex -28.41329331941753 -19.164704964569914 5.90330855496413
      vertex 28.585786437626904 -1.588051460428236 10.612958667799216
      vertex 28.782477141982557 -1.4214359026944665 10.657603171947637
    endloop
  endfacet
  facet normal -1.3166269366256123e-14 -0.258819045141386 0.9659258262786544
    outer loop
      vertex -28.41329331941753 -19.164704964569914 5.90330855496413
      vertex 28.782477141982557 -1.4214359026944665 10.657603171947637
      vertex 29 -1.2810442567403726 10.695221000111168
    endloop
  endfacet
  facet normal -1.2362261560314945e-14 -0.25881904514138837 0.9659258262786538
    outer loop
      vertex -28.41329331941753 -19.164704964569914 5.90330855496413
      vertex 29 -1.2810442567403726 10.695221000111168
      vertex 29.23463313526982 -1.1692786625521483 10.72516850082031
    endloop
  endfacet
  facet normal 1.2223459640475638e-13 -0.2588190451416548 0.9659258262785823
    outer loop
      vertex -28.41329331941753 -19.164704964569914 5.90330855496413
      vertex 29.23463313526982 -1.1692786625521483 10.72516850082031
      vertex 29.48236190979496 -1.0880514604336318 10.746933264034913
    endloop
  endfacet
  facet normal 5.818509208811659e-15 -0.2588190451414098 0.965925826278648
    outer loop
      vertex 45 -30 3
      vertex 30 -22.27259338977084 5.0705523611313605
      vertex 29.738947615559898 -22.25606613107798 5.074980826751927
    endloop
  endfacet
  facet normal -4.544907545682638e-15 -0.2588190451414263 0.9659258262786435
    outer loop
      vertex 45 -30 3
      vertex 30.261052384406387 -22.256066131080114 5.074980826751355
      vertex 30 -22.27259338977084 5.0705523611313605
    endloop
  endfacet
  facet normal 2.5292308839176108e-15 -0.2588190451414178 0.9659258262786458
    outer loop
      vertex 45 -30 3
      vertex 30.51763809017169 -22.206767140984258 5.088190451337337
      vertex 30.261052384406387 -22.256066131080114 5.074980826751355
    endloop
  endfacet
  facet normal 0 -0.2588190451414203 0.9659258262786451
    outer loop
      vertex 45 -30 3
      vertex 30.765366864697647 -22.125539938870002 5.109955214550798
      vertex 30.51763809017169 -22.206767140984258 5.088190451337337
    endloop
  endfacet
  facet normal -9.979952060117405e-16 -0.258819045141421 0.965925826278645
    outer loop
      vertex 45 -30 3
      vertex 30.99999999996875 -22.013774344686 5.139902715258811
      vertex 30.765366864697647 -22.125539938870002 5.109955214550798
    endloop
  endfacet
  facet normal 9.268063854277508e-16 -0.2588190451414198 0.9659258262786453
    outer loop
      vertex 45 -30 3
      vertex 31.217522857987962 -21.873382698736048 5.1775205434212355
      vertex 30.99999999996875 -22.013774344686 5.139902715258811
    endloop
  endfacet
  facet normal 1.762171775852726e-15 -0.2588190451414168 0.9659258262786461
    outer loop
      vertex 45 -30 3
      vertex 31.414213562373096 -21.706767140983246 5.222165047574751
      vertex 31.217522857987962 -21.873382698736048 5.1775205434212355
    endloop
  endfacet
  facet normal -2.566256008085349e-15 -0.2588190451414227 0.9659258262786447
    outer loop
      vertex 45 -30 3
      vertex 31.58670668058247 -21.516778509857183 5.273072347864275
      vertex 31.414213562373096 -21.706767140983246 5.222165047574751
    endloop
  endfacet
  facet normal 0 -0.25881904514142007 0.9659258262786453
    outer loop
      vertex 45 -30 3
      vertex 31.73205080756888 -21.306667563492194 5.329371406272782
      vertex 31.58670668058247 -21.516778509857183 5.273072347864275
    endloop
  endfacet
  facet normal 8.551534959661416e-16 -0.2588190451414187 0.9659258262786456
    outer loop
      vertex 45 -30 3
      vertex 31.847759065022572 -21.080029358434345 5.390098930301853
      vertex 31.73205080756888 -21.306667563492194 5.329371406272782
    endloop
  endfacet
  facet normal -1.7610564618651022e-15 -0.25881904514142307 0.9659258262786445
    outer loop
      vertex 45 -30 3
      vertex 31.931851652578136 -20.840741737208155 5.4542158551785045
      vertex 31.847759065022572 -21.080029358434345 5.390098930301853
    endloop
  endfacet
  facet normal 2.7776831262213125e-15 -0.25881904514141557 0.9659258262786464
    outer loop
      vertex 45 -30 3
      vertex 31.982889722747622 -20.592898977355865 5.520625122541523
      vertex 31.931851652578136 -20.840741737208155 5.4542158551785045
    endloop
  endfacet
  facet normal -2.989842224194321e-15 -0.25881904514142323 0.9659258262786444
    outer loop
      vertex 45 -30 3
      vertex 32 -20.34074173721355 5.588190451414202
      vertex 31.982889722747622 -20.592898977355865 5.520625122541523
    endloop
  endfacet
  facet normal 0 -0.2588190451414203 0.9659258262786452
    outer loop
      vertex 45 -30 3
      vertex 32 -2.954076864197935 10.246933263959766
      vertex 32 -20.34074173721355 5.588190451414202
    endloop
  endfacet
  facet normal 1 0 0
    outer loop
      vertex 45 -30 0
      vertex 45 30 0
      vertex 45 -30 3
    endloop
  endfacet
  facet normal -4.5292248551972256e-14 -0.2588190451414203 0.9659258262786452
    outer loop
      vertex 31.982889722747622 -20.08858449707123 5.65575578028688
      vertex 32 -20.34074173721355 5.588190451414202
      vertex 31.982889722747622 -3.206234104340252 10.179367935087088
    endloop
  endfacet
  facet normal -7.329291805921807e-15 -0.2588190451414203 0.9659258262786453
    outer loop
      vertex 28.585786437626904 -18.97471633344385 5.954215855253652
      vertex 28.782477141982557 -18.80810077571008 5.99886035940207
      vertex 28.585786437626904 -4.320102267967633 9.880907860120315
    endloop
  endfacet
  facet normal 7.67660177970482e-15 -0.2588190451414201 0.9659258262786452
    outer loop
      vertex 28.782477141982557 -18.80810077571008 5.99886035940207
      vertex 29 -18.667709129755988 6.036478187565604
      vertex 28.782477141982557 -4.486717825701404 9.836263355971898
    endloop
  endfacet
  facet normal -2.4414074809702657e-16 -0.25881904514142023 0.9659258262786452
    outer loop
      vertex 29 -18.667709129755988 6.036478187565604
      vertex 29.23463313526982 -18.555943535567764 6.066425688274747
      vertex 29 -4.627109471655497 9.798645527808363
    endloop
  endfacet
  facet normal -3.2269992808676298e-15 -0.2588190451414202 0.9659258262786452
    outer loop
      vertex 29.23463313526982 -18.555943535567764 6.066425688274747
      vertex 29.48236190979496 -18.474716333449248 6.08819045148935
      vertex 29.23463313526982 -4.738875065843721 9.76869802709922
    endloop
  endfacet
  facet normal 1.071297679230583e-16 -0.2588190451414203 0.9659258262786452
    outer loop
      vertex 29.48236190979496 -18.474716333449248 6.08819045148935
      vertex 29.738947615559898 -18.42541734334912 6.101400076076477
      vertex 29.48236190979496 -4.8201022679622385 9.74693326388462
    endloop
  endfacet
  facet normal 2.2159509706533428e-15 -0.2588190451414203 0.9659258262786451
    outer loop
      vertex 29.738947615559898 -18.42541734334912 6.101400076076477
      vertex 30 -18.40889008465626 6.105828541697042
      vertex 29.738947615559898 -4.869401258062364 9.733723639297493
    endloop
  endfacet
  facet normal -2.213773057002289e-15 -0.25881904514142023 0.9659258262786452
    outer loop
      vertex 30.261052384440102 -18.42541734334912 6.101400076076477
      vertex 30 -4.885928516755225 9.729295173676926
      vertex 30 -18.40889008465626 6.105828541697042
    endloop
  endfacet
  facet normal 3.1861350900488035e-15 -0.2588190451414203 0.9659258262786452
    outer loop
      vertex 30.76536686473018 -18.555943535567764 6.066425688274747
      vertex 30.51763809020504 -4.8201022679622385 9.74693326388462
      vertex 30.51763809020504 -18.474716333449248 6.08819045148935
    endloop
  endfacet
  facet normal 2.64629795571716e-16 -0.25881904514142023 0.9659258262786452
    outer loop
      vertex 31 -18.667709129755988 6.036478187565604
      vertex 30.76536686473018 -4.738875065843721 9.76869802709922
      vertex 30.76536686473018 -18.555943535567764 6.066425688274747
    endloop
  endfacet
  facet normal -8.478561365471981e-17 -0.2588190451414202 0.9659258262786453
    outer loop
      vertex 30.51763809020504 -18.474716333449248 6.08819045148935
      vertex 30.261052384440102 -4.869401258062363 9.73372363929749
      vertex 30.261052384440102 -18.42541734334912 6.101400076076477
    endloop
  endfacet
  facet normal 2.664914344674171e-15 -0.25881904514142023 0.9659258262786452
    outer loop
      vertex 31.414213562373096 -18.97471633344385 5.9542158552536515
      vertex 31.217522858017443 -4.486717825701404 9.836263355971898
      vertex 31.217522858017443 -18.808100775710077 5.9988603594020695
    endloop
  endfacet
  facet normal -3.926041443359413e-16 -0.2588190451414203 0.9659258262786452
    outer loop
      vertex 31.58670668058247 -19.164704964569914 5.903308554964129
      vertex 31.73205080756888 -19.374815910934903 5.847009496555622
      vertex 31.58670668058247 -4.130113636841569 9.93181516040984
    endloop
  endfacet
  facet normal -5.260530395564518e-15 -0.2588190451414203 0.9659258262786452
    outer loop
      vertex 31.414213562373096 -18.97471633344385 5.9542158552536515
      vertex 31.58670668058247 -19.164704964569914 5.903308554964129
      vertex 31.414213562373096 -4.320102267967633 9.880907860120315
    endloop
  endfacet
  facet normal -5.816980771215611e-15 -0.25881904514142023 0.9659258262786452
    outer loop
      vertex 31.73205080756888 -19.374815910934903 5.847009496555622
      vertex 31.847759065022572 -19.601454115992755 5.78628197252655
      vertex 31.73205080756888 -3.9200026904765797 9.988114218818346
    endloop
  endfacet
  facet normal 1.0257916942120968e-14 -0.25881904514142023 0.9659258262786452
    outer loop
      vertex 31.931851652578136 -19.840741737218945 5.722165047649899
      vertex 31.982889722747622 -20.08858449707123 5.65575578028688
      vertex 31.931851652578136 -3.4540768641925395 10.112958667724069
    endloop
  endfacet
  facet normal 9.619655263270575e-15 -0.2588190451414202 0.9659258262786451
    outer loop
      vertex 31.847759065022572 -19.601454115992755 5.78628197252655
      vertex 31.931851652578136 -19.840741737218945 5.722165047649899
      vertex 31.847759065022572 -3.69336448541873 10.048841742847419
    endloop
  endfacet
  facet normal 4.564642852022528e-16 -0.25881904514142023 0.9659258262786452
    outer loop
      vertex 31.217522858017443 -18.808100775710077 5.9988603594020695
      vertex 31 -4.627109471655497 9.798645527808363
      vertex 31 -18.667709129755988 6.036478187565604
    endloop
  endfacet
  facet normal 3.888342384854792e-15 -0.25881904514142023 0.9659258262786452
    outer loop
      vertex 30 -18.40889008465626 6.105828541697042
      vertex 30 -4.885928516755225 9.729295173676926
      vertex 29.738947615559898 -4.869401258062364 9.733723639297493
    endloop
  endfacet
  facet normal 1.9394305931188234e-15 -0.2588190451414202 0.9659258262786453
    outer loop
      vertex 30.261052384440102 -18.42541734334912 6.101400076076477
      vertex 30.261052384440102 -4.869401258062363 9.73372363929749
      vertex 30 -4.885928516755225 9.729295173676926
    endloop
  endfacet
  facet normal -5.8768329832077695e-15 -0.2588190451414203 0.9659258262786452
    outer loop
      vertex 30.51763809020504 -18.474716333449248 6.08819045148935
      vertex 30.51763809020504 -4.8201022679622385 9.74693326388462
      vertex 30.261052384440102 -4.869401258062363 9.73372363929749
    endloop
  endfacet
  facet normal 2.4364931151306698e-15 -0.2588190451414201 0.9659258262786452
    outer loop
      vertex 28.782477141982557 -18.80810077571008 5.99886035940207
      vertex 28.782477141982557 -4.486717825701404 9.836263355971898
      vertex 28.585786437626904 -4.320102267967633 9.880907860120315
    endloop
  endfacet
  facet normal 0 -0.25881904514142023 0.9659258262786452
    outer loop
      vertex 29 -18.667709129755988 6.036478187565604
      vertex 29 -4.627109471655497 9.798645527808363
      vertex 28.782477141982557 -4.486717825701404 9.836263355971898
    endloop
  endfacet
  facet normal 0 -0.25881904514142023 0.9659258262786452
    outer loop
      vertex 29.23463313526982 -18.555943535567764 6.066425688274747
      vertex 29.23463313526982 -4.738875065843721 9.76869802709922
      vertex 29 -4.627109471655497 9.798645527808363
    endloop
  endfacet
  facet normal -6.086944649645475e-15 -0.2588190451414203 0.9659258262786452
    outer loop
      vertex 29.48236190979496 -18.474716333449248 6.08819045148935
      vertex 29.48236190979496 -4.8201022679622385 9.74693326388462
      vertex 29.23463313526982 -4.738875065843721 9.76869802709922
    endloop
  endfacet
  facet normal 0 -0.2588190451414203 0.9659258262786452
    outer loop
      vertex 29.738947615559898 -18.42541734334912 6.101400076076477
      vertex 29.738947615559898 -4.869401258062364 9.733723639297493
      vertex 29.48236190979496 -4.8201022679622385 9.74693326388462
    endloop
  endfacet
  facet normal 8.020503067010808e-15 -0.2588190451414202 0.9659258262786452
    outer loop
      vertex 30.76536686473018 -18.555943535567764 6.066425688274747
      vertex 30.76536686473018 -4.738875065843721 9.76869802709922
      vertex 30.51763809020504 -4.8201022679622385 9.74693326388462
    endloop
  endfacet
  facet normal 0 -0.25881904514142023 0.9659258262786452
    outer loop
      vertex 31 -18.667709129755988 6.036478187565604
      vertex 31 -4.627109471655497 9.798645527808363
      vertex 30.76536686473018 -4.738875065843721 9.76869802709922
    endloop
  endfacet
  facet normal 0 -0.25881904514142023 0.9659258262786451
    outer loop
      vertex 31.217522858017443 -18.808100775710077 5.9988603594020695
      vertex 31.217522858017443 -4.486717825701404 9.836263355971898
      vertex 31 -4.627109471655497 9.798645527808363
    endloop
  endfacet
  facet normal -2.381089723751247e-15 -0.2588190451414203 0.9659258262786452
    outer loop
      vertex 31.414213562373096 -18.97471633344385 5.9542158552536515
      vertex 31.414213562373096 -4.320102267967633 9.880907860120315
      vertex 31.217522858017443 -4.486717825701404 9.836263355971898
    endloop
  endfacet
  facet normal -7.939475921420589e-15 -0.25881904514142035 0.9659258262786452
    outer loop
      vertex 31.58670668058247 -19.164704964569914 5.903308554964129
      vertex 31.58670668058247 -4.130113636841569 9.93181516040984
      vertex 31.414213562373096 -4.320102267967633 9.880907860120315
    endloop
  endfacet
  facet normal 9.166298337426254e-15 -0.25881904514142023 0.9659258262786451
    outer loop
      vertex 31.73205080756888 -19.374815910934903 5.847009496555622
      vertex 31.73205080756888 -3.9200026904765797 9.988114218818346
      vertex 31.58670668058247 -4.130113636841569 9.93181516040984
    endloop
  endfacet
  facet normal 0 -0.25881904514142023 0.9659258262786452
    outer loop
      vertex 31.847759065022572 -19.601454115992755 5.78628197252655
      vertex 31.847759065022572 -3.69336448541873 10.048841742847419
      vertex 31.73205080756888 -3.9200026904765797 9.988114218818346
    endloop
  endfacet
  facet normal 9.961292425947645e-15 -0.25881904514142023 0.9659258262786452
    outer loop
      vertex 31.931851652578136 -19.840741737218945 5.722165047649899
      vertex 31.931851652578136 -3.4540768641925395 10.112958667724069
      vertex 31.847759065022572 -3.69336448541873 10.048841742847419
    endloop
  endfacet
  facet normal 0 -0.25881904514142023 0.9659258262786451
    outer loop
      vertex 31.982889722747622 -20.08858449707123 5.65575578028688
      vertex 31.982889722747622 -3.206234104340252 10.179367935087088
      vertex 31.931851652578136 -3.4540768641925395 10.112958667724069
    endloop
  endfacet
  facet normal -4.6141387247983003e-14 -0.2588190451414203 0.9659258262786452
    outer loop
      vertex 32 -20.34074173721355 5.588190451414202
      vertex 32 -2.954076864197935 10.246933263959766
      vertex 31.982889722747622 -3.206234104340252 10.179367935087088
    endloop
  endfacet
  facet normal 7.039298247644757e-17 -0.2588190451414202 0.9659258262786452
    outer loop
      vertex 45 -30 3
      vertex 45 30 19.076951548457146
      vertex 32 -2.954076864197935 10.246933263959766
    endloop
  endfacet
  facet normal 0 0 -1
    outer loop
      vertex -45 30 0
      vertex 45 30 0
      vertex 45 -30 0
    endloop
  endfacet
  facet normal 1 0 0
    outer loop
      vertex 45 -30 3
      vertex 45 30 0
      vertex 45 30 19.076951548457146
    endloop
  endfacet
  facet normal 3.613802242193154e-17 -0.25881904514142023 0.9659258262786451
    outer loop
      vertex 45 30 19.076951548457146
      vertex -28.41329331941753 -19.164704964569914 5.90330855496413
      vertex 29.48236190979496 -1.0880514604336318 10.746933264034913
    endloop
  endfacet
  facet normal 0 1 0
    outer loop
      vertex -45 30 19.076951548457146
      vertex 45 30 19.076951548457146
      vertex 45 30 0
    endloop
  endfacet
  facet normal -7.61348615501596e-15 -0.25881904514141557 0.9659258262786465
    outer loop
      vertex 45 30 19.076951548457146
      vertex 29.48236190979496 -1.0880514604336318 10.746933264034913
      vertex 29.738947615559898 -1.0387524703335058 10.760142888622042
    endloop
  endfacet
  facet normal 6.994001345301644e-15 -0.2588190451414207 0.9659258262786451
    outer loop
      vertex 45 30 19.076951548457146
      vertex 29.738947615559898 -1.0387524703335058 10.760142888622042
      vertex 30 -1.0222252116406445 10.764571354242607
    endloop
  endfacet
  facet normal -6.578519556835835e-15 -0.25881904514141907 0.9659258262786454
    outer loop
      vertex 45 30 19.076951548457146
      vertex 30 -1.0222252116406445 10.764571354242607
      vertex 30.261052384440102 -1.0387524703335058 10.760142888622042
    endloop
  endfacet
  facet normal 0 -0.25881904514141907 0.9659258262786455
    outer loop
      vertex 45 30 19.076951548457146
      vertex 31.982889722747622 -2.701919624055618 10.314498592832445
      vertex 32 -2.954076864197935 10.246933263959766
    endloop
  endfacet
  facet normal -1.1216310744079e-14 -0.25881904514141696 0.9659258262786461
    outer loop
      vertex 45 30 19.076951548457146
      vertex 31.931851652578136 -2.4540768642033304 10.380907860195462
      vertex 31.982889722747622 -2.701919624055618 10.314498592832445
    endloop
  endfacet
  facet normal 8.184843234509156e-15 -0.2588190451414222 0.9659258262786448
    outer loop
      vertex 45 30 19.076951548457146
      vertex 31.73205080756888 -1.9881510379192902 10.505752309101187
      vertex 31.847759065022572 -2.21478924297714 10.445024785072114
    endloop
  endfacet
  facet normal 0 -0.2588190451414187 0.9659258262786455
    outer loop
      vertex 45 30 19.076951548457146
      vertex 31.58670668058247 -1.7780400915543004 10.562051367509694
      vertex 31.73205080756888 -1.9881510379192902 10.505752309101187
    endloop
  endfacet
  facet normal 9.375804772848726e-15 -0.2588190451414239 0.9659258262786442
    outer loop
      vertex 45 30 19.076951548457146
      vertex 31.847759065022572 -2.21478924297714 10.445024785072114
      vertex 31.931851652578136 -2.4540768642033304 10.380907860195462
    endloop
  endfacet
  facet normal 0 -0.25881904514142 0.9659258262786452
    outer loop
      vertex 45 30 19.076951548457146
      vertex 30.261052384440102 -1.0387524703335058 10.760142888622042
      vertex 30.51763809020504 -1.0880514604336322 10.746933264034915
    endloop
  endfacet
  facet normal 6.184722873242109e-15 -0.2588190451414223 0.9659258262786447
    outer loop
      vertex 45 30 19.076951548457146
      vertex 30.51763809020504 -1.0880514604336322 10.746933264034915
      vertex 30.76536686473018 -1.1692786625521487 10.725168500820311
    endloop
  endfacet
  facet normal 0 -0.25881904514142123 0.965925826278645
    outer loop
      vertex 45 30 19.076951548457146
      vertex 31 -1.2810442567403726 10.695221000111168
      vertex 31.217522858017443 -1.4214359026944656 10.657603171947633
    endloop
  endfacet
  facet normal 0 -0.2588190451414204 0.9659258262786452
    outer loop
      vertex 45 30 19.076951548457146
      vertex 30.76536686473018 -1.1692786625521487 10.725168500820311
      vertex 31 -1.2810442567403726 10.695221000111168
    endloop
  endfacet
  facet normal -6.837788223154612e-15 -0.25881904514141885 0.9659258262786455
    outer loop
      vertex 45 30 19.076951548457146
      vertex 31.414213562373096 -1.588051460428236 10.612958667799216
      vertex 31.58670668058247 -1.7780400915543004 10.562051367509694
    endloop
  endfacet
  facet normal 0 -0.25881904514142196 0.9659258262786448
    outer loop
      vertex 45 30 19.076951548457146
      vertex 31.217522858017443 -1.4214359026944656 10.657603171947633
      vertex 31.414213562373096 -1.588051460428236 10.612958667799216
    endloop
  endfacet
endsolid OpenSCAD_Model
