solid OpenSCAD_Model
  facet normal 0.7114850247994339 0 -0.7027012590611668
    outer loop
      vertex -43.3 -32.8 0
      vertex -42.5 32 0.81
      vertex -42.5 -32 0.81
    endloop
  endfacet
  facet normal 0 0.7114850247994339 -0.7027012590611666
    outer loop
      vertex -43.3 -32.8 0
      vertex -42.5 -32 0.81
      vertex 42.5 -32 0.81
    endloop
  endfacet
  facet normal 0.7114850247994338 0 -0.7027012590611668
    outer loop
      vertex -43.3 -32.8 0
      vertex -43.3 32.8 0
      vertex -42.5 32 0.81
    endloop
  endfacet
  facet normal 0 -0.7114850247994339 -0.7027012590611668
    outer loop
      vertex -42.5 32 0.81
      vertex -43.3 32.8 0
      vertex 43.3 32.8 0
    endloop
  endfacet
  facet normal 0 0.711485024799434 -0.7027012590611668
    outer loop
      vertex -43.3 -32.8 0
      vertex 42.5 -32 0.81
      vertex 43.3 -32.8 0
    endloop
  endfacet
  facet normal -0.7114850247994338 0 -0.7027012590611668
    outer loop
      vertex 43.3 -32.8 0
      vertex 42.5 -32 0.81
      vertex 43.3 32.8 0
    endloop
  endfacet
  facet normal 0 -0.7114850247994339 -0.7027012590611666
    outer loop
      vertex -42.5 32 0.81
      vertex 43.3 32.8 0
      vertex 42.5 32 0.81
    endloop
  endfacet
  facet normal -0.7114850247994339 0 -0.7027012590611668
    outer loop
      vertex 42.5 -32 0.81
      vertex 42.5 32 0.81
      vertex 43.3 32.8 0
    endloop
  endfacet
  facet normal 0 0 -1
    outer loop
      vertex -53.94866916537285 -41.78315715491772 0
      vertex -54 -41 0
      vertex -43.3 -32.8 0
    endloop
  endfacet
  facet normal 0 -1 0
    outer loop
      vertex -48 -47 0
      vertex -31.745377348640716 -47 8.660724856180815
      vertex -31.905255888325765 -47 8.9
    endloop
  endfacet
  facet normal 0 -1 0
    outer loop
      vertex -48 -47 0
      vertex -31.905255888325765 -47 8.9
      vertex -32.03253497152483 -47 9.158096448796803
    endloop
  endfacet
  facet normal 0 -1 0
    outer loop
      vertex -48 -47 0
      vertex -32.03253497152483 -47 9.158096448796803
      vertex -32.12503681783595 -47 9.430598100774453
    endloop
  endfacet
  facet normal 0 -1 0
    outer loop
      vertex -48 -47 0
      vertex -32.12503681783595 -47 9.430598100774453
      vertex -32.18117869502238 -47 9.712842377115887
    endloop
  endfacet
  facet normal 0 -1 0
    outer loop
      vertex -48 -47 0
      vertex -32.18117869502238 -47 9.712842377115887
      vertex -32.2 -47 10
    endloop
  endfacet
  facet normal 0 -1 0
    outer loop
      vertex -48 -47 0
      vertex -32.2 -47 10
      vertex -32.18117869502238 -47 10.287157622884113
    endloop
  endfacet
  facet normal 0 -1 0
    outer loop
      vertex -48 -47 0
      vertex -32.18117869502238 -47 10.287157622884113
      vertex -32.12503681783595 -47 10.569401899225547
    endloop
  endfacet
  facet normal 0 -1 0
    outer loop
      vertex -48 -47 0
      vertex -30.287157622884113 -47 7.818821304977617
      vertex -30.569401899225547 -47 7.874963182164049
    endloop
  endfacet
  facet normal 0 -1 0
    outer loop
      vertex -48 -47 0
      vertex -30.569401899225547 -47 7.874963182164049
      vertex -30.8419035512032 -47 7.96746502847517
    endloop
  endfacet
  facet normal 0 -1 0
    outer loop
      vertex -48 -47 0
      vertex -30 -47 7.8
      vertex -30.287157622884113 -47 7.818821304977617
    endloop
  endfacet
  facet normal 0 -1 0
    outer loop
      vertex -48 -47 0
      vertex -31.1 -47 8.094744111674235
      vertex -31.339275143819187 -47 8.254622651359282
    endloop
  endfacet
  facet normal 0 -1 0
    outer loop
      vertex -48 -47 0
      vertex -31.339275143819187 -47 8.254622651359282
      vertex -31.555634918610405 -47 8.444365081389595
    endloop
  endfacet
  facet normal 0 -1 0
    outer loop
      vertex -48 -47 0
      vertex -30.8419035512032 -47 7.96746502847517
      vertex -31.1 -47 8.094744111674235
    endloop
  endfacet
  facet normal 0 -1 0
    outer loop
      vertex -48 -47 0
      vertex -31.555634918610405 -47 8.444365081389595
      vertex -31.745377348640716 -47 8.660724856180815
    endloop
  endfacet
  facet normal -0.7518398113182407 -0.6593458107222281 0
    outer loop
      vertex -52.760120041668415 -44.65256857126951 0
      vertex -52.24264068901539 -45.24264068901539 0
      vertex -52.760120041668415 -44.65256857126951 38
    endloop
  endfacet
  facet normal -0.8314696090452178 -0.555570237894537 0
    outer loop
      vertex -52.760120041668415 -44.65256857126951 0
      vertex -53.19615242630243 -44 38
      vertex -53.19615242630243 -44 0
    endloop
  endfacet
  facet normal -0.44228868804580856 -0.8968727426043883 0
    outer loop
      vertex -51 -46.19615242630243 0
      vertex -50.296100594103336 -46.54327719658613 0
      vertex -51 -46.19615242630243 38
    endloop
  endfacet
  facet normal -0.555570237894537 -0.8314696090452178 0
    outer loop
      vertex -51.65256857126951 -45.760120041668415 0
      vertex -51 -46.19615242630243 0
      vertex -51.65256857126951 -45.760120041668415 38
    endloop
  endfacet
  facet normal -0.6593458107222281 -0.7518398113182407 0
    outer loop
      vertex -51.65256857126951 -45.760120041668415 0
      vertex -52.24264068901539 -45.24264068901539 38
      vertex -52.24264068901539 -45.24264068901539 0
    endloop
  endfacet
  facet normal -0.8968727426043883 -0.44228868804580856 0
    outer loop
      vertex -53.19615242630243 -44 0
      vertex -53.54327719658613 -43.296100594103336 38
      vertex -53.54327719658613 -43.296100594103336 0
    endloop
  endfacet
  facet normal -0.9469301300366788 -0.32143946370773846 0
    outer loop
      vertex -53.54327719658613 -43.296100594103336 0
      vertex -53.7955549582839 -42.55291426926851 38
      vertex -53.7955549582839 -42.55291426926851 0
    endloop
  endfacet
  facet normal -0.9807852810941301 -0.19509031854274123 0
    outer loop
      vertex -53.7955549582839 -42.55291426926851 0
      vertex -53.94866916537285 -41.78315715491772 38
      vertex -53.94866916537285 -41.78315715491772 0
    endloop
  endfacet
  facet normal -0.9978589230086541 -0.06540313273849395 0
    outer loop
      vertex -53.94866916537285 -41.78315715491772 0
      vertex -54 -41 38
      vertex -54 -41 0
    endloop
  endfacet
  facet normal -0.32143946370773846 -0.9469301300366788 0
    outer loop
      vertex -50.296100594103336 -46.54327719658613 0
      vertex -49.55291426926851 -46.7955549582839 0
      vertex -50.296100594103336 -46.54327719658613 38
    endloop
  endfacet
  facet normal -0.19509031854274123 -0.9807852810941301 0
    outer loop
      vertex -49.55291426926851 -46.7955549582839 0
      vertex -48.78315715491772 -46.94866916537285 0
      vertex -49.55291426926851 -46.7955549582839 38
    endloop
  endfacet
  facet normal -0.06540313273849395 -0.9978589230086541 0
    outer loop
      vertex -48.78315715491772 -46.94866916537285 0
      vertex -48 -47 0
      vertex -48.78315715491772 -46.94866916537285 38
    endloop
  endfacet
  facet normal 0 -1 0
    outer loop
      vertex -48 -47 0
      vertex -32.12503681783595 -47 10.569401899225547
      vertex -48 -47 38
    endloop
  endfacet
  facet normal 0 -1 0
    outer loop
      vertex -31.555634918610405 -47 11.555634918610405
      vertex -31.339275143819187 -47 11.745377348640718
      vertex -31.555634918610405 -47 26.444365081389595
    endloop
  endfacet
  facet normal 0 -1 0
    outer loop
      vertex -28.660724856180813 -47 11.745377348640718
      vertex -28.9 -47 26.094744111674235
      vertex -28.9 -47 11.905255888325765
    endloop
  endfacet
  facet normal 0 -1 0
    outer loop
      vertex -28.254622651359284 -47 11.339275143819185
      vertex -28.444365081389595 -47 26.444365081389595
      vertex -28.444365081389595 -47 11.555634918610405
    endloop
  endfacet
  facet normal 0 -1 0
    outer loop
      vertex -28.444365081389595 -47 11.555634918610405
      vertex -28.660724856180813 -47 26.254622651359284
      vertex -28.660724856180813 -47 11.745377348640718
    endloop
  endfacet
  facet normal 0 -1 0
    outer loop
      vertex -31.339275143819187 -47 11.745377348640718
      vertex -31.1 -47 11.905255888325765
      vertex -31.339275143819187 -47 26.254622651359284
    endloop
  endfacet
  facet normal 0 -1 0
    outer loop
      vertex -30.8419035512032 -47 12.03253497152483
      vertex -31.1 -47 26.094744111674235
      vertex -31.1 -47 11.905255888325765
    endloop
  endfacet
  facet normal 0 -1 0
    outer loop
      vertex -30.8419035512032 -47 12.03253497152483
      vertex -30.569401899225547 -47 12.125036817835952
      vertex -30.8419035512032 -47 25.967465028475168
    endloop
  endfacet
  facet normal 0 -1 0
    outer loop
      vertex -30.287157622884113 -47 12.181178695022382
      vertex -30.569401899225547 -47 25.87496318216405
      vertex -30.569401899225547 -47 12.125036817835952
    endloop
  endfacet
  facet normal 0 -1 0
    outer loop
      vertex -30 -47 12.2
      vertex -30.287157622884113 -47 25.818821304977618
      vertex -30.287157622884113 -47 12.181178695022382
    endloop
  endfacet
  facet normal 0 -1 0
    outer loop
      vertex -29.712842377115887 -47 12.181178695022382
      vertex -30 -47 25.8
      vertex -30 -47 12.2
    endloop
  endfacet
  facet normal 0 -1 0
    outer loop
      vertex -29.430598100774453 -47 12.125036817835952
      vertex -29.712842377115887 -47 25.818821304977618
      vertex -29.712842377115887 -47 12.181178695022382
    endloop
  endfacet
  facet normal 0 -1 0
    outer loop
      vertex -29.1580964487968 -47 12.03253497152483
      vertex -29.430598100774453 -47 25.87496318216405
      vertex -29.430598100774453 -47 12.125036817835952
    endloop
  endfacet
  facet normal 0 -1 0
    outer loop
      vertex -29.1580964487968 -47 12.03253497152483
      vertex -28.9 -47 11.905255888325765
      vertex -29.1580964487968 -47 25.967465028475168
    endloop
  endfacet
  facet normal 0 0 -1
    outer loop
      vertex -54 -41 0
      vertex -54 41 0
      vertex -43.3 -32.8 0
    endloop
  endfacet
  facet normal 0 0 -1
    outer loop
      vertex -53.7955549582839 -42.55291426926851 0
      vertex -53.94866916537285 -41.78315715491772 0
      vertex 43.3 -32.8 0
    endloop
  endfacet
  facet normal 0 0 -1
    outer loop
      vertex -51.65256857126951 -45.760120041668415 0
      vertex -52.24264068901539 -45.24264068901539 0
      vertex 53.19615242630243 -44 0
    endloop
  endfacet
  facet normal 0 0 -1
    outer loop
      vertex -52.760120041668415 -44.65256857126951 0
      vertex 53.54327719658613 -43.296100594103336 0
      vertex -52.24264068901539 -45.24264068901539 0
    endloop
  endfacet
  facet normal 0 0 -1
    outer loop
      vertex -52.760120041668415 -44.65256857126951 0
      vertex -53.19615242630243 -44 0
      vertex 53.7955549582839 -42.55291426926851 0
    endloop
  endfacet
  facet normal 0 0 -1
    outer loop
      vertex -53.19615242630243 -44 0
      vertex -53.54327719658613 -43.296100594103336 0
      vertex 53.94866916537285 -41.78315715491772 0
    endloop
  endfacet
  facet normal 0 0 -1
    outer loop
      vertex -53.54327719658613 -43.296100594103336 0
      vertex -53.7955549582839 -42.55291426926851 0
      vertex 54 -41 0
    endloop
  endfacet
  facet normal 0 0 -1
    outer loop
      vertex -50.296100594103336 -46.54327719658613 0
      vertex 51.65256857126951 -45.760120041668415 0
      vertex -49.55291426926851 -46.7955549582839 0
    endloop
  endfacet
  facet normal 0 0 -1
    outer loop
      vertex -51.65256857126951 -45.760120041668415 0
      vertex 52.760120041668415 -44.65256857126951 0
      vertex -51 -46.19615242630243 0
    endloop
  endfacet
  facet normal 0 0 -1
    outer loop
      vertex -51 -46.19615242630243 0
      vertex 52.24264068901539 -45.24264068901539 0
      vertex -50.296100594103336 -46.54327719658613 0
    endloop
  endfacet
  facet normal 0 0 -1
    outer loop
      vertex -49.55291426926851 -46.7955549582839 0
      vertex 51 -46.19615242630243 0
      vertex -48.78315715491772 -46.94866916537285 0
    endloop
  endfacet
  facet normal 0 0 -1
    outer loop
      vertex -48.78315715491772 -46.94866916537285 0
      vertex 50.296100594103336 -46.54327719658613 0
      vertex -48 -47 0
    endloop
  endfacet
  facet normal 0 0 -1
    outer loop
      vertex -53.94866916537285 -41.78315715491772 0
      vertex -43.3 -32.8 0
      vertex 43.3 -32.8 0
    endloop
  endfacet
  facet normal 0 -1 0
    outer loop
      vertex -48 -47 0
      vertex 48 -47 0
      vertex -30 -47 7.8
    endloop
  endfacet
  facet normal 0 -1 0
    outer loop
      vertex 48 -47 0
      vertex -29.712842377115887 -47 7.818821304977617
      vertex -30 -47 7.8
    endloop
  endfacet
  facet normal 0 -1 0
    outer loop
      vertex 48 -47 0
      vertex -29.430598100774453 -47 7.874963182164049
      vertex -29.712842377115887 -47 7.818821304977617
    endloop
  endfacet
  facet normal 0 -1 0
    outer loop
      vertex 48 -47 0
      vertex -29.1580964487968 -47 7.96746502847517
      vertex -29.430598100774453 -47 7.874963182164049
    endloop
  endfacet
  facet normal 0 -1 0
    outer loop
      vertex 48 -47 0
      vertex -28.9 -47 8.094744111674235
      vertex -29.1580964487968 -47 7.96746502847517
    endloop
  endfacet
  facet normal 0 -1 0
    outer loop
      vertex 48 -47 0
      vertex -28.660724856180813 -47 8.254622651359282
      vertex -28.9 -47 8.094744111674235
    endloop
  endfacet
  facet normal 0 -1 0
    outer loop
      vertex 48 -47 0
      vertex -28.444365081389595 -47 8.444365081389595
      vertex -28.660724856180813 -47 8.254622651359282
    endloop
  endfacet
  facet normal 0 -1 0
    outer loop
      vertex 48 -47 0
      vertex -28.254622651359284 -47 8.660724856180815
      vertex -28.444365081389595 -47 8.444365081389595
    endloop
  endfacet
  facet normal 0 -1 0
    outer loop
      vertex 48 -47 0
      vertex -28.094744111674235 -47 8.9
      vertex -28.254622651359284 -47 8.660724856180815
    endloop
  endfacet
  facet normal 0 -1 0
    outer loop
      vertex 48 -47 0
      vertex -27.967465028475168 -47 9.158096448796803
      vertex -28.094744111674235 -47 8.9
    endloop
  endfacet
  facet normal 0 -1 0
    outer loop
      vertex 48 -47 0
      vertex -27.87496318216405 -47 9.430598100774453
      vertex -27.967465028475168 -47 9.158096448796803
    endloop
  endfacet
  facet normal 0 -1 0
    outer loop
      vertex 48 -47 0
      vertex -27.818821304977618 -47 9.712842377115887
      vertex -27.87496318216405 -47 9.430598100774453
    endloop
  endfacet
  facet normal 0 -1 0
    outer loop
      vertex 48 -47 0
      vertex -27.8 -47 10
      vertex -27.818821304977618 -47 9.712842377115887
    endloop
  endfacet
  facet normal 0 -1 0
    outer loop
      vertex 48 -47 0
      vertex -27.818821304977618 -47 10.287157622884113
      vertex -27.8 -47 10
    endloop
  endfacet
  facet normal 0 -1 0
    outer loop
      vertex 48 -47 0
      vertex -27.87496318216405 -47 10.569401899225547
      vertex -27.818821304977618 -47 10.287157622884113
    endloop
  endfacet
  facet normal 0 -1 0
    outer loop
      vertex 48 -47 0
      vertex -27.967465028475168 -47 10.841903551203197
      vertex -27.87496318216405 -47 10.569401899225547
    endloop
  endfacet
  facet normal 0 -1 0
    outer loop
      vertex 48 -47 0
      vertex -28.094744111674235 -47 11.1
      vertex -27.967465028475168 -47 10.841903551203197
    endloop
  endfacet
  facet normal 0 -1 0
    outer loop
      vertex 48 -47 0
      vertex -28.254622651359284 -47 11.339275143819185
      vertex -28.094744111674235 -47 11.1
    endloop
  endfacet
  facet normal 0 -1 0
    outer loop
      vertex 48 -47 0
      vertex -28.444365081389595 -47 26.444365081389595
      vertex -28.254622651359284 -47 11.339275143819185
    endloop
  endfacet
  facet normal 0 -1 0
    outer loop
      vertex 48 -47 0
      vertex -28.254622651359284 -47 26.660724856180813
      vertex -28.444365081389595 -47 26.444365081389595
    endloop
  endfacet
  facet normal 0 -1 0
    outer loop
      vertex 48 -47 0
      vertex -28.094744111674235 -47 26.9
      vertex -28.254622651359284 -47 26.660724856180813
    endloop
  endfacet
  facet normal 0 -1 0
    outer loop
      vertex 48 -47 0
      vertex -27.967465028475168 -47 27.1580964487968
      vertex -28.094744111674235 -47 26.9
    endloop
  endfacet
  facet normal 0 -1 0
    outer loop
      vertex 48 -47 0
      vertex -27.87496318216405 -47 27.430598100774453
      vertex -27.967465028475168 -47 27.1580964487968
    endloop
  endfacet
  facet normal 0 -1 0
    outer loop
      vertex 48 -47 0
      vertex -27.818821304977618 -47 27.712842377115887
      vertex -27.87496318216405 -47 27.430598100774453
    endloop
  endfacet
  facet normal 0 -1 0
    outer loop
      vertex 48 -47 0
      vertex -27.8 -47 28
      vertex -27.818821304977618 -47 27.712842377115887
    endloop
  endfacet
  facet normal 0 -1 0
    outer loop
      vertex 48 -47 0
      vertex -27.818821304977618 -47 28.287157622884113
      vertex -27.8 -47 28
    endloop
  endfacet
  facet normal 0 -1 0
    outer loop
      vertex 48 -47 0
      vertex -27.87496318216405 -47 28.569401899225547
      vertex -27.818821304977618 -47 28.287157622884113
    endloop
  endfacet
  facet normal -0.7518398113182407 -0.6593458107222281 0
    outer loop
      vertex -52.24264068901539 -45.24264068901539 0
      vertex -52.24264068901539 -45.24264068901539 38
      vertex -52.760120041668415 -44.65256857126951 38
    endloop
  endfacet
  facet normal -0.8314696090452178 -0.555570237894537 0
    outer loop
      vertex -52.760120041668415 -44.65256857126951 0
      vertex -52.760120041668415 -44.65256857126951 38
      vertex -53.19615242630243 -44 38
    endloop
  endfacet
  facet normal -0.6593458107222281 -0.7518398113182407 0
    outer loop
      vertex -51.65256857126951 -45.760120041668415 0
      vertex -51.65256857126951 -45.760120041668415 38
      vertex -52.24264068901539 -45.24264068901539 38
    endloop
  endfacet
  facet normal -0.555570237894537 -0.8314696090452178 0
    outer loop
      vertex -51 -46.19615242630243 0
      vertex -51 -46.19615242630243 38
      vertex -51.65256857126951 -45.760120041668415 38
    endloop
  endfacet
  facet normal -0.8968727426043883 -0.44228868804580856 0
    outer loop
      vertex -53.19615242630243 -44 0
      vertex -53.19615242630243 -44 38
      vertex -53.54327719658613 -43.296100594103336 38
    endloop
  endfacet
  facet normal -0.9469301300366788 -0.32143946370773846 0
    outer loop
      vertex -53.54327719658613 -43.296100594103336 0
      vertex -53.54327719658613 -43.296100594103336 38
      vertex -53.7955549582839 -42.55291426926851 38
    endloop
  endfacet
  facet normal -0.9807852810941301 -0.19509031854274123 0
    outer loop
      vertex -53.7955549582839 -42.55291426926851 0
      vertex -53.7955549582839 -42.55291426926851 38
      vertex -53.94866916537285 -41.78315715491772 38
    endloop
  endfacet
  facet normal -0.9978589230086541 -0.06540313273849395 0
    outer loop
      vertex -53.94866916537285 -41.78315715491772 0
      vertex -53.94866916537285 -41.78315715491772 38
      vertex -54 -41 38
    endloop
  endfacet
  facet normal -0.44228868804580856 -0.8968727426043883 0
    outer loop
      vertex -50.296100594103336 -46.54327719658613 0
      vertex -50.296100594103336 -46.54327719658613 38
      vertex -51 -46.19615242630243 38
    endloop
  endfacet
  facet normal -0.32143946370773846 -0.9469301300366788 0
    outer loop
      vertex -49.55291426926851 -46.7955549582839 0
      vertex -49.55291426926851 -46.7955549582839 38
      vertex -50.296100594103336 -46.54327719658613 38
    endloop
  endfacet
  facet normal -0.19509031854274123 -0.9807852810941301 0
    outer loop
      vertex -48.78315715491772 -46.94866916537285 0
      vertex -48.78315715491772 -46.94866916537285 38
      vertex -49.55291426926851 -46.7955549582839 38
    endloop
  endfacet
  facet normal -0.06540313273849395 -0.9978589230086541 0
    outer loop
      vertex -48 -47 0
      vertex -48 -47 38
      vertex -48.78315715491772 -46.94866916537285 38
    endloop
  endfacet
  facet normal 0 -1 0
    outer loop
      vertex -48 -47 38
      vertex -32.12503681783595 -47 10.569401899225547
      vertex -32.03253497152483 -47 10.841903551203197
    endloop
  endfacet
  facet normal 0 -1 0
    outer loop
      vertex -48 -47 38
      vertex -32.03253497152483 -47 10.841903551203197
      vertex -31.905255888325765 -47 11.1
    endloop
  endfacet
  facet normal 0 -1 0
    outer loop
      vertex -48 -47 38
      vertex -31.905255888325765 -47 11.1
      vertex -31.745377348640716 -47 11.339275143819185
    endloop
  endfacet
  facet normal 0 -1 0
    outer loop
      vertex -48 -47 38
      vertex -31.745377348640716 -47 11.339275143819185
      vertex -31.555634918610405 -47 11.555634918610405
    endloop
  endfacet
  facet normal 0 -1 0
    outer loop
      vertex -30.8419035512032 -47 12.03253497152483
      vertex -30.8419035512032 -47 25.967465028475168
      vertex -31.1 -47 26.094744111674235
    endloop
  endfacet
  facet normal 0 -1 0
    outer loop
      vertex -30.569401899225547 -47 12.125036817835952
      vertex -30.569401899225547 -47 25.87496318216405
      vertex -30.8419035512032 -47 25.967465028475168
    endloop
  endfacet
  facet normal 0 -1 0
    outer loop
      vertex -30.287157622884113 -47 12.181178695022382
      vertex -30.287157622884113 -47 25.818821304977618
      vertex -30.569401899225547 -47 25.87496318216405
    endloop
  endfacet
  facet normal 0 -1 0
    outer loop
      vertex -30 -47 12.2
      vertex -30 -47 25.8
      vertex -30.287157622884113 -47 25.818821304977618
    endloop
  endfacet
  facet normal 0 -1 0
    outer loop
      vertex -29.712842377115887 -47 12.181178695022382
      vertex -29.712842377115887 -47 25.818821304977618
      vertex -30 -47 25.8
    endloop
  endfacet
  facet normal 0 -1 0
    outer loop
      vertex -29.430598100774453 -47 12.125036817835952
      vertex -29.430598100774453 -47 25.87496318216405
      vertex -29.712842377115887 -47 25.818821304977618
    endloop
  endfacet
  facet normal 0 -1 0
    outer loop
      vertex -29.1580964487968 -47 12.03253497152483
      vertex -29.1580964487968 -47 25.967465028475168
      vertex -29.430598100774453 -47 25.87496318216405
    endloop
  endfacet
  facet normal 0 -1 0
    outer loop
      vertex -28.9 -47 11.905255888325765
      vertex -28.9 -47 26.094744111674235
      vertex -29.1580964487968 -47 25.967465028475168
    endloop
  endfacet
  facet normal 0 -1 0
    outer loop
      vertex -28.660724856180813 -47 11.745377348640718
      vertex -28.660724856180813 -47 26.254622651359284
      vertex -28.9 -47 26.094744111674235
    endloop
  endfacet
  facet normal 0 -1 0
    outer loop
      vertex -31.339275143819187 -47 11.745377348640718
      vertex -31.339275143819187 -47 26.254622651359284
      vertex -31.555634918610405 -47 26.444365081389595
    endloop
  endfacet
  facet normal 0 -1 0
    outer loop
      vertex -31.1 -47 11.905255888325765
      vertex -31.1 -47 26.094744111674235
      vertex -31.339275143819187 -47 26.254622651359284
    endloop
  endfacet
  facet normal 0 -1 0
    outer loop
      vertex -28.444365081389595 -47 11.555634918610405
      vertex -28.444365081389595 -47 26.444365081389595
      vertex -28.660724856180813 -47 26.254622651359284
    endloop
  endfacet
  facet normal 0 -1 0
    outer loop
      vertex -48 -47 38
      vertex -31.555634918610405 -47 11.555634918610405
      vertex -31.555634918610405 -47 26.444365081389595
    endloop
  endfacet
  facet normal 0 0 1
    outer loop
      vertex -52.760120041668415 -44.65256857126951 38
      vertex -52.24264068901539 -45.24264068901539 38
      vertex -51.99567801150309 -44.63771403971522 38
    endloop
  endfacet
  facet normal 0 0 1
    outer loop
      vertex -52.760120041668415 -44.65256857126951 38
      vertex -52.48099564266939 -43.96574230107416 38
      vertex -53.19615242630243 -44 38
    endloop
  endfacet
  facet normal 0 0 1
    outer loop
      vertex -52.760120041668415 -44.65256857126951 38
      vertex -52.14887511449114 -44.46302622373296 38
      vertex -52.17341336116494 -43.95100838337128 38
    endloop
  endfacet
  facet normal 0 0 1
    outer loop
      vertex -52.760120041668415 -44.65256857126951 38
      vertex -52.17341336116494 -43.95100838337128 38
      vertex -52.48099564266939 -43.96574230107416 38
    endloop
  endfacet
  facet normal 0 0 1
    outer loop
      vertex -51.65256857126951 -45.760120041668415 38
      vertex -51 -46.19615242630243 38
      vertex -50.043184308083134 -45.74304859249104 38
    endloop
  endfacet
  facet normal 0 0 1
    outer loop
      vertex -51.65256857126951 -45.760120041668415 38
      vertex -50.043184308083134 -45.74304859249104 38
      vertex -50.54946366625732 -45.409754516216054 38
    endloop
  endfacet
  facet normal 0 0 1
    outer loop
      vertex -52.24264068901539 -45.24264068901539 38
      vertex -51.82842712474619 -44.63446404367003 38
      vertex -51.99567801150309 -44.63771403971522 38
    endloop
  endfacet
  facet normal 0 0 1
    outer loop
      vertex -51.65256857126951 -45.760120041668415 38
      vertex -51.438491898711725 -45.120834773937226 38
      vertex -52.24264068901539 -45.24264068901539 38
    endloop
  endfacet
  facet normal 0 0 1
    outer loop
      vertex -52.24264068901539 -45.24264068901539 38
      vertex -51.43990004313665 -45.09935064166149 38
      vertex -51.82842712474619 -44.63446404367003 38
    endloop
  endfacet
  facet normal 0 0 1
    outer loop
      vertex -52.24264068901539 -45.24264068901539 38
      vertex -51.438491898711725 -45.120834773937226 38
      vertex -51.43990004313665 -45.09935064166149 38
    endloop
  endfacet
  facet normal 0 0 1
    outer loop
      vertex -52.760120041668415 -44.65256857126951 38
      vertex -51.99567801150309 -44.63771403971522 38
      vertex -52.14887511449114 -44.46302622373296 38
    endloop
  endfacet
  facet normal 0 0 1
    outer loop
      vertex -51.65256857126951 -45.760120041668415 38
      vertex -51 -45.054415589302536 38
      vertex -51.438491898711725 -45.120834773937226 38
    endloop
  endfacet
  facet normal 0 0 1
    outer loop
      vertex -51.65256857126951 -45.760120041668415 38
      vertex -50.54946366625732 -45.409754516216054 38
      vertex -51 -45.054415589302536 38
    endloop
  endfacet
  facet normal 0 0 1
    outer loop
      vertex -53.19615242630243 -44 38
      vertex -52.78517846889856 -43.266602888522826 38
      vertex -53.54327719658613 -43.296100594103336 38
    endloop
  endfacet
  facet normal 0 0 1
    outer loop
      vertex -53.54327719658613 -43.296100594103336 38
      vertex -52.86750080706667 -43.016184849084496 38
      vertex -53.7955549582839 -42.55291426926851 38
    endloop
  endfacet
  facet normal 0 0 1
    outer loop
      vertex -52.86750080706667 -43.016184849084496 38
      vertex -52.96761108295586 -42.494159381469366 38
      vertex -53.7955549582839 -42.55291426926851 38
    endloop
  endfacet
  facet normal 0 0 1
    outer loop
      vertex -53.19615242630243 -44 38
      vertex -52.48099564266939 -43.96574230107416 38
      vertex -52.57066766893027 -43.78390541984718 38
    endloop
  endfacet
  facet normal 0 0 1
    outer loop
      vertex -53.19615242630243 -44 38
      vertex -52.57066766893027 -43.78390541984718 38
      vertex -52.78517846889856 -43.266602888522826 38
    endloop
  endfacet
  facet normal 0 0 1
    outer loop
      vertex -52.57066766893027 -43.78390541984718 38
      vertex -52.695518130045144 -43.26311419479317 38
      vertex -52.78517846889856 -43.266602888522826 38
    endloop
  endfacet
  facet normal 0 0 1
    outer loop
      vertex -53.54327719658613 -43.296100594103336 38
      vertex -52.78517846889856 -43.266602888522826 38
      vertex -52.82503166633818 -43.1491991547383 38
    endloop
  endfacet
  facet normal 0 0 1
    outer loop
      vertex -53.54327719658613 -43.296100594103336 38
      vertex -52.82503166633818 -43.1491991547383 38
      vertex -52.86750080706667 -43.016184849084496 38
    endloop
  endfacet
  facet normal 0 0 1
    outer loop
      vertex -52.82503166633818 -43.1491991547383 38
      vertex -52.86370330515627 -43.014611872293735 38
      vertex -52.86750080706667 -43.016184849084496 38
    endloop
  endfacet
  facet normal 0 0 1
    outer loop
      vertex -52.86750080706667 -43.016184849084496 38
      vertex -52.965779445495244 -42.494029399647296 38
      vertex -52.96761108295586 -42.494159381469366 38
    endloop
  endfacet
  facet normal 0 0 1
    outer loop
      vertex -53.7955549582839 -42.55291426926851 38
      vertex -52.96761108295586 -42.494159381469366 38
      vertex -52.98946150484082 -42.16078636536021 38
    endloop
  endfacet
  facet normal 0 0 1
    outer loop
      vertex -53.7955549582839 -42.55291426926851 38
      vertex -52.98946150484082 -42.16078636536021 38
      vertex -52.99932774677643 -41.98974339782038 38
    endloop
  endfacet
  facet normal 0 0 1
    outer loop
      vertex -53.7955549582839 -42.55291426926851 38
      vertex -52.949415634996924 -41.39562880035992 38
      vertex -53.94866916537285 -41.78315715491772 38
    endloop
  endfacet
  facet normal 0 0 1
    outer loop
      vertex -53.7955549582839 -42.55291426926851 38
      vertex -52.99932774677643 -41.98974339782038 38
      vertex -52.949415634996924 -41.39562880035992 38
    endloop
  endfacet
  facet normal 0 0 1
    outer loop
      vertex -53.94866916537285 -41.78315715491772 38
      vertex -52.756854904979924 -40.64995858278271 38
      vertex -54 -41 38
    endloop
  endfacet
  facet normal 0 0 1
    outer loop
      vertex -53.94866916537285 -41.78315715491772 38
      vertex -52.949415634996924 -41.39562880035992 38
      vertex -52.84483543436699 -41.25259189946942 38
    endloop
  endfacet
  facet normal 0 0 1
    outer loop
      vertex -53.94866916537285 -41.78315715491772 38
      vertex -52.84483543436699 -41.25259189946942 38
      vertex -52.756854904979924 -40.64995858278271 38
    endloop
  endfacet
  facet normal 0 0 1
    outer loop
      vertex -52.99932774677643 -41.98974339782038 38
      vertex -52.93520385345771 -41.94438861923578 38
      vertex -52.949415634996924 -41.39562880035992 38
    endloop
  endfacet
  facet normal 0 0 1
    outer loop
      vertex -50.043184308083134 -45.74304859249104 38
      vertex -50.53073372946036 -45.403805558761746 38
      vertex -50.54946366625732 -45.409754516216054 38
    endloop
  endfacet
  facet normal 0 0 1
    outer loop
      vertex -54 -41 38
      vertex -52.756854904979924 -40.64995858278271 38
      vertex -52.68796795855744 -40.584459627182895 38
    endloop
  endfacet
  facet normal 0 0 1
    outer loop
      vertex -54 -41 38
      vertex -52.68796795855744 -40.584459627182895 38
      vertex -52.51471958010439 -40.10264307908925 38
    endloop
  endfacet
  facet normal 0 0 1
    outer loop
      vertex -54 -41 38
      vertex -52.51471958010439 -40.10264307908925 38
      vertex -52.44941929314952 -39.97802635230309 38
    endloop
  endfacet
  facet normal 0 0 1
    outer loop
      vertex -52.45955837071046 -40.069316515059725 38
      vertex -52.44941929314952 -39.97802635230309 38
      vertex -52.51471958010439 -40.10264307908925 38
    endloop
  endfacet
  facet normal 0 -1 0
    outer loop
      vertex -48 -47 38
      vertex -31.745377348640716 -47 26.660724856180813
      vertex -31.905255888325765 -47 26.9
    endloop
  endfacet
  facet normal 0 -1 0
    outer loop
      vertex -48 -47 38
      vertex -31.905255888325765 -47 26.9
      vertex -32.03253497152483 -47 27.1580964487968
    endloop
  endfacet
  facet normal 0 -1 0
    outer loop
      vertex -48 -47 38
      vertex -32.03253497152483 -47 27.1580964487968
      vertex -32.12503681783595 -47 27.430598100774453
    endloop
  endfacet
  facet normal 0 -1 0
    outer loop
      vertex -48 -47 38
      vertex -31.555634918610405 -47 26.444365081389595
      vertex -31.745377348640716 -47 26.660724856180813
    endloop
  endfacet
  facet normal 0 -1 0
    outer loop
      vertex -48 -47 38
      vertex -32.12503681783595 -47 27.430598100774453
      vertex -32.18117869502238 -47 27.712842377115887
    endloop
  endfacet
  facet normal 0 -1 0
    outer loop
      vertex -48 -47 38
      vertex -32.18117869502238 -47 27.712842377115887
      vertex -32.2 -47 28
    endloop
  endfacet
  facet normal 0 -1 0
    outer loop
      vertex -48 -47 38
      vertex -32.2 -47 28
      vertex -32.18117869502238 -47 28.287157622884113
    endloop
  endfacet
  facet normal 0 -1 0
    outer loop
      vertex -48 -47 38
      vertex -32.18117869502238 -47 28.287157622884113
      vertex -32.12503681783595 -47 28.569401899225547
    endloop
  endfacet
  facet normal 0 -1 0
    outer loop
      vertex -48 -47 38
      vertex -32.12503681783595 -47 28.569401899225547
      vertex -32.03253497152483 -47 28.8419035512032
    endloop
  endfacet
  facet normal 0 -1 0
    outer loop
      vertex -48 -47 38
      vertex -32.03253497152483 -47 28.8419035512032
      vertex -31.905255888325765 -47 29.1
    endloop
  endfacet
  facet normal 0 -1 0
    outer loop
      vertex -48 -47 38
      vertex -31.905255888325765 -47 29.1
      vertex -31.745377348640716 -47 29.339275143819187
    endloop
  endfacet
  facet normal 0 -1 0
    outer loop
      vertex -48 -47 38
      vertex -31.745377348640716 -47 29.339275143819187
      vertex -31.555634918610405 -47 29.555634918610405
    endloop
  endfacet
  facet normal 0 -1 0
    outer loop
      vertex -48 -47 38
      vertex -31.555634918610405 -47 29.555634918610405
      vertex -31.339275143819187 -47 29.745377348640716
    endloop
  endfacet
  facet normal 0 -1 0
    outer loop
      vertex -48 -47 38
      vertex -31.339275143819187 -47 29.745377348640716
      vertex -31.1 -47 29.905255888325765
    endloop
  endfacet
  facet normal 0 -1 0
    outer loop
      vertex -48 -47 38
      vertex -31.1 -47 29.905255888325765
      vertex -30.8419035512032 -47 30.032534971524832
    endloop
  endfacet
  facet normal 0 -1 0
    outer loop
      vertex -48 -47 38
      vertex -30.8419035512032 -47 30.032534971524832
      vertex -30.569401899225547 -47 30.12503681783595
    endloop
  endfacet
  facet normal 0 -1 0
    outer loop
      vertex -48 -47 38
      vertex -30.569401899225547 -47 30.12503681783595
      vertex -30.287157622884113 -47 30.181178695022382
    endloop
  endfacet
  facet normal 0 -1 0
    outer loop
      vertex -48 -47 38
      vertex -30.287157622884113 -47 30.181178695022382
      vertex -30 -47 30.2
    endloop
  endfacet
  facet normal 0 -1 0
    outer loop
      vertex -48 -47 38
      vertex -30 -47 30.2
      vertex -29.712842377115887 -47 30.181178695022382
    endloop
  endfacet
  facet normal 0 -1 0
    outer loop
      vertex -48 -47 38
      vertex -29.712842377115887 -47 30.181178695022382
      vertex -29.430598100774453 -47 30.12503681783595
    endloop
  endfacet
  facet normal 0 -1 0
    outer loop
      vertex -48 -47 38
      vertex -29.430598100774453 -47 30.12503681783595
      vertex -29.1580964487968 -47 30.032534971524832
    endloop
  endfacet
  facet normal 0 0 1
    outer loop
      vertex -51 -46.19615242630243 38
      vertex -50.296100594103336 -46.54327719658613 38
      vertex -4.5 -47 38
    endloop
  endfacet
  facet normal 0 0 1
    outer loop
      vertex -51 -46.19615242630243 38
      vertex -4.5 -47 38
      vertex -50.043184308083134 -45.74304859249104 38
    endloop
  endfacet
  facet normal 0 0 1
    outer loop
      vertex -50.296100594103336 -46.54327719658613 38
      vertex -49.55291426926851 -46.7955549582839 38
      vertex -4.5 -47 38
    endloop
  endfacet
  facet normal 0 0 1
    outer loop
      vertex -49.55291426926851 -46.7955549582839 38
      vertex -48.78315715491772 -46.94866916537285 38
      vertex -4.5 -47 38
    endloop
  endfacet
  facet normal 0 0 1
    outer loop
      vertex -48.78315715491772 -46.94866916537285 38
      vertex -48 -47 38
      vertex -4.5 -47 38
    endloop
  endfacet
  facet normal 0 0 1
    outer loop
      vertex -50.043184308083134 -45.74304859249104 38
      vertex -4.5 -47 38
      vertex -47.96472381958992 -45.7210014447662 38
    endloop
  endfacet
  facet normal 0 0 1
    outer loop
      vertex -47.96472381958992 -45.7210014447662 38
      vertex -4.5 -47 38
      vertex -47.5410546284711 -44.600239442469125 38
    endloop
  endfacet
  facet normal 0 0 1
    outer loop
      vertex -47.5410546284711 -44.600239442469125 38
      vertex -4.5 -47 38
      vertex -45.97217546769844 -44.60105795810413 38
    endloop
  endfacet
  facet normal 0 0 1
    outer loop
      vertex -45.97217546769844 -44.60105795810413 38
      vertex -4.5 -44.600000001490116 38
      vertex -45.971247664649084 -44.600000001490116 38
    endloop
  endfacet
  facet normal -1 0 0
    outer loop
      vertex -54 -41 0
      vertex -54 -41 38
      vertex -54 41 38
    endloop
  endfacet
  facet normal 0 0 1
    outer loop
      vertex -54 -41 38
      vertex -52.44941929314952 -39.97802635230309 38
      vertex -51.81075888105442 39.1560782413937 38
    endloop
  endfacet
  facet normal 0 0 1
    outer loop
      vertex -52.44941929314952 -39.97802635230309 38
      vertex -51.80347364234249 -39.55228944608937 38
      vertex -51.81075888105442 39.1560782413937 38
    endloop
  endfacet
  facet normal 0 0 1
    outer loop
      vertex -51.80347364234249 -39.55228944608937 38
      vertex -51.8 -39.146642955940834 38
      vertex -51.81075888105442 39.1560782413937 38
    endloop
  endfacet
  facet normal 0 -1 0
    outer loop
      vertex -48 -47 38
      vertex -29.1580964487968 -47 30.032534971524832
      vertex 48 -47 0
    endloop
  endfacet
  facet normal 0 -1 0
    outer loop
      vertex 48 -47 0
      vertex -27.967465028475168 -47 28.8419035512032
      vertex -27.87496318216405 -47 28.569401899225547
    endloop
  endfacet
  facet normal 0 -1 0
    outer loop
      vertex 48 -47 0
      vertex -28.094744111674235 -47 29.1
      vertex -27.967465028475168 -47 28.8419035512032
    endloop
  endfacet
  facet normal 0 -1 0
    outer loop
      vertex 48 -47 0
      vertex -28.254622651359284 -47 29.339275143819187
      vertex -28.094744111674235 -47 29.1
    endloop
  endfacet
  facet normal 0 -1 0
    outer loop
      vertex 48 -47 0
      vertex -28.9 -47 29.905255888325765
      vertex -28.660724856180813 -47 29.745377348640716
    endloop
  endfacet
  facet normal 0 -1 0
    outer loop
      vertex 48 -47 0
      vertex -28.660724856180813 -47 29.745377348640716
      vertex -28.444365081389595 -47 29.555634918610405
    endloop
  endfacet
  facet normal 0 -1 0
    outer loop
      vertex 48 -47 0
      vertex -28.444365081389595 -47 29.555634918610405
      vertex -28.254622651359284 -47 29.339275143819187
    endloop
  endfacet
  facet normal 0 -1 0
    outer loop
      vertex 48 -47 0
      vertex -29.1580964487968 -47 30.032534971524832
      vertex -28.9 -47 29.905255888325765
    endloop
  endfacet
  facet normal 0 -1 0
    outer loop
      vertex -48 -47 38
      vertex 27.967465028475168 -47 9.158096448796803
      vertex -4.5 -47 34
    endloop
  endfacet
  facet normal 0 -1 0
    outer loop
      vertex -48 -47 38
      vertex -4.5 -47 34
      vertex -4.5 -47 38
    endloop
  endfacet
  facet normal 0 0 1
    outer loop
      vertex -45.97217546769844 -44.60105795810413 38
      vertex -4.5 -47 38
      vertex -4.5 -44.600000001490116 38
    endloop
  endfacet
  facet normal 0 0 -1
    outer loop
      vertex -43.3 -32.8 0
      vertex -54 41 0
      vertex -43.3 32.8 0
    endloop
  endfacet
  facet normal -1 0 0
    outer loop
      vertex -54 -41 0
      vertex -54 41 38
      vertex -54 41 0
    endloop
  endfacet
  facet normal 0 0 -1
    outer loop
      vertex -49.55291426926851 46.7955549582839 0
      vertex -48.78315715491772 46.94866916537285 0
      vertex -48 47 0
    endloop
  endfacet
  facet normal -0.9978589230086541 0.06540313273849395 0
    outer loop
      vertex -54 41 0
      vertex -53.94866916537285 41.78315715491772 38
      vertex -53.94866916537285 41.78315715491772 0
    endloop
  endfacet
  facet normal -0.9807852810941301 0.19509031854274123 0
    outer loop
      vertex -53.94866916537285 41.78315715491772 0
      vertex -53.7955549582839 42.55291426926851 38
      vertex -53.7955549582839 42.55291426926851 0
    endloop
  endfacet
  facet normal -0.9469301300366788 0.32143946370773846 0
    outer loop
      vertex -53.7955549582839 42.55291426926851 0
      vertex -53.54327719658613 43.296100594103336 38
      vertex -53.54327719658613 43.296100594103336 0
    endloop
  endfacet
  facet normal -0.8968727426043883 0.44228868804580856 0
    outer loop
      vertex -53.54327719658613 43.296100594103336 0
      vertex -53.19615242630243 44 38
      vertex -53.19615242630243 44 0
    endloop
  endfacet
  facet normal -0.8314696090452178 0.555570237894537 0
    outer loop
      vertex -53.19615242630243 44 0
      vertex -52.760120041668415 44.65256857126951 38
      vertex -52.760120041668415 44.65256857126951 0
    endloop
  endfacet
  facet normal -0.7518398113182407 0.6593458107222281 0
    outer loop
      vertex -52.760120041668415 44.65256857126951 0
      vertex -52.24264068901539 45.24264068901539 38
      vertex -52.24264068901539 45.24264068901539 0
    endloop
  endfacet
  facet normal -0.6593458107222281 0.7518398113182407 0
    outer loop
      vertex -52.24264068901539 45.24264068901539 0
      vertex -51.65256857126951 45.760120041668415 38
      vertex -51.65256857126951 45.760120041668415 0
    endloop
  endfacet
  facet normal -0.555570237894537 0.8314696090452178 0
    outer loop
      vertex -51.65256857126951 45.760120041668415 0
      vertex -51 46.19615242630243 38
      vertex -51 46.19615242630243 0
    endloop
  endfacet
  facet normal -0.44228868804580856 0.8968727426043883 0
    outer loop
      vertex -51 46.19615242630243 0
      vertex -50.296100594103336 46.54327719658613 38
      vertex -50.296100594103336 46.54327719658613 0
    endloop
  endfacet
  facet normal -0.32143946370773846 0.9469301300366788 0
    outer loop
      vertex -50.296100594103336 46.54327719658613 0
      vertex -49.55291426926851 46.7955549582839 38
      vertex -49.55291426926851 46.7955549582839 0
    endloop
  endfacet
  facet normal -0.19509031854274123 0.9807852810941301 0
    outer loop
      vertex -49.55291426926851 46.7955549582839 0
      vertex -48.78315715491772 46.94866916537285 38
      vertex -48.78315715491772 46.94866916537285 0
    endloop
  endfacet
  facet normal -0.06540313273849395 0.9978589230086541 0
    outer loop
      vertex -48.78315715491772 46.94866916537285 0
      vertex -48 47 38
      vertex -48 47 0
    endloop
  endfacet
  facet normal 0 0 -1
    outer loop
      vertex -43.3 32.8 0
      vertex -54 41 0
      vertex 53.7955549582839 42.55291426926851 0
    endloop
  endfacet
  facet normal 0 0 -1
    outer loop
      vertex -54 41 0
      vertex -53.94866916537285 41.78315715491772 0
      vertex 53.54327719658613 43.296100594103336 0
    endloop
  endfacet
  facet normal 0 0 -1
    outer loop
      vertex -53.94866916537285 41.78315715491772 0
      vertex -53.7955549582839 42.55291426926851 0
      vertex 53.19615242630243 44 0
    endloop
  endfacet
  facet normal 0 0 -1
    outer loop
      vertex -53.7955549582839 42.55291426926851 0
      vertex -53.54327719658613 43.296100594103336 0
      vertex 52.760120041668415 44.65256857126951 0
    endloop
  endfacet
  facet normal 0 0 -1
    outer loop
      vertex -53.54327719658613 43.296100594103336 0
      vertex -53.19615242630243 44 0
      vertex 52.24264068901539 45.24264068901539 0
    endloop
  endfacet
  facet normal 0 0 -1
    outer loop
      vertex -53.19615242630243 44 0
      vertex -52.760120041668415 44.65256857126951 0
      vertex 51.65256857126951 45.760120041668415 0
    endloop
  endfacet
  facet normal 0 0 -1
    outer loop
      vertex -52.760120041668415 44.65256857126951 0
      vertex -52.24264068901539 45.24264068901539 0
      vertex 51 46.19615242630243 0
    endloop
  endfacet
  facet normal 0 0 -1
    outer loop
      vertex -52.24264068901539 45.24264068901539 0
      vertex -51.65256857126951 45.760120041668415 0
      vertex 50.296100594103336 46.54327719658613 0
    endloop
  endfacet
  facet normal 0 0 -1
    outer loop
      vertex -51.65256857126951 45.760120041668415 0
      vertex -51 46.19615242630243 0
      vertex 49.55291426926851 46.7955549582839 0
    endloop
  endfacet
  facet normal 0 0 -1
    outer loop
      vertex -51 46.19615242630243 0
      vertex -50.296100594103336 46.54327719658613 0
      vertex 48.78315715491772 46.94866916537285 0
    endloop
  endfacet
  facet normal 0 0 -1
    outer loop
      vertex -50.296100594103336 46.54327719658613 0
      vertex -49.55291426926851 46.7955549582839 0
      vertex 48 47 0
    endloop
  endfacet
  facet normal 0 0 -1
    outer loop
      vertex -49.55291426926851 46.7955549582839 0
      vertex -48 47 0
      vertex 48 47 0
    endloop
  endfacet
  facet normal 0 0 1
    outer loop
      vertex -54 -41 38
      vertex -51.82842712474619 39.568736059491805 38
      vertex -52.44941929314952 39.97802635230309 38
    endloop
  endfacet
  facet normal 0 0 1
    outer loop
      vertex -54 -41 38
      vertex -51.81075888105442 39.1560782413937 38
      vertex -51.82842712474619 39.568736059491805 38
    endloop
  endfacet
  facet normal 0 0 1
    outer loop
      vertex -54 -41 38
      vertex -52.44941929314952 39.97802635230309 38
      vertex -54 41 38
    endloop
  endfacet
  facet normal 0 0 1
    outer loop
      vertex -51.8 -39.146642955940834 38
      vertex -51.8 39.146642955940834 38
      vertex -51.81075888105442 39.1560782413937 38
    endloop
  endfacet
  facet normal -0.9978589230086541 0.06540313273849395 0
    outer loop
      vertex -54 41 0
      vertex -54 41 38
      vertex -53.94866916537285 41.78315715491772 38
    endloop
  endfacet
  facet normal -0.9807852810941301 0.19509031854274123 0
    outer loop
      vertex -53.94866916537285 41.78315715491772 0
      vertex -53.94866916537285 41.78315715491772 38
      vertex -53.7955549582839 42.55291426926851 38
    endloop
  endfacet
  facet normal -0.9469301300366788 0.32143946370773846 0
    outer loop
      vertex -53.7955549582839 42.55291426926851 0
      vertex -53.7955549582839 42.55291426926851 38
      vertex -53.54327719658613 43.296100594103336 38
    endloop
  endfacet
  facet normal -0.8968727426043883 0.44228868804580856 0
    outer loop
      vertex -53.54327719658613 43.296100594103336 0
      vertex -53.54327719658613 43.296100594103336 38
      vertex -53.19615242630243 44 38
    endloop
  endfacet
  facet normal -0.8314696090452178 0.555570237894537 0
    outer loop
      vertex -53.19615242630243 44 0
      vertex -53.19615242630243 44 38
      vertex -52.760120041668415 44.65256857126951 38
    endloop
  endfacet
  facet normal -0.7518398113182407 0.6593458107222281 0
    outer loop
      vertex -52.760120041668415 44.65256857126951 0
      vertex -52.760120041668415 44.65256857126951 38
      vertex -52.24264068901539 45.24264068901539 38
    endloop
  endfacet
  facet normal -0.6593458107222281 0.7518398113182407 0
    outer loop
      vertex -52.24264068901539 45.24264068901539 0
      vertex -52.24264068901539 45.24264068901539 38
      vertex -51.65256857126951 45.760120041668415 38
    endloop
  endfacet
  facet normal -0.555570237894537 0.8314696090452178 0
    outer loop
      vertex -51.65256857126951 45.760120041668415 0
      vertex -51.65256857126951 45.760120041668415 38
      vertex -51 46.19615242630243 38
    endloop
  endfacet
  facet normal -0.44228868804580856 0.8968727426043883 0
    outer loop
      vertex -51 46.19615242630243 0
      vertex -51 46.19615242630243 38
      vertex -50.296100594103336 46.54327719658613 38
    endloop
  endfacet
  facet normal -0.32143946370773846 0.9469301300366788 0
    outer loop
      vertex -50.296100594103336 46.54327719658613 0
      vertex -50.296100594103336 46.54327719658613 38
      vertex -49.55291426926851 46.7955549582839 38
    endloop
  endfacet
  facet normal -0.19509031854274123 0.9807852810941301 0
    outer loop
      vertex -49.55291426926851 46.7955549582839 0
      vertex -49.55291426926851 46.7955549582839 38
      vertex -48.78315715491772 46.94866916537285 38
    endloop
  endfacet
  facet normal -0.06540313273849395 0.9978589230086541 0
    outer loop
      vertex -48.78315715491772 46.94866916537285 0
      vertex -48.78315715491772 46.94866916537285 38
      vertex -48 47 38
    endloop
  endfacet
  facet normal 0 0 1
    outer loop
      vertex -54 41 38
      vertex -52.87072017371375 41 38
      vertex -52.91253481319722 41.21021638842423 38
    endloop
  endfacet
  facet normal 0 0 1
    outer loop
      vertex -54 41 38
      vertex -52.44941929314952 39.97802635230309 38
      vertex -52.87072017371375 41 38
    endloop
  endfacet
  facet normal 0 0 1
    outer loop
      vertex -52.44941929314952 39.97802635230309 38
      vertex -52.46410161513776 41 38
      vertex -52.87072017371375 41 38
    endloop
  endfacet
  facet normal 0 0 1
    outer loop
      vertex -54 41 38
      vertex -52.9774063806635 41.65528798195805 38
      vertex -53.94866916537285 41.78315715491772 38
    endloop
  endfacet
  facet normal 0 0 1
    outer loop
      vertex -54 41 38
      vertex -52.91253481319722 41.21021638842423 38
      vertex -52.9774063806635 41.65528798195805 38
    endloop
  endfacet
  facet normal 0 0 1
    outer loop
      vertex -53.94866916537285 41.78315715491772 38
      vertex -52.9774063806635 41.65528798195805 38
      vertex -52.98956705826625 41.8408240687076 38
    endloop
  endfacet
  facet normal 0 0 1
    outer loop
      vertex -53.94866916537285 41.78315715491772 38
      vertex -52.98956705826625 41.8408240687076 38
      vertex -53.7955549582839 42.55291426926851 38
    endloop
  endfacet
  facet normal 0 0 1
    outer loop
      vertex -53.7955549582839 42.55291426926851 38
      vertex -52.98956705826625 41.8408240687076 38
      vertex -52.978116203421514 42.333882215533514 38
    endloop
  endfacet
  facet normal 0 0 1
    outer loop
      vertex -53.7955549582839 42.55291426926851 38
      vertex -52.978116203421514 42.333882215533514 38
      vertex -52.96761108295586 42.494159381469366 38
    endloop
  endfacet
  facet normal 0 0 1
    outer loop
      vertex -53.7955549582839 42.55291426926851 38
      vertex -52.96761108295586 42.494159381469366 38
      vertex -52.944022375486114 42.63148494617006 38
    endloop
  endfacet
  facet normal 0 0 1
    outer loop
      vertex -52.91253481319722 41.21021638842423 38
      vertex -52.965779445495244 41.653757266885435 38
      vertex -52.9774063806635 41.65528798195805 38
    endloop
  endfacet
  facet normal 0 0 1
    outer loop
      vertex -52.963930689494056 42.49389820301108 38
      vertex -52.944022375486114 42.63148494617006 38
      vertex -52.96761108295586 42.494159381469366 38
    endloop
  endfacet
  facet normal 0 0 1
    outer loop
      vertex -53.7955549582839 42.55291426926851 38
      vertex -52.944022375486114 42.63148494617006 38
      vertex -53.54327719658613 43.296100594103336 38
    endloop
  endfacet
  facet normal 0 0 1
    outer loop
      vertex -53.54327719658613 43.296100594103336 38
      vertex -52.752834409482325 43.36188541502442 38
      vertex -53.19615242630243 44 38
    endloop
  endfacet
  facet normal 0 0 1
    outer loop
      vertex -52.944022375486114 42.63148494617006 38
      vertex -52.83787934818261 42.64127873406743 38
      vertex -52.82503166633818 43.1491991547383 38
    endloop
  endfacet
  facet normal 0 0 1
    outer loop
      vertex -53.54327719658613 43.296100594103336 38
      vertex -52.944022375486114 42.63148494617006 38
      vertex -52.82503166633818 43.1491991547383 38
    endloop
  endfacet
  facet normal 0 0 1
    outer loop
      vertex -53.54327719658613 43.296100594103336 38
      vertex -52.82503166633818 43.1491991547383 38
      vertex -52.752834409482325 43.36188541502442 38
    endloop
  endfacet
  facet normal 0 0 1
    outer loop
      vertex -53.19615242630243 44 38
      vertex -52.752834409482325 43.36188541502442 38
      vertex -52.684822224652585 43.367545748033294 38
    endloop
  endfacet
  facet normal 0 0 1
    outer loop
      vertex -53.19615242630243 44 38
      vertex -52.684822224652585 43.367545748033294 38
      vertex -52.521168323505485 43.88428016289842 38
    endloop
  endfacet
  facet normal 0 0 1
    outer loop
      vertex -53.19615242630243 44 38
      vertex -52.521168323505485 43.88428016289842 38
      vertex -52.48099564266939 43.96574230107416 38
    endloop
  endfacet
  facet normal 0 0 1
    outer loop
      vertex -53.19615242630243 44 38
      vertex -52.48099564266939 43.96574230107416 38
      vertex -52.44674895531398 44.025970090689846 38
    endloop
  endfacet
  facet normal 0 0 1
    outer loop
      vertex -52.46179596595315 43.964822591215466 38
      vertex -52.44674895531398 44.025970090689846 38
      vertex -52.48099564266939 43.96574230107416 38
    endloop
  endfacet
  facet normal 0 0 1
    outer loop
      vertex -53.19615242630243 44 38
      vertex -52.44674895531398 44.025970090689846 38
      vertex -52.760120041668415 44.65256857126951 38
    endloop
  endfacet
  facet normal 0 0 1
    outer loop
      vertex -52.44674895531398 44.025970090689846 38
      vertex -52.08899982457188 44.5313009066303 38
      vertex -52.760120041668415 44.65256857126951 38
    endloop
  endfacet
  facet normal 0 0 1
    outer loop
      vertex -52.760120041668415 44.65256857126951 38
      vertex -51.97237375456299 44.66428745180039 38
      vertex -52.24264068901539 45.24264068901539 38
    endloop
  endfacet
  facet normal 0 0 1
    outer loop
      vertex -52.44674895531398 44.025970090689846 38
      vertex -52.1472813287552 44.03634794684008 38
      vertex -52.08899982457188 44.5313009066303 38
    endloop
  endfacet
  facet normal 0 0 1
    outer loop
      vertex -52.760120041668415 44.65256857126951 38
      vertex -52.08899982457188 44.5313009066303 38
      vertex -51.97237375456299 44.66428745180039 38
    endloop
  endfacet
  facet normal 0 0 1
    outer loop
      vertex -51.97237375456299 44.66428745180039 38
      vertex -51.31866845212548 45.2511741628487 38
      vertex -52.24264068901539 45.24264068901539 38
    endloop
  endfacet
  facet normal 0 0 1
    outer loop
      vertex -51.97237375456299 44.66428745180039 38
      vertex -51.402231760767265 44.67276914955041 38
      vertex -51.31866845212548 45.2511741628487 38
    endloop
  endfacet
  facet normal 0 0 1
    outer loop
      vertex -52.24264068901539 45.24264068901539 38
      vertex -51.31380722534695 45.2544223307362 38
      vertex -51.65256857126951 45.760120041668415 38
    endloop
  endfacet
  facet normal 0 0 1
    outer loop
      vertex -52.24264068901539 45.24264068901539 38
      vertex -51.31866845212548 45.2511741628487 38
      vertex -51.31380722534695 45.2544223307362 38
    endloop
  endfacet
  facet normal 0 0 1
    outer loop
      vertex -51.31380722534695 45.2544223307362 38
      vertex -50.50249728673035 45.26471326382076 38
      vertex -50.31004113076011 45.77043317257357 38
    endloop
  endfacet
  facet normal 0 0 1
    outer loop
      vertex -51.31380722534695 45.2544223307362 38
      vertex -50.31004113076011 45.77043317257357 38
      vertex -51.65256857126951 45.760120041668415 38
    endloop
  endfacet
  facet normal 0 0 1
    outer loop
      vertex -51.65256857126951 45.760120041668415 38
      vertex -50.31004113076011 45.77043317257357 38
      vertex -50.29964609053977 45.77396181324742 38
    endloop
  endfacet
  facet normal 0 0 1
    outer loop
      vertex -51.65256857126951 45.760120041668415 38
      vertex -50.29964609053977 45.77396181324742 38
      vertex -51 46.19615242630243 38
    endloop
  endfacet
  facet normal 0 0 1
    outer loop
      vertex -51 46.19615242630243 38
      vertex -50.29964609053977 45.77396181324742 38
      vertex -47.960410487216606 45.79789457018794 38
    endloop
  endfacet
  facet normal 0 0 1
    outer loop
      vertex -47.46926627053964 45.303187804722924 38
      vertex -46.98985172526668 45.3092688629848 38
      vertex -47.95979391414913 45.788487483027865 38
    endloop
  endfacet
  facet normal 0 0 1
    outer loop
      vertex -49.55291426926851 46.7955549582839 38
      vertex -48 47 38
      vertex -48.78315715491772 46.94866916537285 38
    endloop
  endfacet
  facet normal 0 0 1
    outer loop
      vertex -46.564954283965115 44.74473074146557 38
      vertex -46.16647566306767 44.750658694956236 38
      vertex -46.98866510326331 45.29116450974489 38
    endloop
  endfacet
  facet normal 0 0 1
    outer loop
      vertex -46.159820797246944 44.649125063150905 38
      vertex -46.01426258932518 44.64904912252274 38
      vertex -46.16647566306767 44.750658694956236 38
    endloop
  endfacet
  facet normal 0 1 0
    outer loop
      vertex -48 47 0
      vertex -48 47 38
      vertex 48 47 38
    endloop
  endfacet
  facet normal 0 0 1
    outer loop
      vertex -51 46.19615242630243 38
      vertex 48.78315715491772 46.94866916537285 38
      vertex -50.296100594103336 46.54327719658613 38
    endloop
  endfacet
  facet normal 0 0 1
    outer loop
      vertex -50.296100594103336 46.54327719658613 38
      vertex 48 47 38
      vertex -49.55291426926851 46.7955549582839 38
    endloop
  endfacet
  facet normal 0 0 1
    outer loop
      vertex -46.16647566306767 44.750658694956236 38
      vertex -46.01426258932518 44.64904912252274 38
      vertex 45.97217546769844 44.60105795810413 38
    endloop
  endfacet
  facet normal 0 0 1
    outer loop
      vertex -46.01426258932518 44.64904912252274 38
      vertex -45.971247664649084 44.600000001490116 38
      vertex 45.97217546769844 44.60105795810413 38
    endloop
  endfacet
  facet normal 0 0 1
    outer loop
      vertex -51 46.19615242630243 38
      vertex -47.960410487216606 45.79789457018794 38
      vertex 49.55291426926851 46.7955549582839 38
    endloop
  endfacet
  facet normal 0 0 1
    outer loop
      vertex -49.55291426926851 46.7955549582839 38
      vertex 48 47 38
      vertex -48 47 38
    endloop
  endfacet
  facet normal 0 0 1
    outer loop
      vertex -47.960410487216606 45.79789457018794 38
      vertex -47.95979391414913 45.788487483027865 38
      vertex 49.55291426926851 46.7955549582839 38
    endloop
  endfacet
  facet normal 0 0 1
    outer loop
      vertex -46.98866510326331 45.29116450974489 38
      vertex -46.16647566306767 44.750658694956236 38
      vertex 51 46.19615242630243 38
    endloop
  endfacet
  facet normal 0 0 1
    outer loop
      vertex -47.95979391414913 45.788487483027865 38
      vertex -46.98985172526668 45.3092688629848 38
      vertex 50.296100594103336 46.54327719658613 38
    endloop
  endfacet
  facet normal 0 0 1
    outer loop
      vertex -46.98985172526668 45.3092688629848 38
      vertex -46.98866510326331 45.29116450974489 38
      vertex 50.296100594103336 46.54327719658613 38
    endloop
  endfacet
  facet normal 0 0 -1
    outer loop
      vertex -48 -47 0
      vertex 49.55291426926851 -46.7955549582839 0
      vertex 48 -47 0
    endloop
  endfacet
  facet normal 0 0 -1
    outer loop
      vertex -48 -47 0
      vertex 50.296100594103336 -46.54327719658613 0
      vertex 49.55291426926851 -46.7955549582839 0
    endloop
  endfacet
  facet normal 0 0 -1
    outer loop
      vertex -48.78315715491772 -46.94866916537285 0
      vertex 51 -46.19615242630243 0
      vertex 50.296100594103336 -46.54327719658613 0
    endloop
  endfacet
  facet normal 0 0 -1
    outer loop
      vertex -49.55291426926851 -46.7955549582839 0
      vertex 51.65256857126951 -45.760120041668415 0
      vertex 51 -46.19615242630243 0
    endloop
  endfacet
  facet normal 0 0 -1
    outer loop
      vertex -50.296100594103336 -46.54327719658613 0
      vertex 52.24264068901539 -45.24264068901539 0
      vertex 51.65256857126951 -45.760120041668415 0
    endloop
  endfacet
  facet normal 0 0 -1
    outer loop
      vertex -51 -46.19615242630243 0
      vertex 52.760120041668415 -44.65256857126951 0
      vertex 52.24264068901539 -45.24264068901539 0
    endloop
  endfacet
  facet normal 0 0 -1
    outer loop
      vertex -51.65256857126951 -45.760120041668415 0
      vertex 53.19615242630243 -44 0
      vertex 52.760120041668415 -44.65256857126951 0
    endloop
  endfacet
  facet normal 0 0 -1
    outer loop
      vertex -52.24264068901539 -45.24264068901539 0
      vertex 53.54327719658613 -43.296100594103336 0
      vertex 53.19615242630243 -44 0
    endloop
  endfacet
  facet normal 0 0 -1
    outer loop
      vertex -52.760120041668415 -44.65256857126951 0
      vertex 53.7955549582839 -42.55291426926851 0
      vertex 53.54327719658613 -43.296100594103336 0
    endloop
  endfacet
  facet normal 0 0 -1
    outer loop
      vertex -53.19615242630243 -44 0
      vertex 53.94866916537285 -41.78315715491772 0
      vertex 53.7955549582839 -42.55291426926851 0
    endloop
  endfacet
  facet normal 0 0 -1
    outer loop
      vertex -53.54327719658613 -43.296100594103336 0
      vertex 54 -41 0
      vertex 53.94866916537285 -41.78315715491772 0
    endloop
  endfacet
  facet normal 0 0 -1
    outer loop
      vertex -53.7955549582839 -42.55291426926851 0
      vertex 43.3 -32.8 0
      vertex 54 -41 0
    endloop
  endfacet
  facet normal 0 -1 0
    outer loop
      vertex -48 -47 38
      vertex 29.1580964487968 -47 7.96746502847517
      vertex 28.9 -47 8.094744111674235
    endloop
  endfacet
  facet normal 0 -1 0
    outer loop
      vertex -48 -47 38
      vertex 28.444365081389595 -47 8.444365081389595
      vertex 28.254622651359284 -47 8.660724856180815
    endloop
  endfacet
  facet normal 0 -1 0
    outer loop
      vertex -48 -47 38
      vertex 28.660724856180813 -47 8.254622651359282
      vertex 28.444365081389595 -47 8.444365081389595
    endloop
  endfacet
  facet normal 0 -1 0
    outer loop
      vertex -48 -47 38
      vertex 28.9 -47 8.094744111674235
      vertex 28.660724856180813 -47 8.254622651359282
    endloop
  endfacet
  facet normal 0 -1 0
    outer loop
      vertex -48 -47 38
      vertex 28.254622651359284 -47 8.660724856180815
      vertex 28.094744111674235 -47 8.9
    endloop
  endfacet
  facet normal 0 -1 0
    outer loop
      vertex -48 -47 38
      vertex 28.094744111674235 -47 8.9
      vertex 27.967465028475168 -47 9.158096448796803
    endloop
  endfacet
  facet normal 0 -1 0
    outer loop
      vertex -48 -47 38
      vertex 48 -47 0
      vertex 29.1580964487968 -47 7.96746502847517
    endloop
  endfacet
  facet normal 0 -1 0
    outer loop
      vertex -4.5 -47 34
      vertex 27.967465028475168 -47 9.158096448796803
      vertex 27.87496318216405 -47 9.430598100774453
    endloop
  endfacet
  facet normal 0 -1 0
    outer loop
      vertex 27.87496318216405 -47 9.430598100774453
      vertex 27.818821304977618 -47 9.712842377115887
      vertex -4.5 -47 34
    endloop
  endfacet
  facet normal 0 -1 0
    outer loop
      vertex 27.818821304977618 -47 9.712842377115887
      vertex 27.8 -47 10
      vertex -4.5 -47 34
    endloop
  endfacet
  facet normal 0 -1 0
    outer loop
      vertex 27.8 -47 10
      vertex 27.818821304977618 -47 10.287157622884113
      vertex 4.5 -47 34
    endloop
  endfacet
  facet normal 0 -1 0
    outer loop
      vertex 27.818821304977618 -47 10.287157622884113
      vertex 27.87496318216405 -47 10.569401899225547
      vertex 4.5 -47 34
    endloop
  endfacet
  facet normal 0 -1 0
    outer loop
      vertex 27.87496318216405 -47 10.569401899225547
      vertex 27.967465028475168 -47 10.841903551203197
      vertex 4.5 -47 34
    endloop
  endfacet
  facet normal 0 -1 0
    outer loop
      vertex 27.967465028475168 -47 10.841903551203197
      vertex 28.094744111674235 -47 11.1
      vertex 4.5 -47 34
    endloop
  endfacet
  facet normal 0 -1 0
    outer loop
      vertex 28.094744111674235 -47 11.1
      vertex 28.254622651359284 -47 11.339275143819185
      vertex 4.5 -47 34
    endloop
  endfacet
  facet normal 0 -1 0
    outer loop
      vertex 48 -47 0
      vertex 29.430598100774453 -47 7.874963182164049
      vertex 29.1580964487968 -47 7.96746502847517
    endloop
  endfacet
  facet normal 0 -1 0
    outer loop
      vertex 48 -47 0
      vertex 29.712842377115887 -47 7.818821304977617
      vertex 29.430598100774453 -47 7.874963182164049
    endloop
  endfacet
  facet normal 0 -1 0
    outer loop
      vertex 48 -47 0
      vertex 30 -47 7.8
      vertex 29.712842377115887 -47 7.818821304977617
    endloop
  endfacet
  facet normal 0 -1 0
    outer loop
      vertex 48 -47 0
      vertex 30.287157622884113 -47 7.818821304977617
      vertex 30 -47 7.8
    endloop
  endfacet
  facet normal 0 -1 0
    outer loop
      vertex 48 -47 0
      vertex 30.569401899225547 -47 7.874963182164049
      vertex 30.287157622884113 -47 7.818821304977617
    endloop
  endfacet
  facet normal 0 -1 0
    outer loop
      vertex 48 -47 0
      vertex 30.8419035512032 -47 7.96746502847517
      vertex 30.569401899225547 -47 7.874963182164049
    endloop
  endfacet
  facet normal 0 -1 0
    outer loop
      vertex 48 -47 0
      vertex 31.1 -47 8.094744111674235
      vertex 30.8419035512032 -47 7.96746502847517
    endloop
  endfacet
  facet normal 0 -1 0
    outer loop
      vertex 48 -47 0
      vertex 31.339275143819187 -47 8.254622651359282
      vertex 31.1 -47 8.094744111674235
    endloop
  endfacet
  facet normal 0 -1 0
    outer loop
      vertex 48 -47 0
      vertex 31.555634918610405 -47 8.444365081389595
      vertex 31.339275143819187 -47 8.254622651359282
    endloop
  endfacet
  facet normal 0 -1 0
    outer loop
      vertex 48 -47 0
      vertex 31.745377348640716 -47 8.660724856180815
      vertex 31.555634918610405 -47 8.444365081389595
    endloop
  endfacet
  facet normal 0 -1 0
    outer loop
      vertex 48 -47 0
      vertex 31.905255888325765 -47 8.9
      vertex 31.745377348640716 -47 8.660724856180815
    endloop
  endfacet
  facet normal 0 -1 0
    outer loop
      vertex 48 -47 0
      vertex 32.03253497152483 -47 9.158096448796803
      vertex 31.905255888325765 -47 8.9
    endloop
  endfacet
  facet normal 0 -1 0
    outer loop
      vertex 48 -47 0
      vertex 32.12503681783595 -47 9.430598100774453
      vertex 32.03253497152483 -47 9.158096448796803
    endloop
  endfacet
  facet normal 0 -1 0
    outer loop
      vertex 48 -47 0
      vertex 32.18117869502238 -47 9.712842377115887
      vertex 32.12503681783595 -47 9.430598100774453
    endloop
  endfacet
  facet normal 0 -1 0
    outer loop
      vertex 48 -47 0
      vertex 32.2 -47 10
      vertex 32.18117869502238 -47 9.712842377115887
    endloop
  endfacet
  facet normal 0 -1 0
    outer loop
      vertex 48 -47 0
      vertex 32.18117869502238 -47 10.287157622884113
      vertex 32.2 -47 10
    endloop
  endfacet
  facet normal 0 -1 0
    outer loop
      vertex 48 -47 0
      vertex 32.12503681783595 -47 10.569401899225547
      vertex 32.18117869502238 -47 10.287157622884113
    endloop
  endfacet
  facet normal 0 0 -1
    outer loop
      vertex 48 -47 0
      vertex 49.55291426926851 -46.7955549582839 0
      vertex 48.78315715491772 -46.94866916537285 0
    endloop
  endfacet
  facet normal 0 -1 0
    outer loop
      vertex 28.254622651359284 -47 11.339275143819185
      vertex 28.444365081389595 -47 11.555634918610405
      vertex 28.254622651359284 -47 26.660724856180813
    endloop
  endfacet
  facet normal 0 -1 0
    outer loop
      vertex 28.444365081389595 -47 11.555634918610405
      vertex 28.660724856180813 -47 11.745377348640718
      vertex 28.444365081389595 -47 26.444365081389595
    endloop
  endfacet
  facet normal 0 -1 0
    outer loop
      vertex 31.339275143819187 -47 11.745377348640718
      vertex 31.1 -47 26.094744111674235
      vertex 31.1 -47 11.905255888325765
    endloop
  endfacet
  facet normal 0 -1 0
    outer loop
      vertex 31.555634918610405 -47 11.555634918610405
      vertex 31.339275143819187 -47 26.254622651359284
      vertex 31.339275143819187 -47 11.745377348640718
    endloop
  endfacet
  facet normal 0 -1 0
    outer loop
      vertex 28.660724856180813 -47 11.745377348640718
      vertex 28.9 -47 11.905255888325765
      vertex 28.660724856180813 -47 26.254622651359284
    endloop
  endfacet
  facet normal 0 -1 0
    outer loop
      vertex 28.9 -47 11.905255888325765
      vertex 29.1580964487968 -47 12.03253497152483
      vertex 28.9 -47 26.094744111674235
    endloop
  endfacet
  facet normal 0 -1 0
    outer loop
      vertex 29.1580964487968 -47 12.03253497152483
      vertex 29.430598100774453 -47 12.125036817835952
      vertex 29.1580964487968 -47 25.967465028475168
    endloop
  endfacet
  facet normal 0 -1 0
    outer loop
      vertex 29.712842377115887 -47 12.181178695022382
      vertex 29.430598100774453 -47 25.87496318216405
      vertex 29.430598100774453 -47 12.125036817835952
    endloop
  endfacet
  facet normal 0 -1 0
    outer loop
      vertex 30 -47 12.2
      vertex 29.712842377115887 -47 25.818821304977618
      vertex 29.712842377115887 -47 12.181178695022382
    endloop
  endfacet
  facet normal 0 -1 0
    outer loop
      vertex 30.287157622884113 -47 12.181178695022382
      vertex 30 -47 25.8
      vertex 30 -47 12.2
    endloop
  endfacet
  facet normal 0 -1 0
    outer loop
      vertex 30.569401899225547 -47 12.125036817835952
      vertex 30.287157622884113 -47 25.818821304977618
      vertex 30.287157622884113 -47 12.181178695022382
    endloop
  endfacet
  facet normal 0 -1 0
    outer loop
      vertex 30.8419035512032 -47 12.03253497152483
      vertex 30.569401899225547 -47 25.87496318216405
      vertex 30.569401899225547 -47 12.125036817835952
    endloop
  endfacet
  facet normal 0 -1 0
    outer loop
      vertex 30.8419035512032 -47 12.03253497152483
      vertex 31.1 -47 11.905255888325765
      vertex 30.8419035512032 -47 25.967465028475168
    endloop
  endfacet
  facet normal 0.06540313273849395 -0.9978589230086541 0
    outer loop
      vertex 48 -47 0
      vertex 48.78315715491772 -46.94866916537285 0
      vertex 48 -47 38
    endloop
  endfacet
  facet normal 0.19509031854274123 -0.9807852810941301 0
    outer loop
      vertex 48.78315715491772 -46.94866916537285 0
      vertex 49.55291426926851 -46.7955549582839 0
      vertex 48.78315715491772 -46.94866916537285 38
    endloop
  endfacet
  facet normal 0.32143946370773846 -0.9469301300366788 0
    outer loop
      vertex 49.55291426926851 -46.7955549582839 0
      vertex 50.296100594103336 -46.54327719658613 0
      vertex 49.55291426926851 -46.7955549582839 38
    endloop
  endfacet
  facet normal 0.44228868804580856 -0.8968727426043883 0
    outer loop
      vertex 50.296100594103336 -46.54327719658613 0
      vertex 51 -46.19615242630243 0
      vertex 50.296100594103336 -46.54327719658613 38
    endloop
  endfacet
  facet normal 0.555570237894537 -0.8314696090452178 0
    outer loop
      vertex 51 -46.19615242630243 0
      vertex 51.65256857126951 -45.760120041668415 0
      vertex 51 -46.19615242630243 38
    endloop
  endfacet
  facet normal 0.6593458107222281 -0.7518398113182407 0
    outer loop
      vertex 51.65256857126951 -45.760120041668415 0
      vertex 52.24264068901539 -45.24264068901539 0
      vertex 51.65256857126951 -45.760120041668415 38
    endloop
  endfacet
  facet normal 0.7518398113182407 -0.6593458107222281 0
    outer loop
      vertex 52.24264068901539 -45.24264068901539 0
      vertex 52.760120041668415 -44.65256857126951 0
      vertex 52.24264068901539 -45.24264068901539 38
    endloop
  endfacet
  facet normal 0.8314696090452178 -0.555570237894537 0
    outer loop
      vertex 52.760120041668415 -44.65256857126951 0
      vertex 53.19615242630243 -44 0
      vertex 52.760120041668415 -44.65256857126951 38
    endloop
  endfacet
  facet normal 0.8968727426043883 -0.44228868804580856 0
    outer loop
      vertex 53.19615242630243 -44 0
      vertex 53.54327719658613 -43.296100594103336 0
      vertex 53.19615242630243 -44 38
    endloop
  endfacet
  facet normal 0.9469301300366788 -0.32143946370773846 0
    outer loop
      vertex 53.54327719658613 -43.296100594103336 0
      vertex 53.7955549582839 -42.55291426926851 0
      vertex 53.54327719658613 -43.296100594103336 38
    endloop
  endfacet
  facet normal 0.9807852810941301 -0.19509031854274123 0
    outer loop
      vertex 53.7955549582839 -42.55291426926851 0
      vertex 53.94866916537285 -41.78315715491772 0
      vertex 53.7955549582839 -42.55291426926851 38
    endloop
  endfacet
  facet normal 0.9978589230086541 -0.06540313273849395 0
    outer loop
      vertex 53.94866916537285 -41.78315715491772 0
      vertex 54 -41 0
      vertex 53.94866916537285 -41.78315715491772 38
    endloop
  endfacet
  facet normal 0 -1 0
    outer loop
      vertex 48 -47 0
      vertex 48 -47 38
      vertex 32.12503681783595 -47 10.569401899225547
    endloop
  endfacet
  facet normal 0 0 -1
    outer loop
      vertex 54 -41 0
      vertex 43.3 -32.8 0
      vertex 43.3 32.8 0
    endloop
  endfacet
  facet normal 1 0 0
    outer loop
      vertex 54 -41 0
      vertex 54 41 0
      vertex 54 -41 38
    endloop
  endfacet
  facet normal 0 -1 0
    outer loop
      vertex 27.8 -47 10
      vertex 4.5 -47 34
      vertex -4.5 -47 34
    endloop
  endfacet
  facet normal 0 -1 0
    outer loop
      vertex 28.254622651359284 -47 11.339275143819185
      vertex 28.254622651359284 -47 26.660724856180813
      vertex 4.5 -47 34
    endloop
  endfacet
  facet normal 0 -1 0
    outer loop
      vertex 4.5 -47 38
      vertex 4.5 -47 34
      vertex 28.660724856180813 -47 29.745377348640716
    endloop
  endfacet
  facet normal 0 -1 0
    outer loop
      vertex 4.5 -47 34
      vertex 28.094744111674235 -47 26.9
      vertex 27.967465028475168 -47 27.1580964487968
    endloop
  endfacet
  facet normal 0 -1 0
    outer loop
      vertex 4.5 -47 34
      vertex 27.967465028475168 -47 27.1580964487968
      vertex 27.87496318216405 -47 27.430598100774453
    endloop
  endfacet
  facet normal 0 -1 0
    outer loop
      vertex 4.5 -47 34
      vertex 27.87496318216405 -47 27.430598100774453
      vertex 27.818821304977618 -47 27.712842377115887
    endloop
  endfacet
  facet normal 0 -1 0
    outer loop
      vertex 4.5 -47 34
      vertex 27.818821304977618 -47 27.712842377115887
      vertex 27.8 -47 28
    endloop
  endfacet
  facet normal 0 -1 0
    outer loop
      vertex 4.5 -47 34
      vertex 27.8 -47 28
      vertex 27.818821304977618 -47 28.287157622884113
    endloop
  endfacet
  facet normal 0 -1 0
    outer loop
      vertex 4.5 -47 34
      vertex 27.818821304977618 -47 28.287157622884113
      vertex 27.87496318216405 -47 28.569401899225547
    endloop
  endfacet
  facet normal 0 -1 0
    outer loop
      vertex 4.5 -47 34
      vertex 27.87496318216405 -47 28.569401899225547
      vertex 27.967465028475168 -47 28.8419035512032
    endloop
  endfacet
  facet normal 0 -1 0
    outer loop
      vertex 4.5 -47 34
      vertex 27.967465028475168 -47 28.8419035512032
      vertex 28.094744111674235 -47 29.1
    endloop
  endfacet
  facet normal 0 -1 0
    outer loop
      vertex 4.5 -47 34
      vertex 28.254622651359284 -47 26.660724856180813
      vertex 28.094744111674235 -47 26.9
    endloop
  endfacet
  facet normal 0 -1 0
    outer loop
      vertex 4.5 -47 34
      vertex 28.094744111674235 -47 29.1
      vertex 28.254622651359284 -47 29.339275143819187
    endloop
  endfacet
  facet normal 0 -1 0
    outer loop
      vertex 4.5 -47 34
      vertex 28.254622651359284 -47 29.339275143819187
      vertex 28.444365081389595 -47 29.555634918610405
    endloop
  endfacet
  facet normal 0 -1 0
    outer loop
      vertex 4.5 -47 34
      vertex 28.444365081389595 -47 29.555634918610405
      vertex 28.660724856180813 -47 29.745377348640716
    endloop
  endfacet
  facet normal 0 -1 0
    outer loop
      vertex 4.5 -47 38
      vertex 28.660724856180813 -47 29.745377348640716
      vertex 28.9 -47 29.905255888325765
    endloop
  endfacet
  facet normal 0 -1 0
    outer loop
      vertex 4.5 -47 38
      vertex 28.9 -47 29.905255888325765
      vertex 29.1580964487968 -47 30.032534971524832
    endloop
  endfacet
  facet normal 0 -1 0
    outer loop
      vertex 4.5 -47 38
      vertex 29.1580964487968 -47 30.032534971524832
      vertex 29.430598100774453 -47 30.12503681783595
    endloop
  endfacet
  facet normal 0 -1 0
    outer loop
      vertex 4.5 -47 38
      vertex 29.430598100774453 -47 30.12503681783595
      vertex 29.712842377115887 -47 30.181178695022382
    endloop
  endfacet
  facet normal 0 -1 0
    outer loop
      vertex 4.5 -47 38
      vertex 29.712842377115887 -47 30.181178695022382
      vertex 30 -47 30.2
    endloop
  endfacet
  facet normal 0 -1 0
    outer loop
      vertex 4.5 -47 38
      vertex 30 -47 30.2
      vertex 30.287157622884113 -47 30.181178695022382
    endloop
  endfacet
  facet normal 0 -1 0
    outer loop
      vertex 4.5 -47 38
      vertex 30.287157622884113 -47 30.181178695022382
      vertex 30.569401899225547 -47 30.12503681783595
    endloop
  endfacet
  facet normal 0 0 1
    outer loop
      vertex 45.971247664649084 -44.600000001490116 38
      vertex 4.5 -44.600000001490116 38
      vertex 4.5 -47 38
    endloop
  endfacet
  facet normal 0 -1 0
    outer loop
      vertex 29.1580964487968 -47 12.03253497152483
      vertex 29.1580964487968 -47 25.967465028475168
      vertex 28.9 -47 26.094744111674235
    endloop
  endfacet
  facet normal 0 -1 0
    outer loop
      vertex 29.430598100774453 -47 12.125036817835952
      vertex 29.430598100774453 -47 25.87496318216405
      vertex 29.1580964487968 -47 25.967465028475168
    endloop
  endfacet
  facet normal 0 -1 0
    outer loop
      vertex 29.712842377115887 -47 12.181178695022382
      vertex 29.712842377115887 -47 25.818821304977618
      vertex 29.430598100774453 -47 25.87496318216405
    endloop
  endfacet
  facet normal 0 -1 0
    outer loop
      vertex 30 -47 12.2
      vertex 30 -47 25.8
      vertex 29.712842377115887 -47 25.818821304977618
    endloop
  endfacet
  facet normal 0 -1 0
    outer loop
      vertex 30.287157622884113 -47 12.181178695022382
      vertex 30.287157622884113 -47 25.818821304977618
      vertex 30 -47 25.8
    endloop
  endfacet
  facet normal 0 -1 0
    outer loop
      vertex 30.569401899225547 -47 12.125036817835952
      vertex 30.569401899225547 -47 25.87496318216405
      vertex 30.287157622884113 -47 25.818821304977618
    endloop
  endfacet
  facet normal 0 -1 0
    outer loop
      vertex 30.8419035512032 -47 12.03253497152483
      vertex 30.8419035512032 -47 25.967465028475168
      vertex 30.569401899225547 -47 25.87496318216405
    endloop
  endfacet
  facet normal 0 -1 0
    outer loop
      vertex 31.1 -47 11.905255888325765
      vertex 31.1 -47 26.094744111674235
      vertex 30.8419035512032 -47 25.967465028475168
    endloop
  endfacet
  facet normal 0 -1 0
    outer loop
      vertex 31.339275143819187 -47 11.745377348640718
      vertex 31.339275143819187 -47 26.254622651359284
      vertex 31.1 -47 26.094744111674235
    endloop
  endfacet
  facet normal 0 -1 0
    outer loop
      vertex 28.660724856180813 -47 11.745377348640718
      vertex 28.660724856180813 -47 26.254622651359284
      vertex 28.444365081389595 -47 26.444365081389595
    endloop
  endfacet
  facet normal 0 -1 0
    outer loop
      vertex 28.444365081389595 -47 11.555634918610405
      vertex 28.444365081389595 -47 26.444365081389595
      vertex 28.254622651359284 -47 26.660724856180813
    endloop
  endfacet
  facet normal 0 -1 0
    outer loop
      vertex 28.9 -47 11.905255888325765
      vertex 28.9 -47 26.094744111674235
      vertex 28.660724856180813 -47 26.254622651359284
    endloop
  endfacet
  facet normal 0 -1 0
    outer loop
      vertex 31.555634918610405 -47 11.555634918610405
      vertex 31.555634918610405 -47 26.444365081389595
      vertex 31.339275143819187 -47 26.254622651359284
    endloop
  endfacet
  facet normal 0 -1 0
    outer loop
      vertex 48 -47 38
      vertex 31.555634918610405 -47 11.555634918610405
      vertex 31.745377348640716 -47 11.339275143819185
    endloop
  endfacet
  facet normal 0 -1 0
    outer loop
      vertex 48 -47 38
      vertex 32.03253497152483 -47 10.841903551203197
      vertex 32.12503681783595 -47 10.569401899225547
    endloop
  endfacet
  facet normal 0 -1 0
    outer loop
      vertex 48 -47 38
      vertex 31.905255888325765 -47 11.1
      vertex 32.03253497152483 -47 10.841903551203197
    endloop
  endfacet
  facet normal 0 -1 0
    outer loop
      vertex 48 -47 38
      vertex 31.745377348640716 -47 11.339275143819185
      vertex 31.905255888325765 -47 11.1
    endloop
  endfacet
  facet normal 0 -1 0
    outer loop
      vertex 48 -47 38
      vertex 31.555634918610405 -47 26.444365081389595
      vertex 31.555634918610405 -47 11.555634918610405
    endloop
  endfacet
  facet normal 0.06540313273849395 -0.9978589230086541 0
    outer loop
      vertex 48.78315715491772 -46.94866916537285 0
      vertex 48.78315715491772 -46.94866916537285 38
      vertex 48 -47 38
    endloop
  endfacet
  facet normal 0.19509031854274123 -0.9807852810941301 0
    outer loop
      vertex 49.55291426926851 -46.7955549582839 0
      vertex 49.55291426926851 -46.7955549582839 38
      vertex 48.78315715491772 -46.94866916537285 38
    endloop
  endfacet
  facet normal 0.32143946370773846 -0.9469301300366788 0
    outer loop
      vertex 50.296100594103336 -46.54327719658613 0
      vertex 50.296100594103336 -46.54327719658613 38
      vertex 49.55291426926851 -46.7955549582839 38
    endloop
  endfacet
  facet normal 0.44228868804580856 -0.8968727426043883 0
    outer loop
      vertex 51 -46.19615242630243 0
      vertex 51 -46.19615242630243 38
      vertex 50.296100594103336 -46.54327719658613 38
    endloop
  endfacet
  facet normal 0.555570237894537 -0.8314696090452178 0
    outer loop
      vertex 51.65256857126951 -45.760120041668415 0
      vertex 51.65256857126951 -45.760120041668415 38
      vertex 51 -46.19615242630243 38
    endloop
  endfacet
  facet normal 0.6593458107222281 -0.7518398113182407 0
    outer loop
      vertex 52.24264068901539 -45.24264068901539 0
      vertex 52.24264068901539 -45.24264068901539 38
      vertex 51.65256857126951 -45.760120041668415 38
    endloop
  endfacet
  facet normal 0.7518398113182407 -0.6593458107222281 0
    outer loop
      vertex 52.760120041668415 -44.65256857126951 0
      vertex 52.760120041668415 -44.65256857126951 38
      vertex 52.24264068901539 -45.24264068901539 38
    endloop
  endfacet
  facet normal 0.8314696090452178 -0.555570237894537 0
    outer loop
      vertex 53.19615242630243 -44 0
      vertex 53.19615242630243 -44 38
      vertex 52.760120041668415 -44.65256857126951 38
    endloop
  endfacet
  facet normal 0.8968727426043883 -0.44228868804580856 0
    outer loop
      vertex 53.54327719658613 -43.296100594103336 0
      vertex 53.54327719658613 -43.296100594103336 38
      vertex 53.19615242630243 -44 38
    endloop
  endfacet
  facet normal 0.9469301300366788 -0.32143946370773846 0
    outer loop
      vertex 53.7955549582839 -42.55291426926851 0
      vertex 53.7955549582839 -42.55291426926851 38
      vertex 53.54327719658613 -43.296100594103336 38
    endloop
  endfacet
  facet normal 0.9807852810941301 -0.19509031854274123 0
    outer loop
      vertex 53.94866916537285 -41.78315715491772 0
      vertex 53.94866916537285 -41.78315715491772 38
      vertex 53.7955549582839 -42.55291426926851 38
    endloop
  endfacet
  facet normal 0.9978589230086541 -0.06540313273849395 0
    outer loop
      vertex 54 -41 0
      vertex 54 -41 38
      vertex 53.94866916537285 -41.78315715491772 38
    endloop
  endfacet
  facet normal 0 -1 0
    outer loop
      vertex 48 -47 38
      vertex 31.745377348640716 -47 26.660724856180813
      vertex 31.555634918610405 -47 26.444365081389595
    endloop
  endfacet
  facet normal 0 -1 0
    outer loop
      vertex 48 -47 38
      vertex 31.905255888325765 -47 26.9
      vertex 31.745377348640716 -47 26.660724856180813
    endloop
  endfacet
  facet normal 0 -1 0
    outer loop
      vertex 48 -47 38
      vertex 32.03253497152483 -47 27.1580964487968
      vertex 31.905255888325765 -47 26.9
    endloop
  endfacet
  facet normal 0 -1 0
    outer loop
      vertex 48 -47 38
      vertex 32.12503681783595 -47 27.430598100774453
      vertex 32.03253497152483 -47 27.1580964487968
    endloop
  endfacet
  facet normal 0 -1 0
    outer loop
      vertex 48 -47 38
      vertex 31.555634918610405 -47 29.555634918610405
      vertex 31.745377348640716 -47 29.339275143819187
    endloop
  endfacet
  facet normal 0 -1 0
    outer loop
      vertex 48 -47 38
      vertex 30.8419035512032 -47 30.032534971524832
      vertex 31.1 -47 29.905255888325765
    endloop
  endfacet
  facet normal 0 -1 0
    outer loop
      vertex 48 -47 38
      vertex 31.339275143819187 -47 29.745377348640716
      vertex 31.555634918610405 -47 29.555634918610405
    endloop
  endfacet
  facet normal 0 -1 0
    outer loop
      vertex 48 -47 38
      vertex 31.1 -47 29.905255888325765
      vertex 31.339275143819187 -47 29.745377348640716
    endloop
  endfacet
  facet normal 0 -1 0
    outer loop
      vertex 48 -47 38
      vertex 30.569401899225547 -47 30.12503681783595
      vertex 30.8419035512032 -47 30.032534971524832
    endloop
  endfacet
  facet normal 0 -1 0
    outer loop
      vertex 48 -47 38
      vertex 32.18117869502238 -47 27.712842377115887
      vertex 32.12503681783595 -47 27.430598100774453
    endloop
  endfacet
  facet normal 0 -1 0
    outer loop
      vertex 48 -47 38
      vertex 32.2 -47 28
      vertex 32.18117869502238 -47 27.712842377115887
    endloop
  endfacet
  facet normal 0 -1 0
    outer loop
      vertex 48 -47 38
      vertex 32.18117869502238 -47 28.287157622884113
      vertex 32.2 -47 28
    endloop
  endfacet
  facet normal 0 -1 0
    outer loop
      vertex 48 -47 38
      vertex 32.12503681783595 -47 28.569401899225547
      vertex 32.18117869502238 -47 28.287157622884113
    endloop
  endfacet
  facet normal 0 -1 0
    outer loop
      vertex 48 -47 38
      vertex 32.03253497152483 -47 28.8419035512032
      vertex 32.12503681783595 -47 28.569401899225547
    endloop
  endfacet
  facet normal 0 -1 0
    outer loop
      vertex 48 -47 38
      vertex 31.905255888325765 -47 29.1
      vertex 32.03253497152483 -47 28.8419035512032
    endloop
  endfacet
  facet normal 0 -1 0
    outer loop
      vertex 48 -47 38
      vertex 31.745377348640716 -47 29.339275143819187
      vertex 31.905255888325765 -47 29.1
    endloop
  endfacet
  facet normal 0 -1 0
    outer loop
      vertex 48 -47 38
      vertex 4.5 -47 38
      vertex 30.569401899225547 -47 30.12503681783595
    endloop
  endfacet
  facet normal 0 0 1
    outer loop
      vertex 46.104184463080124 -44.75158536784918 38
      vertex 4.5 -47 38
      vertex 46.74455544213643 -45.29341901840058 38
    endloop
  endfacet
  facet normal 0 0 1
    outer loop
      vertex 46.77240431508912 -45.312027040397695 38
      vertex 46.74455544213643 -45.29341901840058 38
      vertex 4.5 -47 38
    endloop
  endfacet
  facet normal 0 0 1
    outer loop
      vertex 46.77240431508912 -45.312027040397695 38
      vertex 4.5 -47 38
      vertex 47.95979391414913 -45.788487483027865 38
    endloop
  endfacet
  facet normal 0 0 1
    outer loop
      vertex 47.960410487216606 -45.79789457018794 38
      vertex 47.95979391414913 -45.788487483027865 38
      vertex 4.5 -47 38
    endloop
  endfacet
  facet normal 0 0 1
    outer loop
      vertex 45.971247664649084 -44.600000001490116 38
      vertex 4.5 -47 38
      vertex 46.01426258932518 -44.64904912252274 38
    endloop
  endfacet
  facet normal 0 0 1
    outer loop
      vertex 46.01426258932518 -44.64904912252274 38
      vertex 4.5 -47 38
      vertex 46.104184463080124 -44.75158536784918 38
    endloop
  endfacet
  facet normal 0 0 1
    outer loop
      vertex 48 -47 38
      vertex 49.55291426926851 -46.7955549582839 38
      vertex 4.5 -47 38
    endloop
  endfacet
  facet normal 0 0 1
    outer loop
      vertex 47.960410487216606 -45.79789457018794 38
      vertex 4.5 -47 38
      vertex 51 -46.19615242630243 38
    endloop
  endfacet
  facet normal 0 0 1
    outer loop
      vertex 49.55291426926851 -46.7955549582839 38
      vertex 50.296100594103336 -46.54327719658613 38
      vertex 4.5 -47 38
    endloop
  endfacet
  facet normal 0 0 1
    outer loop
      vertex 50.296100594103336 -46.54327719658613 38
      vertex 51 -46.19615242630243 38
      vertex 4.5 -47 38
    endloop
  endfacet
  facet normal 0 0 1
    outer loop
      vertex 46.104184463080124 -44.75158536784918 38
      vertex 46.74455544213643 -45.29341901840058 38
      vertex 46.564954283965115 -44.74473074146557 38
    endloop
  endfacet
  facet normal 0 0 1
    outer loop
      vertex 48 -47 38
      vertex 48.78315715491772 -46.94866916537285 38
      vertex 49.55291426926851 -46.7955549582839 38
    endloop
  endfacet
  facet normal 0 0 1
    outer loop
      vertex 46.77240431508912 -45.312027040397695 38
      vertex 47.95979391414913 -45.788487483027865 38
      vertex 47.46926627053964 -45.303187804722924 38
    endloop
  endfacet
  facet normal 0 0 1
    outer loop
      vertex 47.960410487216606 -45.79789457018794 38
      vertex 51 -46.19615242630243 38
      vertex 50.03527618041008 -45.77666658603411 38
    endloop
  endfacet
  facet normal 0 0 1
    outer loop
      vertex 50.03527618041008 -45.77666658603411 38
      vertex 51.65256857126951 -45.760120041668415 38
      vertex 50.03527618041008 -45.772543883174784 38
    endloop
  endfacet
  facet normal 0 0 1
    outer loop
      vertex 50.03527618041008 -45.772543883174784 38
      vertex 51 -45.258402769041936 38
      vertex 50.50249728673035 -45.26471326382076 38
    endloop
  endfacet
  facet normal 0 0 1
    outer loop
      vertex 50.03527618041008 -45.77666658603411 38
      vertex 51 -46.19615242630243 38
      vertex 51.65256857126951 -45.760120041668415 38
    endloop
  endfacet
  facet normal 0 0 1
    outer loop
      vertex 50.03527618041008 -45.772543883174784 38
      vertex 51.65256857126951 -45.760120041668415 38
      vertex 51 -45.258402769041936 38
    endloop
  endfacet
  facet normal 0 0 1
    outer loop
      vertex 51 -45.258402769041936 38
      vertex 52.24264068901539 -45.24264068901539 38
      vertex 51 -45.25411726956679 38
    endloop
  endfacet
  facet normal 0 0 1
    outer loop
      vertex 51 -45.25411726956679 38
      vertex 51.82842712474619 -44.66642886888513 38
      vertex 51.402231760767265 -44.67276914955041 38
    endloop
  endfacet
  facet normal 0 0 1
    outer loop
      vertex 51.65256857126951 -45.760120041668415 38
      vertex 52.24264068901539 -45.24264068901539 38
      vertex 51 -45.258402769041936 38
    endloop
  endfacet
  facet normal 0 0 1
    outer loop
      vertex 51 -45.25411726956679 38
      vertex 52.24264068901539 -45.24264068901539 38
      vertex 51.82842712474619 -44.66642886888513 38
    endloop
  endfacet
  facet normal 0 0 1
    outer loop
      vertex 52.24264068901539 -45.24264068901539 38
      vertex 52.760120041668415 -44.65256857126951 38
      vertex 51.82842712474619 -44.66642886888513 38
    endloop
  endfacet
  facet normal 0 0 1
    outer loop
      vertex 51.82842712474619 -44.66642886888513 38
      vertex 52.760120041668415 -44.65256857126951 38
      vertex 51.82842712474619 -44.484216879101965 38
    endloop
  endfacet
  facet normal 0 0 1
    outer loop
      vertex 51.82842712474619 -44.484216879101965 38
      vertex 52.760120041668415 -44.65256857126951 38
      vertex 52.1472813287552 -44.03634794684008 38
    endloop
  endfacet
  facet normal 0 0 1
    outer loop
      vertex 52.760120041668415 -44.65256857126951 38
      vertex 52.17341336116494 -44.035442358224785 38
      vertex 52.1472813287552 -44.03634794684008 38
    endloop
  endfacet
  facet normal 0 0 1
    outer loop
      vertex 52.760120041668415 -44.65256857126951 38
      vertex 53.19615242630243 -44 38
      vertex 52.17341336116494 -44.035442358224785 38
    endloop
  endfacet
  facet normal 0 0 1
    outer loop
      vertex 52.17341336116494 -44.035442358224785 38
      vertex 52.46410161513776 -43.96493303725667 38
      vertex 52.46179596595315 -43.964822591215466 38
    endloop
  endfacet
  facet normal 0 0 1
    outer loop
      vertex 52.17341336116494 -44.035442358224785 38
      vertex 53.19615242630243 -44 38
      vertex 52.46410161513776 -43.96493303725667 38
    endloop
  endfacet
  facet normal 0 0 1
    outer loop
      vertex 52.46410161513776 -43.96493303725667 38
      vertex 53.19615242630243 -44 38
      vertex 52.46410161513776 -43.87449659885762 38
    endloop
  endfacet
  facet normal 0 0 1
    outer loop
      vertex 52.46410161513776 -43.87449659885762 38
      vertex 53.19615242630243 -44 38
      vertex 52.684822224652585 -43.367545748033294 38
    endloop
  endfacet
  facet normal 0 0 1
    outer loop
      vertex 52.684822224652585 -43.367545748033294 38
      vertex 53.19615242630243 -44 38
      vertex 52.695518130045144 -43.366655578330544 38
    endloop
  endfacet
  facet normal 0 0 1
    outer loop
      vertex 52.695518130045144 -43.366655578330544 38
      vertex 53.19615242630243 -44 38
      vertex 53.54327719658613 -43.296100594103336 38
    endloop
  endfacet
  facet normal 0 0 1
    outer loop
      vertex 52.695518130045144 -43.366655578330544 38
      vertex 53.54327719658613 -43.296100594103336 38
      vertex 52.695518130045144 -43.12270998899002 38
    endloop
  endfacet
  facet normal 0 0 1
    outer loop
      vertex 52.695518130045144 -43.12270998899002 38
      vertex 53.54327719658613 -43.296100594103336 38
      vertex 52.83787934818261 -42.64127873406743 38
    endloop
  endfacet
  facet normal 0 0 1
    outer loop
      vertex 52.83787934818261 -42.64127873406743 38
      vertex 53.54327719658613 -43.296100594103336 38
      vertex 52.86370330515627 -42.63889596466942 38
    endloop
  endfacet
  facet normal 0 0 1
    outer loop
      vertex 52.86370330515627 -42.63889596466942 38
      vertex 53.54327719658613 -43.296100594103336 38
      vertex 53.7955549582839 -42.55291426926851 38
    endloop
  endfacet
  facet normal 0 0 1
    outer loop
      vertex 52.86370330515627 -42.63889596466942 38
      vertex 52.965779445495244 -42.494029399647296 38
      vertex 52.963930689494056 -42.49389820301108 38
    endloop
  endfacet
  facet normal 0 0 1
    outer loop
      vertex 52.86370330515627 -42.63889596466942 38
      vertex 53.7955549582839 -42.55291426926851 38
      vertex 52.965779445495244 -42.494029399647296 38
    endloop
  endfacet
  facet normal 0 0 1
    outer loop
      vertex 52.965779445495244 -42.494029399647296 38
      vertex 53.7955549582839 -42.55291426926851 38
      vertex 53.94866916537285 -41.78315715491772 38
    endloop
  endfacet
  facet normal 0 0 1
    outer loop
      vertex 52.965779445495244 -42.494029399647296 38
      vertex 53.94866916537285 -41.78315715491772 38
      vertex 52.965779445495244 -41.653757266885435 38
    endloop
  endfacet
  facet normal 0 0 1
    outer loop
      vertex 52.965779445495244 -41.653757266885435 38
      vertex 54 -41 38
      vertex 52.880203381206115 -41.21646633274266 38
    endloop
  endfacet
  facet normal 0 0 1
    outer loop
      vertex 52.965779445495244 -41.653757266885435 38
      vertex 53.94866916537285 -41.78315715491772 38
      vertex 54 -41 38
    endloop
  endfacet
  facet normal 0 0 1
    outer loop
      vertex 52.189248385741905 -39.806550072420805 38
      vertex 52.46410161513776 -41 38
      vertex 52.866015428175245 -41 38
    endloop
  endfacet
  facet normal 0 0 1
    outer loop
      vertex 52.189248385741905 -39.806550072420805 38
      vertex 52.866015428175245 -41 38
      vertex 54 -41 38
    endloop
  endfacet
  facet normal 0 0 1
    outer loop
      vertex 52.880203381206115 -41.21646633274266 38
      vertex 54 -41 38
      vertex 52.866015428175245 -41 38
    endloop
  endfacet
  facet normal 0 0 1
    outer loop
      vertex 51.81075888105442 -39.1560782413937 38
      vertex 51.8 39.146642955940834 38
      vertex 51.8 -39.146642955940834 38
    endloop
  endfacet
  facet normal 0 0 1
    outer loop
      vertex 52.189248385741905 -39.806550072420805 38
      vertex 54 -41 38
      vertex 54 41 38
    endloop
  endfacet
  facet normal 0 0 1
    outer loop
      vertex 52.189248385741905 -39.806550072420805 38
      vertex 54 41 38
      vertex 51.82842712474619 -39.568736059491805 38
    endloop
  endfacet
  facet normal 0 0 1
    outer loop
      vertex 51.82842712474619 -39.568736059491805 38
      vertex 54 41 38
      vertex 51.81075888105442 -39.1560782413937 38
    endloop
  endfacet
  facet normal 0 0 -1
    outer loop
      vertex -43.3 32.8 0
      vertex 53.94866916537285 41.78315715491772 0
      vertex 43.3 32.8 0
    endloop
  endfacet
  facet normal 0 0 -1
    outer loop
      vertex -50.296100594103336 46.54327719658613 0
      vertex 48 47 0
      vertex 48.78315715491772 46.94866916537285 0
    endloop
  endfacet
  facet normal 0 0 -1
    outer loop
      vertex -51 46.19615242630243 0
      vertex 48.78315715491772 46.94866916537285 0
      vertex 49.55291426926851 46.7955549582839 0
    endloop
  endfacet
  facet normal 0 0 -1
    outer loop
      vertex -52.24264068901539 45.24264068901539 0
      vertex 50.296100594103336 46.54327719658613 0
      vertex 51 46.19615242630243 0
    endloop
  endfacet
  facet normal 0 0 -1
    outer loop
      vertex -52.760120041668415 44.65256857126951 0
      vertex 51 46.19615242630243 0
      vertex 51.65256857126951 45.760120041668415 0
    endloop
  endfacet
  facet normal 0 0 -1
    outer loop
      vertex -51.65256857126951 45.760120041668415 0
      vertex 49.55291426926851 46.7955549582839 0
      vertex 50.296100594103336 46.54327719658613 0
    endloop
  endfacet
  facet normal 0 0 -1
    outer loop
      vertex -54 41 0
      vertex 53.54327719658613 43.296100594103336 0
      vertex 53.7955549582839 42.55291426926851 0
    endloop
  endfacet
  facet normal 0 0 -1
    outer loop
      vertex -53.94866916537285 41.78315715491772 0
      vertex 53.19615242630243 44 0
      vertex 53.54327719658613 43.296100594103336 0
    endloop
  endfacet
  facet normal 0 0 -1
    outer loop
      vertex -53.7955549582839 42.55291426926851 0
      vertex 52.760120041668415 44.65256857126951 0
      vertex 53.19615242630243 44 0
    endloop
  endfacet
  facet normal 0 0 -1
    outer loop
      vertex -53.54327719658613 43.296100594103336 0
      vertex 52.24264068901539 45.24264068901539 0
      vertex 52.760120041668415 44.65256857126951 0
    endloop
  endfacet
  facet normal 0 0 -1
    outer loop
      vertex -53.19615242630243 44 0
      vertex 51.65256857126951 45.760120041668415 0
      vertex 52.24264068901539 45.24264068901539 0
    endloop
  endfacet
  facet normal 0 0 -1
    outer loop
      vertex -43.3 32.8 0
      vertex 53.7955549582839 42.55291426926851 0
      vertex 53.94866916537285 41.78315715491772 0
    endloop
  endfacet
  facet normal 0 1 0
    outer loop
      vertex -48 47 0
      vertex 48 47 38
      vertex 48 47 0
    endloop
  endfacet
  facet normal 0 0 -1
    outer loop
      vertex 54 -41 0
      vertex 43.3 32.8 0
      vertex 54 41 0
    endloop
  endfacet
  facet normal 0 0 -1
    outer loop
      vertex 43.3 32.8 0
      vertex 53.94866916537285 41.78315715491772 0
      vertex 54 41 0
    endloop
  endfacet
  facet normal 0.06540313273849395 0.9978589230086541 0
    outer loop
      vertex 48 47 0
      vertex 48.78315715491772 46.94866916537285 38
      vertex 48.78315715491772 46.94866916537285 0
    endloop
  endfacet
  facet normal 0.19509031854274123 0.9807852810941301 0
    outer loop
      vertex 48.78315715491772 46.94866916537285 0
      vertex 49.55291426926851 46.7955549582839 38
      vertex 49.55291426926851 46.7955549582839 0
    endloop
  endfacet
  facet normal 0.32143946370773846 0.9469301300366788 0
    outer loop
      vertex 49.55291426926851 46.7955549582839 0
      vertex 50.296100594103336 46.54327719658613 38
      vertex 50.296100594103336 46.54327719658613 0
    endloop
  endfacet
  facet normal 0.9978589230086541 0.06540313273849395 0
    outer loop
      vertex 54 41 0
      vertex 53.94866916537285 41.78315715491772 0
      vertex 54 41 38
    endloop
  endfacet
  facet normal 0.9807852810941301 0.19509031854274123 0
    outer loop
      vertex 53.94866916537285 41.78315715491772 0
      vertex 53.7955549582839 42.55291426926851 0
      vertex 53.94866916537285 41.78315715491772 38
    endloop
  endfacet
  facet normal 0.9469301300366788 0.32143946370773846 0
    outer loop
      vertex 53.7955549582839 42.55291426926851 0
      vertex 53.54327719658613 43.296100594103336 0
      vertex 53.7955549582839 42.55291426926851 38
    endloop
  endfacet
  facet normal 0.8968727426043883 0.44228868804580856 0
    outer loop
      vertex 53.54327719658613 43.296100594103336 0
      vertex 53.19615242630243 44 0
      vertex 53.54327719658613 43.296100594103336 38
    endloop
  endfacet
  facet normal 0.6593458107222281 0.7518398113182407 0
    outer loop
      vertex 52.24264068901539 45.24264068901539 0
      vertex 51.65256857126951 45.760120041668415 0
      vertex 52.24264068901539 45.24264068901539 38
    endloop
  endfacet
  facet normal 0.555570237894537 0.8314696090452178 0
    outer loop
      vertex 51 46.19615242630243 0
      vertex 51.65256857126951 45.760120041668415 38
      vertex 51.65256857126951 45.760120041668415 0
    endloop
  endfacet
  facet normal 0.44228868804580856 0.8968727426043883 0
    outer loop
      vertex 50.296100594103336 46.54327719658613 0
      vertex 51 46.19615242630243 38
      vertex 51 46.19615242630243 0
    endloop
  endfacet
  facet normal 0.8314696090452178 0.555570237894537 0
    outer loop
      vertex 53.19615242630243 44 0
      vertex 52.760120041668415 44.65256857126951 0
      vertex 53.19615242630243 44 38
    endloop
  endfacet
  facet normal 0.7518398113182407 0.6593458107222281 0
    outer loop
      vertex 52.24264068901539 45.24264068901539 0
      vertex 52.760120041668415 44.65256857126951 38
      vertex 52.760120041668415 44.65256857126951 0
    endloop
  endfacet
  facet normal 0 0 1
    outer loop
      vertex -45.971247664649084 44.600000001490116 38
      vertex 45.971247664649084 44.600000001490116 38
      vertex 45.97217546769844 44.60105795810413 38
    endloop
  endfacet
  facet normal 0 0 1
    outer loop
      vertex -46.16647566306767 44.750658694956236 38
      vertex 45.97217546769844 44.60105795810413 38
      vertex 47.53077751757594 45.71639838481961 38
    endloop
  endfacet
  facet normal 0 0 1
    outer loop
      vertex -50.296100594103336 46.54327719658613 38
      vertex 48.78315715491772 46.94866916537285 38
      vertex 48 47 38
    endloop
  endfacet
  facet normal 0 0 1
    outer loop
      vertex -51 46.19615242630243 38
      vertex 49.55291426926851 46.7955549582839 38
      vertex 48.78315715491772 46.94866916537285 38
    endloop
  endfacet
  facet normal 0 0 1
    outer loop
      vertex -46.16647566306767 44.750658694956236 38
      vertex 47.53077751757594 45.71639838481961 38
      vertex 50.043184308083134 45.74304859249104 38
    endloop
  endfacet
  facet normal 0 0 1
    outer loop
      vertex -47.95979391414913 45.788487483027865 38
      vertex 50.296100594103336 46.54327719658613 38
      vertex 49.55291426926851 46.7955549582839 38
    endloop
  endfacet
  facet normal 0 0 1
    outer loop
      vertex -46.98866510326331 45.29116450974489 38
      vertex 51 46.19615242630243 38
      vertex 50.296100594103336 46.54327719658613 38
    endloop
  endfacet
  facet normal 0 0 1
    outer loop
      vertex -46.16647566306767 44.750658694956236 38
      vertex 50.043184308083134 45.74304859249104 38
      vertex 51 46.19615242630243 38
    endloop
  endfacet
  facet normal 1 0 0
    outer loop
      vertex 54 -41 38
      vertex 54 41 0
      vertex 54 41 38
    endloop
  endfacet
  facet normal 0 0 1
    outer loop
      vertex 51.81075888105442 -39.1560782413937 38
      vertex 51.80347364234249 39.55228944608937 38
      vertex 51.8 39.146642955940834 38
    endloop
  endfacet
  facet normal 0 0 1
    outer loop
      vertex 51.81075888105442 -39.1560782413937 38
      vertex 52.17341336116494 39.796113351676894 38
      vertex 51.80347364234249 39.55228944608937 38
    endloop
  endfacet
  facet normal 0 0 1
    outer loop
      vertex 51.81075888105442 -39.1560782413937 38
      vertex 54 41 38
      vertex 52.17341336116494 39.796113351676894 38
    endloop
  endfacet
  facet normal 0.06540313273849395 0.9978589230086541 0
    outer loop
      vertex 48 47 0
      vertex 48 47 38
      vertex 48.78315715491772 46.94866916537285 38
    endloop
  endfacet
  facet normal 0.19509031854274123 0.9807852810941301 0
    outer loop
      vertex 48.78315715491772 46.94866916537285 0
      vertex 48.78315715491772 46.94866916537285 38
      vertex 49.55291426926851 46.7955549582839 38
    endloop
  endfacet
  facet normal 0.32143946370773846 0.9469301300366788 0
    outer loop
      vertex 49.55291426926851 46.7955549582839 0
      vertex 49.55291426926851 46.7955549582839 38
      vertex 50.296100594103336 46.54327719658613 38
    endloop
  endfacet
  facet normal 0.44228868804580856 0.8968727426043883 0
    outer loop
      vertex 50.296100594103336 46.54327719658613 0
      vertex 50.296100594103336 46.54327719658613 38
      vertex 51 46.19615242630243 38
    endloop
  endfacet
  facet normal 0.9978589230086541 0.06540313273849395 0
    outer loop
      vertex 53.94866916537285 41.78315715491772 0
      vertex 53.94866916537285 41.78315715491772 38
      vertex 54 41 38
    endloop
  endfacet
  facet normal 0.9807852810941301 0.19509031854274123 0
    outer loop
      vertex 53.7955549582839 42.55291426926851 0
      vertex 53.7955549582839 42.55291426926851 38
      vertex 53.94866916537285 41.78315715491772 38
    endloop
  endfacet
  facet normal 0.9469301300366788 0.32143946370773846 0
    outer loop
      vertex 53.54327719658613 43.296100594103336 0
      vertex 53.54327719658613 43.296100594103336 38
      vertex 53.7955549582839 42.55291426926851 38
    endloop
  endfacet
  facet normal 0.8968727426043883 0.44228868804580856 0
    outer loop
      vertex 53.19615242630243 44 0
      vertex 53.19615242630243 44 38
      vertex 53.54327719658613 43.296100594103336 38
    endloop
  endfacet
  facet normal 0.555570237894537 0.8314696090452178 0
    outer loop
      vertex 51 46.19615242630243 0
      vertex 51 46.19615242630243 38
      vertex 51.65256857126951 45.760120041668415 38
    endloop
  endfacet
  facet normal 0.6593458107222281 0.7518398113182407 0
    outer loop
      vertex 51.65256857126951 45.760120041668415 0
      vertex 51.65256857126951 45.760120041668415 38
      vertex 52.24264068901539 45.24264068901539 38
    endloop
  endfacet
  facet normal 0.8314696090452178 0.555570237894537 0
    outer loop
      vertex 52.760120041668415 44.65256857126951 0
      vertex 52.760120041668415 44.65256857126951 38
      vertex 53.19615242630243 44 38
    endloop
  endfacet
  facet normal 0.7518398113182407 0.6593458107222281 0
    outer loop
      vertex 52.24264068901539 45.24264068901539 0
      vertex 52.24264068901539 45.24264068901539 38
      vertex 52.760120041668415 44.65256857126951 38
    endloop
  endfacet
  facet normal 0 0 1
    outer loop
      vertex 45.97217546769844 44.60105795810413 38
      vertex 47.5410546284711 44.600239442469125 38
      vertex 47.53077751757594 45.71639838481961 38
    endloop
  endfacet
  facet normal 0 0 1
    outer loop
      vertex 52.17341336116494 39.796113351676894 38
      vertex 52.46410161513776 40.07206139190292 38
      vertex 52.45955837071046 40.069316515059725 38
    endloop
  endfacet
  facet normal 0 0 1
    outer loop
      vertex 52.17341336116494 39.796113351676894 38
      vertex 54 41 38
      vertex 52.46410161513776 40.07206139190292 38
    endloop
  endfacet
  facet normal 0 0 1
    outer loop
      vertex 52.46410161513776 40.07206139190292 38
      vertex 54 41 38
      vertex 52.68796795855744 40.584459627182895 38
    endloop
  endfacet
  facet normal 0 0 1
    outer loop
      vertex 52.68796795855744 40.584459627182895 38
      vertex 54 41 38
      vertex 52.695518130045144 40.59163846690111 38
    endloop
  endfacet
  facet normal 0 0 1
    outer loop
      vertex 52.695518130045144 40.59163846690111 38
      vertex 54 41 38
      vertex 53.94866916537285 41.78315715491772 38
    endloop
  endfacet
  facet normal 0 0 1
    outer loop
      vertex 50.54946366625732 45.409754516216054 38
      vertex 50.043184308083134 45.74304859249104 38
      vertex 50.53073372946036 45.403805558761746 38
    endloop
  endfacet
  facet normal 0 0 1
    outer loop
      vertex 52.86370330515627 41.27839794829936 38
      vertex 52.965779445495244 41.96601471108991 38
      vertex 52.93520385345771 41.94438861923578 38
    endloop
  endfacet
  facet normal 0 0 1
    outer loop
      vertex 52.695518130045144 40.59163846690111 38
      vertex 53.94866916537285 41.78315715491772 38
      vertex 52.84483543436699 41.25259189946942 38
    endloop
  endfacet
  facet normal 0 0 1
    outer loop
      vertex 52.84483543436699 41.25259189946942 38
      vertex 53.94866916537285 41.78315715491772 38
      vertex 52.86370330515627 41.27839794829936 38
    endloop
  endfacet
  facet normal 0 0 1
    outer loop
      vertex 52.86370330515627 41.27839794829936 38
      vertex 53.7955549582839 42.55291426926851 38
      vertex 52.965779445495244 41.96601471108991 38
    endloop
  endfacet
  facet normal 0 0 1
    outer loop
      vertex 52.86370330515627 41.27839794829936 38
      vertex 53.94866916537285 41.78315715491772 38
      vertex 53.7955549582839 42.55291426926851 38
    endloop
  endfacet
  facet normal 0 0 1
    outer loop
      vertex 52.965779445495244 41.96601471108991 38
      vertex 53.7955549582839 42.55291426926851 38
      vertex 52.965779445495244 42.494029399647296 38
    endloop
  endfacet
  facet normal 0 0 1
    outer loop
      vertex 52.72190765455543 43.128107389978204 38
      vertex 52.86370330515627 43.014611872293735 38
      vertex 52.8650219164992 43.0151580589942 38
    endloop
  endfacet
  facet normal 0 0 1
    outer loop
      vertex 52.72190765455543 43.128107389978204 38
      vertex 53.54327719658613 43.296100594103336 38
      vertex 52.713014220724546 43.26379496962212 38
    endloop
  endfacet
  facet normal 0 0 1
    outer loop
      vertex 52.72190765455543 43.128107389978204 38
      vertex 52.8650219164992 43.0151580589942 38
      vertex 53.54327719658613 43.296100594103336 38
    endloop
  endfacet
  facet normal 0 0 1
    outer loop
      vertex 52.48031124891544 43.75268877960602 38
      vertex 53.19615242630243 44 38
      vertex 52.46639283160459 43.96504279193661 38
    endloop
  endfacet
  facet normal 0 0 1
    outer loop
      vertex 52.713014220724546 43.26379496962212 38
      vertex 53.19615242630243 44 38
      vertex 52.695518130045144 43.26311419479317 38
    endloop
  endfacet
  facet normal 0 0 1
    outer loop
      vertex 52.695518130045144 43.26311419479317 38
      vertex 53.19615242630243 44 38
      vertex 52.48031124891544 43.75268877960602 38
    endloop
  endfacet
  facet normal 0 0 1
    outer loop
      vertex 52.713014220724546 43.26379496962212 38
      vertex 53.54327719658613 43.296100594103336 38
      vertex 53.19615242630243 44 38
    endloop
  endfacet
  facet normal 0 0 1
    outer loop
      vertex 52.965779445495244 42.494029399647296 38
      vertex 53.7955549582839 42.55291426926851 38
      vertex 52.8650219164992 43.0151580589942 38
    endloop
  endfacet
  facet normal 0 0 1
    outer loop
      vertex 53.7955549582839 42.55291426926851 38
      vertex 53.54327719658613 43.296100594103336 38
      vertex 52.8650219164992 43.0151580589942 38
    endloop
  endfacet
  facet normal 0 0 1
    outer loop
      vertex 50.54946366625732 45.409754516216054 38
      vertex 51 45.054415589302536 38
      vertex 51.65256857126951 45.760120041668415 38
    endloop
  endfacet
  facet normal 0 0 1
    outer loop
      vertex 51 45.054415589302536 38
      vertex 51.438491898711725 45.120834773937226 38
      vertex 51.65256857126951 45.760120041668415 38
    endloop
  endfacet
  facet normal 0 0 1
    outer loop
      vertex 52.17341336116494 43.95100838337128 38
      vertex 52.760120041668415 44.65256857126951 38
      vertex 51.85828291310288 44.37291581859421 38
    endloop
  endfacet
  facet normal 0 0 1
    outer loop
      vertex 51.85828291310288 44.37291581859421 38
      vertex 52.760120041668415 44.65256857126951 38
      vertex 51.841123965641934 44.63471076692213 38
    endloop
  endfacet
  facet normal 0 0 1
    outer loop
      vertex 51.438491898711725 45.120834773937226 38
      vertex 51.43990004313665 45.09935064166149 38
      vertex 52.24264068901539 45.24264068901539 38
    endloop
  endfacet
  facet normal 0 0 1
    outer loop
      vertex 51.43990004313665 45.09935064166149 38
      vertex 51.82842712474619 44.63446404367003 38
      vertex 52.24264068901539 45.24264068901539 38
    endloop
  endfacet
  facet normal 0 0 1
    outer loop
      vertex 51.438491898711725 45.120834773937226 38
      vertex 52.24264068901539 45.24264068901539 38
      vertex 51.65256857126951 45.760120041668415 38
    endloop
  endfacet
  facet normal 0 0 1
    outer loop
      vertex 51.841123965641934 44.63471076692213 38
      vertex 52.24264068901539 45.24264068901539 38
      vertex 51.82842712474619 44.63446404367003 38
    endloop
  endfacet
  facet normal 0 0 1
    outer loop
      vertex 51.841123965641934 44.63471076692213 38
      vertex 52.760120041668415 44.65256857126951 38
      vertex 52.24264068901539 45.24264068901539 38
    endloop
  endfacet
  facet normal 0 0 1
    outer loop
      vertex 50.54946366625732 45.409754516216054 38
      vertex 51.65256857126951 45.760120041668415 38
      vertex 50.043184308083134 45.74304859249104 38
    endloop
  endfacet
  facet normal 0 0 1
    outer loop
      vertex 50.043184308083134 45.74304859249104 38
      vertex 51.65256857126951 45.760120041668415 38
      vertex 51 46.19615242630243 38
    endloop
  endfacet
  facet normal 0 0 1
    outer loop
      vertex 52.17341336116494 43.95100838337128 38
      vertex 52.46639283160459 43.96504279193661 38
      vertex 52.760120041668415 44.65256857126951 38
    endloop
  endfacet
  facet normal 0 0 1
    outer loop
      vertex 52.46639283160459 43.96504279193661 38
      vertex 53.19615242630243 44 38
      vertex 52.760120041668415 44.65256857126951 38
    endloop
  endfacet
  facet normal 0 0 1
    outer loop
      vertex -51.600000001490116 -38.971247664649084 5.1
      vertex -51.435045716034885 -38.82658663883506 5.1
      vertex -51.600000001490116 -38.75 5.1
    endloop
  endfacet
  facet normal 0 0 1
    outer loop
      vertex -51.600000001490116 -38.75 5.1
      vertex -51.435045716034885 -38.82658663883506 5.1
      vertex -51.320425711011154 -38.75 5.1
    endloop
  endfacet
  facet normal 1 0 0
    outer loop
      vertex -51.600000001490116 -38.971247664649084 5.1
      vertex -51.600000001490116 -38.75 5.1
      vertex -51.600000001490116 -38.971247664649084 7.7
    endloop
  endfacet
  facet normal 1 0 0
    outer loop
      vertex -51.600000001490116 -38.75 5.1
      vertex -51.600000001490116 -38.75 7.7
      vertex -51.600000001490116 -38.971247664649084 7.7
    endloop
  endfacet
  facet normal 0 0 1
    outer loop
      vertex -47.24788906371376 -38.41365302692862 5.1
      vertex -47 -38.53589838486224 5.1
      vertex -46.9780964274782 -38.23338335072809 5.1
    endloop
  endfacet
  facet normal 0 0 1
    outer loop
      vertex -47 -38.53589838486224 5.1
      vertex -46.73223304703363 -38.01776695296637 5.1
      vertex -46.9780964274782 -38.23338335072809 5.1
    endloop
  endfacet
  facet normal 0 0 1
    outer loop
      vertex -47 -38.53589838486224 5.1
      vertex -46.564954283965115 -38.82658663883506 5.1
      vertex -46.73223304703363 -38.01776695296637 5.1
    endloop
  endfacet
  facet normal 0 0 1
    outer loop
      vertex -46.564954283965115 -38.82658663883506 5.1
      vertex -46.51661664927191 -37.7719035725218 5.1
      vertex -46.73223304703363 -38.01776695296637 5.1
    endloop
  endfacet
  facet normal 0 0 1
    outer loop
      vertex -46.564954283965115 -38.82658663883506 5.1
      vertex -46.17157287525381 -39.17157287525381 5.1
      vertex -46 -39 5.1
    endloop
  endfacet
  facet normal 0 0 1
    outer loop
      vertex -46.17157287525381 -39.17157287525381 5.1
      vertex -45.82658663883506 -39.564954283965115 5.1
      vertex -46 -39 5.1
    endloop
  endfacet
  facet normal 0 0 1
    outer loop
      vertex -46.564954283965115 -38.82658663883506 5.1
      vertex -46 -39 5.1
      vertex -46.51661664927191 -37.7719035725218 5.1
    endloop
  endfacet
  facet normal 0 0 1
    outer loop
      vertex -46 -39 5.1
      vertex -46.411242157206765 -37.61419950045916 5.1
      vertex -46.51661664927191 -37.7719035725218 5.1
    endloop
  endfacet
  facet normal 0 0 1
    outer loop
      vertex -46 -39 5.1
      vertex -46.3349364905389 -37.5 5.1
      vertex -46.411242157206765 -37.61419950045916 5.1
    endloop
  endfacet
  facet normal 0 0 1
    outer loop
      vertex -46 -39 5.1
      vertex -46.19030116872178 -37.206708580912725 5.1
      vertex -46.3349364905389 -37.5 5.1
    endloop
  endfacet
  facet normal 0 0 1
    outer loop
      vertex -46 -39 5.1
      vertex -46.129334042744 -37.027105219382 5.1
      vertex -46.19030116872178 -37.206708580912725 5.1
    endloop
  endfacet
  facet normal 0 0 1
    outer loop
      vertex -46 -39 5.1
      vertex -46.08518543427733 -36.8970476127563 5.1
      vertex -46.129334042744 -37.027105219382 5.1
    endloop
  endfacet
  facet normal 0 0 1
    outer loop
      vertex -46 -39 5.1
      vertex -46.021387846565474 -36.57631548055013 5.1
      vertex -46.08518543427733 -36.8970476127563 5.1
    endloop
  endfacet
  facet normal 0 0 1
    outer loop
      vertex -46 -39 5.1
      vertex -46 -36.25 5.1
      vertex -46.021387846565474 -36.57631548055013 5.1
    endloop
  endfacet
  facet normal 0 1 0
    outer loop
      vertex -45.971247664649084 -44.600000001490116 5.1
      vertex -31.1 -44.600000001490116 8.094744111674235
      vertex -30.8419035512032 -44.600000001490116 7.96746502847517
    endloop
  endfacet
  facet normal 0 1 0
    outer loop
      vertex -45.971247664649084 -44.600000001490116 5.1
      vertex -30.569401899225547 -44.600000001490116 7.874963182164049
      vertex -30.287157622884113 -44.600000001490116 7.818821304977617
    endloop
  endfacet
  facet normal 0 1 0
    outer loop
      vertex -45.971247664649084 -44.600000001490116 5.1
      vertex -30.8419035512032 -44.600000001490116 7.96746502847517
      vertex -30.569401899225547 -44.600000001490116 7.874963182164049
    endloop
  endfacet
  facet normal 0 1 0
    outer loop
      vertex -45.971247664649084 -44.600000001490116 5.1
      vertex -30.287157622884113 -44.600000001490116 7.818821304977617
      vertex -30 -44.600000001490116 7.8
    endloop
  endfacet
  facet normal 0 1 0
    outer loop
      vertex -45.971247664649084 -44.600000001490116 5.1
      vertex -31.555634918610405 -44.600000001490116 8.444365081389595
      vertex -31.339275143819187 -44.600000001490116 8.254622651359282
    endloop
  endfacet
  facet normal 0 1 0
    outer loop
      vertex -45.971247664649084 -44.600000001490116 5.1
      vertex -31.745377348640716 -44.600000001490116 8.660724856180815
      vertex -31.555634918610405 -44.600000001490116 8.444365081389595
    endloop
  endfacet
  facet normal 0 1 0
    outer loop
      vertex -45.971247664649084 -44.600000001490116 5.1
      vertex -31.905255888325765 -44.600000001490116 8.9
      vertex -31.745377348640716 -44.600000001490116 8.660724856180815
    endloop
  endfacet
  facet normal 0 1 0
    outer loop
      vertex -45.971247664649084 -44.600000001490116 5.1
      vertex -31.339275143819187 -44.600000001490116 8.254622651359282
      vertex -31.1 -44.600000001490116 8.094744111674235
    endloop
  endfacet
  facet normal 0 1 0
    outer loop
      vertex -45.971247664649084 -44.600000001490116 5.1
      vertex -32.12503681783595 -44.600000001490116 9.430598100774453
      vertex -32.03253497152483 -44.600000001490116 9.158096448796803
    endloop
  endfacet
  facet normal 0 1 0
    outer loop
      vertex -45.971247664649084 -44.600000001490116 5.1
      vertex -32.03253497152483 -44.600000001490116 9.158096448796803
      vertex -31.905255888325765 -44.600000001490116 8.9
    endloop
  endfacet
  facet normal 0 1 0
    outer loop
      vertex -45.971247664649084 -44.600000001490116 5.1
      vertex -32.18117869502238 -44.600000001490116 9.712842377115887
      vertex -32.12503681783595 -44.600000001490116 9.430598100774453
    endloop
  endfacet
  facet normal 0 1 0
    outer loop
      vertex -45.971247664649084 -44.600000001490116 5.1
      vertex -32.2 -44.600000001490116 10
      vertex -32.18117869502238 -44.600000001490116 9.712842377115887
    endloop
  endfacet
  facet normal 0 1 0
    outer loop
      vertex -45.971247664649084 -44.600000001490116 5.1
      vertex -32.18117869502238 -44.600000001490116 10.287157622884113
      vertex -32.2 -44.600000001490116 10
    endloop
  endfacet
  facet normal 0 1 0
    outer loop
      vertex -45.971247664649084 -44.600000001490116 5.1
      vertex -32.12503681783595 -44.600000001490116 10.569401899225547
      vertex -32.18117869502238 -44.600000001490116 10.287157622884113
    endloop
  endfacet
  facet normal 0 0 1
    outer loop
      vertex -45.971247664649084 -44.600000001490116 5.1
      vertex -8 -44.6 5.1
      vertex -45.82658663883506 -44.435045716034885 5.1
    endloop
  endfacet
  facet normal 0 0 1
    outer loop
      vertex -45.82658663883506 -44.435045716034885 5.1
      vertex -8 -44.6 5.1
      vertex -45.53589838486224 -44 5.1
    endloop
  endfacet
  facet normal 0 0 1
    outer loop
      vertex -45.53589838486224 -44 5.1
      vertex -8 -44.6 5.1
      vertex -45.304481869954856 -43.53073372946036 5.1
    endloop
  endfacet
  facet normal 0 0 1
    outer loop
      vertex -45.304481869954856 -43.53073372946036 5.1
      vertex -8 -44.6 5.1
      vertex -45.13629669484373 -43.03527618041008 5.1
    endloop
  endfacet
  facet normal 0 0 1
    outer loop
      vertex -45.13629669484373 -43.03527618041008 5.1
      vertex -8 -44.6 5.1
      vertex -45.034220554504756 -42.522104768880205 5.1
    endloop
  endfacet
  facet normal 0 0 1
    outer loop
      vertex -45.034220554504756 -42.522104768880205 5.1
      vertex -8 -44.6 5.1
      vertex -45 -42 5.1
    endloop
  endfacet
  facet normal 0 0 1
    outer loop
      vertex -45.304481869954856 -40.46926627053964 5.1
      vertex -8 -39 5.1
      vertex -45.53589838486224 -40 5.1
    endloop
  endfacet
  facet normal 0 0 1
    outer loop
      vertex -45 -42 5.1
      vertex -8 -39 5.1
      vertex -45.034220554504756 -41.477895231119795 5.1
    endloop
  endfacet
  facet normal 0 0 1
    outer loop
      vertex -45.034220554504756 -41.477895231119795 5.1
      vertex -8 -39 5.1
      vertex -45.13629669484373 -40.96472381958992 5.1
    endloop
  endfacet
  facet normal 0 0 1
    outer loop
      vertex -45.304481869954856 -40.46926627053964 5.1
      vertex -45.13629669484373 -40.96472381958992 5.1
      vertex -8 -39 5.1
    endloop
  endfacet
  facet normal 0 0 1
    outer loop
      vertex -45.82658663883506 -39.564954283965115 5.1
      vertex -45.53589838486224 -40 5.1
      vertex -8 -39 5.1
    endloop
  endfacet
  facet normal 0 0 1
    outer loop
      vertex -46 -39 5.1
      vertex -45.82658663883506 -39.564954283965115 5.1
      vertex -8 -39 5.1
    endloop
  endfacet
  facet normal 0 1 0
    outer loop
      vertex -45.971247664649084 -44.600000001490116 5.1
      vertex -32.2 -44.600000001490116 28
      vertex -32.12503681783595 -44.600000001490116 10.569401899225547
    endloop
  endfacet
  facet normal 0 1 0
    outer loop
      vertex -32.12503681783595 -44.600000001490116 10.569401899225547
      vertex -32.03253497152483 -44.600000001490116 27.1580964487968
      vertex -32.03253497152483 -44.600000001490116 10.841903551203197
    endloop
  endfacet
  facet normal 0 1 0
    outer loop
      vertex -31.905255888325765 -44.600000001490116 11.1
      vertex -32.03253497152483 -44.600000001490116 10.841903551203197
      vertex -31.905255888325765 -44.600000001490116 26.9
    endloop
  endfacet
  facet normal 0 1 0
    outer loop
      vertex -31.745377348640716 -44.600000001490116 11.339275143819185
      vertex -31.905255888325765 -44.600000001490116 11.1
      vertex -31.745377348640716 -44.600000001490116 26.660724856180813
    endloop
  endfacet
  facet normal 0 1 0
    outer loop
      vertex -31.555634918610405 -44.600000001490116 11.555634918610405
      vertex -31.745377348640716 -44.600000001490116 11.339275143819185
      vertex -31.555634918610405 -44.600000001490116 26.444365081389595
    endloop
  endfacet
  facet normal 0 1 0
    outer loop
      vertex -31.555634918610405 -44.600000001490116 11.555634918610405
      vertex -31.339275143819187 -44.600000001490116 26.254622651359284
      vertex -31.339275143819187 -44.600000001490116 11.745377348640718
    endloop
  endfacet
  facet normal 0 1 0
    outer loop
      vertex -31.1 -44.600000001490116 11.905255888325765
      vertex -31.339275143819187 -44.600000001490116 11.745377348640718
      vertex -31.1 -44.600000001490116 26.094744111674235
    endloop
  endfacet
  facet normal 0 1 0
    outer loop
      vertex -28.660724856180813 -44.600000001490116 11.745377348640718
      vertex -28.444365081389595 -44.600000001490116 26.444365081389595
      vertex -28.444365081389595 -44.600000001490116 11.555634918610405
    endloop
  endfacet
  facet normal 0 1 0
    outer loop
      vertex -31.1 -44.600000001490116 11.905255888325765
      vertex -30.8419035512032 -44.600000001490116 25.967465028475168
      vertex -30.8419035512032 -44.600000001490116 12.03253497152483
    endloop
  endfacet
  facet normal 0 1 0
    outer loop
      vertex -30.8419035512032 -44.600000001490116 12.03253497152483
      vertex -30.569401899225547 -44.600000001490116 25.87496318216405
      vertex -30.569401899225547 -44.600000001490116 12.125036817835952
    endloop
  endfacet
  facet normal 0 1 0
    outer loop
      vertex -30.569401899225547 -44.600000001490116 12.125036817835952
      vertex -30.287157622884113 -44.600000001490116 25.818821304977618
      vertex -30.287157622884113 -44.600000001490116 12.181178695022382
    endloop
  endfacet
  facet normal 0 1 0
    outer loop
      vertex -30.287157622884113 -44.600000001490116 12.181178695022382
      vertex -30 -44.600000001490116 25.8
      vertex -30 -44.600000001490116 12.2
    endloop
  endfacet
  facet normal 0 1 0
    outer loop
      vertex -30 -44.600000001490116 12.2
      vertex -29.712842377115887 -44.600000001490116 25.818821304977618
      vertex -29.712842377115887 -44.600000001490116 12.181178695022382
    endloop
  endfacet
  facet normal 0 1 0
    outer loop
      vertex -29.712842377115887 -44.600000001490116 12.181178695022382
      vertex -29.430598100774453 -44.600000001490116 25.87496318216405
      vertex -29.430598100774453 -44.600000001490116 12.125036817835952
    endloop
  endfacet
  facet normal 0 1 0
    outer loop
      vertex -29.430598100774453 -44.600000001490116 12.125036817835952
      vertex -29.1580964487968 -44.600000001490116 25.967465028475168
      vertex -29.1580964487968 -44.600000001490116 12.03253497152483
    endloop
  endfacet
  facet normal 0 1 0
    outer loop
      vertex -29.1580964487968 -44.600000001490116 12.03253497152483
      vertex -28.9 -44.600000001490116 26.094744111674235
      vertex -28.9 -44.600000001490116 11.905255888325765
    endloop
  endfacet
  facet normal 0 1 0
    outer loop
      vertex -28.660724856180813 -44.600000001490116 11.745377348640718
      vertex -28.9 -44.600000001490116 11.905255888325765
      vertex -28.660724856180813 -44.600000001490116 26.254622651359284
    endloop
  endfacet
  facet normal 0 0 1
    outer loop
      vertex -46.51661664927191 -34.7280964274782 5.1
      vertex -46.3349364905389 -35 5.1
      vertex -48.5 33.75 5.1
    endloop
  endfacet
  facet normal 0 0 1
    outer loop
      vertex -46.51661664927191 -34.7280964274782 5.1
      vertex -48.5 33.75 5.1
      vertex -46.73223304703363 -34.48223304703363 5.1
    endloop
  endfacet
  facet normal 0 0 1
    outer loop
      vertex -46.19030116872178 -35.293291419087275 5.1
      vertex -47.543291419087275 33.94030116872178 5.1
      vertex -46.3349364905389 -35 5.1
    endloop
  endfacet
  facet normal 0 0 1
    outer loop
      vertex -46.08518543427733 -35.6029523872437 5.1
      vertex -46.9780964274782 34.26661664927191 5.1
      vertex -46.19030116872178 -35.293291419087275 5.1
    endloop
  endfacet
  facet normal 0 0 1
    outer loop
      vertex -46.058390447438356 -35.73765988277029 5.1
      vertex -46.87483380769148 34.35717553633183 5.1
      vertex -46.08518543427733 -35.6029523872437 5.1
    endloop
  endfacet
  facet normal 0 0 1
    outer loop
      vertex -46.021387846565474 -35.92368451944987 5.1
      vertex -46.73223304703363 34.48223304703363 5.1
      vertex -46.058390447438356 -35.73765988277029 5.1
    endloop
  endfacet
  facet normal 0 0 1
    outer loop
      vertex -46 -36.25 5.1
      vertex -46.3349364905389 35 5.1
      vertex -46.0089828955575 -36.11294749816894 5.1
    endloop
  endfacet
  facet normal 0 0 1
    outer loop
      vertex -46.0089828955575 -36.11294749816894 5.1
      vertex -46.51661664927191 34.7280964274782 5.1
      vertex -46.021387846565474 -35.92368451944987 5.1
    endloop
  endfacet
  facet normal 1 0 0
    outer loop
      vertex -51.600000001490116 -33.75 5.1
      vertex -51.600000001490116 33.75 5.1
      vertex -51.600000001490116 -33.75 7.7
    endloop
  endfacet
  facet normal 0 0 1
    outer loop
      vertex -51.600000001490116 -33.75 5.1
      vertex -48.5 -33.75 5.1
      vertex -48.5 33.75 5.1
    endloop
  endfacet
  facet normal 0 0 1
    outer loop
      vertex -48.5 -33.75 5.1
      vertex -48.17368451944987 -33.771387846565474 5.1
      vertex -48.5 33.75 5.1
    endloop
  endfacet
  facet normal 0 0 1
    outer loop
      vertex -47.98765988277029 -33.808390447438356 5.1
      vertex -48.5 33.75 5.1
      vertex -48.17368451944987 -33.771387846565474 5.1
    endloop
  endfacet
  facet normal 0 0 1
    outer loop
      vertex -47.98765988277029 -33.808390447438356 5.1
      vertex -47.8529523872437 -33.83518543427733 5.1
      vertex -48.5 33.75 5.1
    endloop
  endfacet
  facet normal 0 0 1
    outer loop
      vertex -47.543291419087275 -33.94030116872178 5.1
      vertex -47.25 -34.0849364905389 5.1
      vertex -48.5 33.75 5.1
    endloop
  endfacet
  facet normal 0 0 1
    outer loop
      vertex -47.8529523872437 -33.83518543427733 5.1
      vertex -47.543291419087275 -33.94030116872178 5.1
      vertex -48.5 33.75 5.1
    endloop
  endfacet
  facet normal 0 0 1
    outer loop
      vertex -46.9780964274782 -34.26661664927191 5.1
      vertex -48.5 33.75 5.1
      vertex -47.25 -34.0849364905389 5.1
    endloop
  endfacet
  facet normal 0 0 1
    outer loop
      vertex -46.9780964274782 -34.26661664927191 5.1
      vertex -46.73223304703363 -34.48223304703363 5.1
      vertex -48.5 33.75 5.1
    endloop
  endfacet
  facet normal 0 0 1
    outer loop
      vertex -45 -42 5.1
      vertex -8 -44.6 5.1
      vertex -8 -39 5.1
    endloop
  endfacet
  facet normal 0 1 0
    outer loop
      vertex -45.971247664649084 -44.600000001490116 5.1
      vertex -30 -44.600000001490116 7.8
      vertex 27.87496318216405 -44.600000001490116 10.569401899225547
    endloop
  endfacet
  facet normal 0 1 0
    outer loop
      vertex -29.712842377115887 -44.600000001490116 7.818821304977617
      vertex 27.87496318216405 -44.600000001490116 10.569401899225547
      vertex -30 -44.600000001490116 7.8
    endloop
  endfacet
  facet normal 0 1 0
    outer loop
      vertex -29.430598100774453 -44.600000001490116 7.874963182164049
      vertex 27.87496318216405 -44.600000001490116 10.569401899225547
      vertex -29.712842377115887 -44.600000001490116 7.818821304977617
    endloop
  endfacet
  facet normal 0 1 0
    outer loop
      vertex -29.1580964487968 -44.600000001490116 7.96746502847517
      vertex 27.87496318216405 -44.600000001490116 10.569401899225547
      vertex -29.430598100774453 -44.600000001490116 7.874963182164049
    endloop
  endfacet
  facet normal 0 1 0
    outer loop
      vertex -28.9 -44.600000001490116 8.094744111674235
      vertex 27.87496318216405 -44.600000001490116 10.569401899225547
      vertex -29.1580964487968 -44.600000001490116 7.96746502847517
    endloop
  endfacet
  facet normal 0 1 0
    outer loop
      vertex -28.660724856180813 -44.600000001490116 8.254622651359282
      vertex 27.87496318216405 -44.600000001490116 10.569401899225547
      vertex -28.9 -44.600000001490116 8.094744111674235
    endloop
  endfacet
  facet normal 0 0 1
    outer loop
      vertex -45.971247664649084 -44.600000001490116 5.1
      vertex 45.971247664649084 -44.600000001490116 5.1
      vertex -8 -44.6 5.1
    endloop
  endfacet
  facet normal 0 1 0
    outer loop
      vertex 45.971247664649084 -44.600000001490116 38
      vertex -28.660724856180813 -44.600000001490116 8.254622651359282
      vertex -28.444365081389595 -44.600000001490116 8.444365081389595
    endloop
  endfacet
  facet normal 0 1 0
    outer loop
      vertex 45.971247664649084 -44.600000001490116 38
      vertex -28.444365081389595 -44.600000001490116 8.444365081389595
      vertex -28.254622651359284 -44.600000001490116 8.660724856180815
    endloop
  endfacet
  facet normal 0 1 0
    outer loop
      vertex 45.971247664649084 -44.600000001490116 38
      vertex -28.254622651359284 -44.600000001490116 8.660724856180815
      vertex -28.094744111674235 -44.600000001490116 8.9
    endloop
  endfacet
  facet normal 0 1 0
    outer loop
      vertex 45.971247664649084 -44.600000001490116 38
      vertex -28.094744111674235 -44.600000001490116 8.9
      vertex -27.967465028475168 -44.600000001490116 9.158096448796803
    endloop
  endfacet
  facet normal 0 1 0
    outer loop
      vertex 45.971247664649084 -44.600000001490116 38
      vertex -27.967465028475168 -44.600000001490116 9.158096448796803
      vertex -27.87496318216405 -44.600000001490116 9.430598100774453
    endloop
  endfacet
  facet normal 0 1 0
    outer loop
      vertex -45.971247664649084 -44.600000001490116 5.1
      vertex -45.971247664649084 -44.600000001490116 38
      vertex -32.2 -44.600000001490116 28
    endloop
  endfacet
  facet normal 0 1 0
    outer loop
      vertex -31.339275143819187 -44.600000001490116 11.745377348640718
      vertex -31.339275143819187 -44.600000001490116 26.254622651359284
      vertex -31.1 -44.600000001490116 26.094744111674235
    endloop
  endfacet
  facet normal 0 1 0
    outer loop
      vertex -31.1 -44.600000001490116 11.905255888325765
      vertex -31.1 -44.600000001490116 26.094744111674235
      vertex -30.8419035512032 -44.600000001490116 25.967465028475168
    endloop
  endfacet
  facet normal 0 1 0
    outer loop
      vertex -30.8419035512032 -44.600000001490116 12.03253497152483
      vertex -30.8419035512032 -44.600000001490116 25.967465028475168
      vertex -30.569401899225547 -44.600000001490116 25.87496318216405
    endloop
  endfacet
  facet normal 0 1 0
    outer loop
      vertex -30.569401899225547 -44.600000001490116 12.125036817835952
      vertex -30.569401899225547 -44.600000001490116 25.87496318216405
      vertex -30.287157622884113 -44.600000001490116 25.818821304977618
    endloop
  endfacet
  facet normal 0 1 0
    outer loop
      vertex -30.287157622884113 -44.600000001490116 12.181178695022382
      vertex -30.287157622884113 -44.600000001490116 25.818821304977618
      vertex -30 -44.600000001490116 25.8
    endloop
  endfacet
  facet normal 0 1 0
    outer loop
      vertex -30 -44.600000001490116 12.2
      vertex -30 -44.600000001490116 25.8
      vertex -29.712842377115887 -44.600000001490116 25.818821304977618
    endloop
  endfacet
  facet normal 0 1 0
    outer loop
      vertex -29.712842377115887 -44.600000001490116 12.181178695022382
      vertex -29.712842377115887 -44.600000001490116 25.818821304977618
      vertex -29.430598100774453 -44.600000001490116 25.87496318216405
    endloop
  endfacet
  facet normal 0 1 0
    outer loop
      vertex -29.430598100774453 -44.600000001490116 12.125036817835952
      vertex -29.430598100774453 -44.600000001490116 25.87496318216405
      vertex -29.1580964487968 -44.600000001490116 25.967465028475168
    endloop
  endfacet
  facet normal 0 1 0
    outer loop
      vertex -29.1580964487968 -44.600000001490116 12.03253497152483
      vertex -29.1580964487968 -44.600000001490116 25.967465028475168
      vertex -28.9 -44.600000001490116 26.094744111674235
    endloop
  endfacet
  facet normal 0 1 0
    outer loop
      vertex -32.12503681783595 -44.600000001490116 10.569401899225547
      vertex -32.12503681783595 -44.600000001490116 27.430598100774453
      vertex -32.03253497152483 -44.600000001490116 27.1580964487968
    endloop
  endfacet
  facet normal 0 1 0
    outer loop
      vertex -32.12503681783595 -44.600000001490116 10.569401899225547
      vertex -32.18117869502238 -44.600000001490116 27.712842377115887
      vertex -32.12503681783595 -44.600000001490116 27.430598100774453
    endloop
  endfacet
  facet normal 0 1 0
    outer loop
      vertex -32.12503681783595 -44.600000001490116 10.569401899225547
      vertex -32.2 -44.600000001490116 28
      vertex -32.18117869502238 -44.600000001490116 27.712842377115887
    endloop
  endfacet
  facet normal 0 1 0
    outer loop
      vertex -31.745377348640716 -44.600000001490116 11.339275143819185
      vertex -31.745377348640716 -44.600000001490116 26.660724856180813
      vertex -31.555634918610405 -44.600000001490116 26.444365081389595
    endloop
  endfacet
  facet normal 0 1 0
    outer loop
      vertex -31.905255888325765 -44.600000001490116 11.1
      vertex -31.905255888325765 -44.600000001490116 26.9
      vertex -31.745377348640716 -44.600000001490116 26.660724856180813
    endloop
  endfacet
  facet normal 0 1 0
    outer loop
      vertex -32.03253497152483 -44.600000001490116 10.841903551203197
      vertex -32.03253497152483 -44.600000001490116 27.1580964487968
      vertex -31.905255888325765 -44.600000001490116 26.9
    endloop
  endfacet
  facet normal 0 1 0
    outer loop
      vertex -31.555634918610405 -44.600000001490116 11.555634918610405
      vertex -31.555634918610405 -44.600000001490116 26.444365081389595
      vertex -31.339275143819187 -44.600000001490116 26.254622651359284
    endloop
  endfacet
  facet normal 0 1 0
    outer loop
      vertex -28.9 -44.600000001490116 11.905255888325765
      vertex -28.9 -44.600000001490116 26.094744111674235
      vertex -28.660724856180813 -44.600000001490116 26.254622651359284
    endloop
  endfacet
  facet normal 0 1 0
    outer loop
      vertex -28.660724856180813 -44.600000001490116 11.745377348640718
      vertex -28.660724856180813 -44.600000001490116 26.254622651359284
      vertex -28.444365081389595 -44.600000001490116 26.444365081389595
    endloop
  endfacet
  facet normal 0 1 0
    outer loop
      vertex -28.444365081389595 -44.600000001490116 11.555634918610405
      vertex -28.444365081389595 -44.600000001490116 26.444365081389595
      vertex -28.254622651359284 -44.600000001490116 26.660724856180813
    endloop
  endfacet
  facet normal 0 1 0
    outer loop
      vertex -28.444365081389595 -44.600000001490116 11.555634918610405
      vertex -28.254622651359284 -44.600000001490116 26.660724856180813
      vertex -28.094744111674235 -44.600000001490116 26.9
    endloop
  endfacet
  facet normal 0 1 0
    outer loop
      vertex -28.444365081389595 -44.600000001490116 11.555634918610405
      vertex -28.094744111674235 -44.600000001490116 26.9
      vertex -27.967465028475168 -44.600000001490116 27.1580964487968
    endloop
  endfacet
  facet normal 0 1 0
    outer loop
      vertex -28.444365081389595 -44.600000001490116 11.555634918610405
      vertex -27.967465028475168 -44.600000001490116 27.1580964487968
      vertex -27.87496318216405 -44.600000001490116 27.430598100774453
    endloop
  endfacet
  facet normal 0 1 0
    outer loop
      vertex -45.971247664649084 -44.600000001490116 38
      vertex -32.18117869502238 -44.600000001490116 28.287157622884113
      vertex -32.2 -44.600000001490116 28
    endloop
  endfacet
  facet normal 0 1 0
    outer loop
      vertex -45.971247664649084 -44.600000001490116 38
      vertex -32.12503681783595 -44.600000001490116 28.569401899225547
      vertex -32.18117869502238 -44.600000001490116 28.287157622884113
    endloop
  endfacet
  facet normal 0 1 0
    outer loop
      vertex -45.971247664649084 -44.600000001490116 38
      vertex -32.03253497152483 -44.600000001490116 28.8419035512032
      vertex -32.12503681783595 -44.600000001490116 28.569401899225547
    endloop
  endfacet
  facet normal 0 1 0
    outer loop
      vertex -45.971247664649084 -44.600000001490116 38
      vertex -31.905255888325765 -44.600000001490116 29.1
      vertex -32.03253497152483 -44.600000001490116 28.8419035512032
    endloop
  endfacet
  facet normal 0 1 0
    outer loop
      vertex -45.971247664649084 -44.600000001490116 38
      vertex -31.745377348640716 -44.600000001490116 29.339275143819187
      vertex -31.905255888325765 -44.600000001490116 29.1
    endloop
  endfacet
  facet normal 0 1 0
    outer loop
      vertex -45.971247664649084 -44.600000001490116 38
      vertex -31.555634918610405 -44.600000001490116 29.555634918610405
      vertex -31.745377348640716 -44.600000001490116 29.339275143819187
    endloop
  endfacet
  facet normal 0 1 0
    outer loop
      vertex -45.971247664649084 -44.600000001490116 38
      vertex -31.339275143819187 -44.600000001490116 29.745377348640716
      vertex -31.555634918610405 -44.600000001490116 29.555634918610405
    endloop
  endfacet
  facet normal 0 1 0
    outer loop
      vertex -45.971247664649084 -44.600000001490116 38
      vertex -31.1 -44.600000001490116 29.905255888325765
      vertex -31.339275143819187 -44.600000001490116 29.745377348640716
    endloop
  endfacet
  facet normal 0 1 0
    outer loop
      vertex -45.971247664649084 -44.600000001490116 38
      vertex -30.8419035512032 -44.600000001490116 30.032534971524832
      vertex -31.1 -44.600000001490116 29.905255888325765
    endloop
  endfacet
  facet normal 0 1 0
    outer loop
      vertex -45.971247664649084 -44.600000001490116 38
      vertex -30.569401899225547 -44.600000001490116 30.12503681783595
      vertex -30.8419035512032 -44.600000001490116 30.032534971524832
    endloop
  endfacet
  facet normal 0 1 0
    outer loop
      vertex -45.971247664649084 -44.600000001490116 38
      vertex -30.287157622884113 -44.600000001490116 30.181178695022382
      vertex -30.569401899225547 -44.600000001490116 30.12503681783595
    endloop
  endfacet
  facet normal 0 1 0
    outer loop
      vertex -45.971247664649084 -44.600000001490116 38
      vertex -30 -44.600000001490116 30.2
      vertex -30.287157622884113 -44.600000001490116 30.181178695022382
    endloop
  endfacet
  facet normal 0 1 0
    outer loop
      vertex -28.444365081389595 -44.600000001490116 11.555634918610405
      vertex -27.87496318216405 -44.600000001490116 27.430598100774453
      vertex -4.5 -44.600000001490116 34
    endloop
  endfacet
  facet normal 0 1 0
    outer loop
      vertex 45.971247664649084 -44.600000001490116 38
      vertex -28.094744111674235 -44.600000001490116 11.1
      vertex -28.254622651359284 -44.600000001490116 11.339275143819185
    endloop
  endfacet
  facet normal 0 1 0
    outer loop
      vertex 45.971247664649084 -44.600000001490116 38
      vertex -28.254622651359284 -44.600000001490116 11.339275143819185
      vertex -28.444365081389595 -44.600000001490116 11.555634918610405
    endloop
  endfacet
  facet normal 0 1 0
    outer loop
      vertex 45.971247664649084 -44.600000001490116 38
      vertex -27.87496318216405 -44.600000001490116 9.430598100774453
      vertex -27.818821304977618 -44.600000001490116 9.712842377115887
    endloop
  endfacet
  facet normal 0 1 0
    outer loop
      vertex 45.971247664649084 -44.600000001490116 38
      vertex -27.818821304977618 -44.600000001490116 9.712842377115887
      vertex -27.8 -44.600000001490116 10
    endloop
  endfacet
  facet normal 0 1 0
    outer loop
      vertex 45.971247664649084 -44.600000001490116 38
      vertex -27.8 -44.600000001490116 10
      vertex -27.818821304977618 -44.600000001490116 10.287157622884113
    endloop
  endfacet
  facet normal 0 1 0
    outer loop
      vertex 45.971247664649084 -44.600000001490116 38
      vertex -27.818821304977618 -44.600000001490116 10.287157622884113
      vertex -27.87496318216405 -44.600000001490116 10.569401899225547
    endloop
  endfacet
  facet normal 0 1 0
    outer loop
      vertex 45.971247664649084 -44.600000001490116 38
      vertex -27.87496318216405 -44.600000001490116 10.569401899225547
      vertex -27.967465028475168 -44.600000001490116 10.841903551203197
    endloop
  endfacet
  facet normal 0 1 0
    outer loop
      vertex 45.971247664649084 -44.600000001490116 38
      vertex -27.967465028475168 -44.600000001490116 10.841903551203197
      vertex -28.094744111674235 -44.600000001490116 11.1
    endloop
  endfacet
  facet normal 0 1 0
    outer loop
      vertex -28.444365081389595 -44.600000001490116 11.555634918610405
      vertex -4.5 -44.600000001490116 34
      vertex 4.5 -44.600000001490116 34
    endloop
  endfacet
  facet normal 0 1 0
    outer loop
      vertex -28.094744111674235 -44.600000001490116 29.1
      vertex -28.254622651359284 -44.600000001490116 29.339275143819187
      vertex -4.5 -44.600000001490116 34
    endloop
  endfacet
  facet normal 0 1 0
    outer loop
      vertex -28.254622651359284 -44.600000001490116 29.339275143819187
      vertex -28.444365081389595 -44.600000001490116 29.555634918610405
      vertex -4.5 -44.600000001490116 34
    endloop
  endfacet
  facet normal 0 1 0
    outer loop
      vertex -28.660724856180813 -44.600000001490116 29.745377348640716
      vertex -4.5 -44.600000001490116 34
      vertex -28.444365081389595 -44.600000001490116 29.555634918610405
    endloop
  endfacet
  facet normal 0 1 0
    outer loop
      vertex -4.5 -44.600000001490116 38
      vertex -28.660724856180813 -44.600000001490116 29.745377348640716
      vertex -28.9 -44.600000001490116 29.905255888325765
    endloop
  endfacet
  facet normal 0 1 0
    outer loop
      vertex -4.5 -44.600000001490116 38
      vertex -28.9 -44.600000001490116 29.905255888325765
      vertex -29.1580964487968 -44.600000001490116 30.032534971524832
    endloop
  endfacet
  facet normal 0 1 0
    outer loop
      vertex -4.5 -44.600000001490116 38
      vertex -29.712842377115887 -44.600000001490116 30.181178695022382
      vertex -30 -44.600000001490116 30.2
    endloop
  endfacet
  facet normal 0 1 0
    outer loop
      vertex -4.5 -44.600000001490116 38
      vertex -29.430598100774453 -44.600000001490116 30.12503681783595
      vertex -29.712842377115887 -44.600000001490116 30.181178695022382
    endloop
  endfacet
  facet normal 0 1 0
    outer loop
      vertex -4.5 -44.600000001490116 38
      vertex -29.1580964487968 -44.600000001490116 30.032534971524832
      vertex -29.430598100774453 -44.600000001490116 30.12503681783595
    endloop
  endfacet
  facet normal 0 1 0
    outer loop
      vertex -27.87496318216405 -44.600000001490116 27.430598100774453
      vertex -27.818821304977618 -44.600000001490116 27.712842377115887
      vertex -4.5 -44.600000001490116 34
    endloop
  endfacet
  facet normal 0 1 0
    outer loop
      vertex -27.818821304977618 -44.600000001490116 27.712842377115887
      vertex -27.8 -44.600000001490116 28
      vertex -4.5 -44.600000001490116 34
    endloop
  endfacet
  facet normal 0 1 0
    outer loop
      vertex -27.8 -44.600000001490116 28
      vertex -27.818821304977618 -44.600000001490116 28.287157622884113
      vertex -4.5 -44.600000001490116 34
    endloop
  endfacet
  facet normal 0 1 0
    outer loop
      vertex -27.818821304977618 -44.600000001490116 28.287157622884113
      vertex -27.87496318216405 -44.600000001490116 28.569401899225547
      vertex -4.5 -44.600000001490116 34
    endloop
  endfacet
  facet normal 0 1 0
    outer loop
      vertex -27.87496318216405 -44.600000001490116 28.569401899225547
      vertex -27.967465028475168 -44.600000001490116 28.8419035512032
      vertex -4.5 -44.600000001490116 34
    endloop
  endfacet
  facet normal 0 1 0
    outer loop
      vertex -27.967465028475168 -44.600000001490116 28.8419035512032
      vertex -28.094744111674235 -44.600000001490116 29.1
      vertex -4.5 -44.600000001490116 34
    endloop
  endfacet
  facet normal 0 1 0
    outer loop
      vertex -45.971247664649084 -44.600000001490116 38
      vertex -4.5 -44.600000001490116 38
      vertex -30 -44.600000001490116 30.2
    endloop
  endfacet
  facet normal 0 1 0
    outer loop
      vertex -4.5 -44.600000001490116 38
      vertex -4.5 -44.600000001490116 34
      vertex -28.660724856180813 -44.600000001490116 29.745377348640716
    endloop
  endfacet
  facet normal 1 0 0
    outer loop
      vertex -51.600000001490116 -33.75 7.7
      vertex -51.600000001490116 33.75 5.1
      vertex -51.600000001490116 33.75 7.7
    endloop
  endfacet
  facet normal 0 0 1
    outer loop
      vertex -51.600000001490116 -33.75 5.1
      vertex -48.5 33.75 5.1
      vertex -51.600000001490116 33.75 5.1
    endloop
  endfacet
  facet normal 0 0 1
    outer loop
      vertex -46.3349364905389 -35 5.1
      vertex -48.17368451944987 33.771387846565474 5.1
      vertex -48.5 33.75 5.1
    endloop
  endfacet
  facet normal 0 0 1
    outer loop
      vertex -46.3349364905389 -35 5.1
      vertex -47.8529523872437 33.83518543427733 5.1
      vertex -48.17368451944987 33.771387846565474 5.1
    endloop
  endfacet
  facet normal 0 0 1
    outer loop
      vertex -46.3349364905389 -35 5.1
      vertex -47.722894780618 33.879334042744 5.1
      vertex -47.8529523872437 33.83518543427733 5.1
    endloop
  endfacet
  facet normal 0 0 1
    outer loop
      vertex -46.3349364905389 -35 5.1
      vertex -47.543291419087275 33.94030116872178 5.1
      vertex -47.722894780618 33.879334042744 5.1
    endloop
  endfacet
  facet normal 0 0 1
    outer loop
      vertex -46.19030116872178 -35.293291419087275 5.1
      vertex -47.25 34.0849364905389 5.1
      vertex -47.543291419087275 33.94030116872178 5.1
    endloop
  endfacet
  facet normal 0 0 1
    outer loop
      vertex -46.08518543427733 -35.6029523872437 5.1
      vertex -46.87483380769148 34.35717553633183 5.1
      vertex -46.9780964274782 34.26661664927191 5.1
    endloop
  endfacet
  facet normal 0 0 1
    outer loop
      vertex -46.19030116872178 -35.293291419087275 5.1
      vertex -46.9780964274782 34.26661664927191 5.1
      vertex -47.25 34.0849364905389 5.1
    endloop
  endfacet
  facet normal 0 0 1
    outer loop
      vertex -46.058390447438356 -35.73765988277029 5.1
      vertex -46.73223304703363 34.48223304703363 5.1
      vertex -46.87483380769148 34.35717553633183 5.1
    endloop
  endfacet
  facet normal 0 0 1
    outer loop
      vertex -46.021387846565474 -35.92368451944987 5.1
      vertex -46.51661664927191 34.7280964274782 5.1
      vertex -46.73223304703363 34.48223304703363 5.1
    endloop
  endfacet
  facet normal 0 0 1
    outer loop
      vertex -46.0089828955575 -36.11294749816894 5.1
      vertex -46.3349364905389 35 5.1
      vertex -46.51661664927191 34.7280964274782 5.1
    endloop
  endfacet
  facet normal 0 0 1
    outer loop
      vertex -46 -36.25 5.1
      vertex -46.19030116872178 35.293291419087275 5.1
      vertex -46.3349364905389 35 5.1
    endloop
  endfacet
  facet normal 0 0 1
    outer loop
      vertex -46 -36.25 5.1
      vertex -46.08518543427733 35.6029523872437 5.1
      vertex -46.19030116872178 35.293291419087275 5.1
    endloop
  endfacet
  facet normal 0 0 1
    outer loop
      vertex -46 -36.25 5.1
      vertex -46.021387846565474 35.92368451944987 5.1
      vertex -46.08518543427733 35.6029523872437 5.1
    endloop
  endfacet
  facet normal 0 0 1
    outer loop
      vertex -46 -36.25 5.1
      vertex -46 36.25 5.1
      vertex -46.021387846565474 35.92368451944987 5.1
    endloop
  endfacet
  facet normal 0 0 1
    outer loop
      vertex -51.600000001490116 38.75 5.1
      vertex -51.435045716034885 38.82658663883506 5.1
      vertex -51.600000001490116 38.971247664649084 5.1
    endloop
  endfacet
  facet normal 0 0 1
    outer loop
      vertex -51.600000001490116 38.75 5.1
      vertex -51.320425711011154 38.75 5.1
      vertex -51.435045716034885 38.82658663883506 5.1
    endloop
  endfacet
  facet normal 1 0 0
    outer loop
      vertex -51.600000001490116 38.75 5.1
      vertex -51.600000001490116 38.971247664649084 5.1
      vertex -51.600000001490116 38.75 7.7
    endloop
  endfacet
  facet normal 1 0 0
    outer loop
      vertex -51.600000001490116 38.971247664649084 5.1
      vertex -51.600000001490116 38.971247664649084 7.7
      vertex -51.600000001490116 38.75 7.7
    endloop
  endfacet
  facet normal 0 0 1
    outer loop
      vertex -46 36.25 5.1
      vertex -46 39 5.1
      vertex -46.021387846565474 36.57631548055013 5.1
    endloop
  endfacet
  facet normal 0 0 1
    outer loop
      vertex -46.021387846565474 36.57631548055013 5.1
      vertex -46 39 5.1
      vertex -46.08518543427733 36.8970476127563 5.1
    endloop
  endfacet
  facet normal 0 0 1
    outer loop
      vertex -46.08518543427733 36.8970476127563 5.1
      vertex -46 39 5.1
      vertex -46.19030116872178 37.206708580912725 5.1
    endloop
  endfacet
  facet normal 0 0 1
    outer loop
      vertex -46.27418965537571 37.37681760398335 5.1
      vertex -46 39 5.1
      vertex -46.3349364905389 37.5 5.1
    endloop
  endfacet
  facet normal 0 0 1
    outer loop
      vertex -46.51661664927191 37.7719035725218 5.1
      vertex -46.3349364905389 37.5 5.1
      vertex -46 39 5.1
    endloop
  endfacet
  facet normal 0 0 1
    outer loop
      vertex -46.27418965537571 37.37681760398335 5.1
      vertex -46.19030116872178 37.206708580912725 5.1
      vertex -46 39 5.1
    endloop
  endfacet
  facet normal 0 0 1
    outer loop
      vertex -47.13580049954084 38.338757842793235 5.1
      vertex -47 38.53589838486224 5.1
      vertex -47.24788906371376 38.41365302692862 5.1
    endloop
  endfacet
  facet normal 0 0 1
    outer loop
      vertex -47.13580049954084 38.338757842793235 5.1
      vertex -46.9780964274782 38.23338335072809 5.1
      vertex -47 38.53589838486224 5.1
    endloop
  endfacet
  facet normal 0 0 1
    outer loop
      vertex -46.9780964274782 38.23338335072809 5.1
      vertex -46.564954283965115 38.82658663883506 5.1
      vertex -47 38.53589838486224 5.1
    endloop
  endfacet
  facet normal 0 0 1
    outer loop
      vertex -46.73223304703363 38.01776695296637 5.1
      vertex -46.564954283965115 38.82658663883506 5.1
      vertex -46.9780964274782 38.23338335072809 5.1
    endloop
  endfacet
  facet normal 0 0 1
    outer loop
      vertex -46.51661664927191 37.7719035725218 5.1
      vertex -46.564954283965115 38.82658663883506 5.1
      vertex -46.73223304703363 38.01776695296637 5.1
    endloop
  endfacet
  facet normal 0 0 1
    outer loop
      vertex -46.51661664927191 37.7719035725218 5.1
      vertex -46.17157287525381 39.17157287525381 5.1
      vertex -46.564954283965115 38.82658663883506 5.1
    endloop
  endfacet
  facet normal 0 0 1
    outer loop
      vertex -46.51661664927191 37.7719035725218 5.1
      vertex -46 39 5.1
      vertex -46.17157287525381 39.17157287525381 5.1
    endloop
  endfacet
  facet normal 0 0 1
    outer loop
      vertex -46 39 5.1
      vertex -45.82658663883506 39.564954283965115 5.1
      vertex -46.17157287525381 39.17157287525381 5.1
    endloop
  endfacet
  facet normal 0 0 1
    outer loop
      vertex -46 39 5.1
      vertex 46 39 5.1
      vertex -45.82658663883506 39.564954283965115 5.1
    endloop
  endfacet
  facet normal 0 0 1
    outer loop
      vertex -45.82658663883506 39.564954283965115 5.1
      vertex 46 39 5.1
      vertex -45.53589838486224 40 5.1
    endloop
  endfacet
  facet normal 0 0 1
    outer loop
      vertex -45.53589838486224 40 5.1
      vertex 46 39 5.1
      vertex -45.304481869954856 40.46926627053964 5.1
    endloop
  endfacet
  facet normal 0 0 1
    outer loop
      vertex -45.304481869954856 40.46926627053964 5.1
      vertex 46 39 5.1
      vertex -45.13629669484373 40.96472381958992 5.1
    endloop
  endfacet
  facet normal 0 0 1
    outer loop
      vertex -45.13629669484373 40.96472381958992 5.1
      vertex 46 39 5.1
      vertex -45.034220554504756 41.477895231119795 5.1
    endloop
  endfacet
  facet normal 0 0 1
    outer loop
      vertex -45.034220554504756 41.477895231119795 5.1
      vertex 45 42 5.1
      vertex -45 42 5.1
    endloop
  endfacet
  facet normal 0 0 1
    outer loop
      vertex -45 42 5.1
      vertex 45.034220554504756 42.522104768880205 5.1
      vertex -45.034220554504756 42.522104768880205 5.1
    endloop
  endfacet
  facet normal 0 0 1
    outer loop
      vertex -45.034220554504756 42.522104768880205 5.1
      vertex 45.13629669484373 43.03527618041008 5.1
      vertex -45.13629669484373 43.03527618041008 5.1
    endloop
  endfacet
  facet normal 0 0 1
    outer loop
      vertex -45.13629669484373 43.03527618041008 5.1
      vertex 45.304481869954856 43.53073372946036 5.1
      vertex -45.304481869954856 43.53073372946036 5.1
    endloop
  endfacet
  facet normal 0 0 1
    outer loop
      vertex -45.304481869954856 43.53073372946036 5.1
      vertex 45.53589838486224 44 5.1
      vertex -45.53589838486224 44 5.1
    endloop
  endfacet
  facet normal 0 0 1
    outer loop
      vertex -45.971247664649084 44.600000001490116 5.1
      vertex -45.82658663883506 44.435045716034885 5.1
      vertex 45.82658663883506 44.435045716034885 5.1
    endloop
  endfacet
  facet normal 0 0 1
    outer loop
      vertex -45.53589838486224 44 5.1
      vertex 45.82658663883506 44.435045716034885 5.1
      vertex -45.82658663883506 44.435045716034885 5.1
    endloop
  endfacet
  facet normal 0 -1 0
    outer loop
      vertex -45.971247664649084 44.600000001490116 5.1
      vertex 45.971247664649084 44.600000001490116 5.1
      vertex -45.971247664649084 44.600000001490116 38
    endloop
  endfacet
  facet normal 0 1 0
    outer loop
      vertex -45.971247664649084 -44.600000001490116 5.1
      vertex 29.1580964487968 -44.600000001490116 7.96746502847517
      vertex 29.430598100774453 -44.600000001490116 7.874963182164049
    endloop
  endfacet
  facet normal 0 1 0
    outer loop
      vertex -45.971247664649084 -44.600000001490116 5.1
      vertex 28.9 -44.600000001490116 8.094744111674235
      vertex 29.1580964487968 -44.600000001490116 7.96746502847517
    endloop
  endfacet
  facet normal 0 1 0
    outer loop
      vertex -45.971247664649084 -44.600000001490116 5.1
      vertex 29.430598100774453 -44.600000001490116 7.874963182164049
      vertex 29.712842377115887 -44.600000001490116 7.818821304977617
    endloop
  endfacet
  facet normal 0 1 0
    outer loop
      vertex -45.971247664649084 -44.600000001490116 5.1
      vertex 29.712842377115887 -44.600000001490116 7.818821304977617
      vertex 30 -44.600000001490116 7.8
    endloop
  endfacet
  facet normal 0 1 0
    outer loop
      vertex -45.971247664649084 -44.600000001490116 5.1
      vertex 27.967465028475168 -44.600000001490116 9.158096448796803
      vertex 28.094744111674235 -44.600000001490116 8.9
    endloop
  endfacet
  facet normal 0 1 0
    outer loop
      vertex -45.971247664649084 -44.600000001490116 5.1
      vertex 27.87496318216405 -44.600000001490116 9.430598100774453
      vertex 27.967465028475168 -44.600000001490116 9.158096448796803
    endloop
  endfacet
  facet normal 0 1 0
    outer loop
      vertex -45.971247664649084 -44.600000001490116 5.1
      vertex 27.818821304977618 -44.600000001490116 9.712842377115887
      vertex 27.87496318216405 -44.600000001490116 9.430598100774453
    endloop
  endfacet
  facet normal 0 1 0
    outer loop
      vertex -45.971247664649084 -44.600000001490116 5.1
      vertex 27.8 -44.600000001490116 10
      vertex 27.818821304977618 -44.600000001490116 9.712842377115887
    endloop
  endfacet
  facet normal 0 1 0
    outer loop
      vertex -45.971247664649084 -44.600000001490116 5.1
      vertex 27.818821304977618 -44.600000001490116 10.287157622884113
      vertex 27.8 -44.600000001490116 10
    endloop
  endfacet
  facet normal 0 1 0
    outer loop
      vertex -45.971247664649084 -44.600000001490116 5.1
      vertex 27.87496318216405 -44.600000001490116 10.569401899225547
      vertex 27.818821304977618 -44.600000001490116 10.287157622884113
    endloop
  endfacet
  facet normal 0 1 0
    outer loop
      vertex -45.971247664649084 -44.600000001490116 5.1
      vertex 28.444365081389595 -44.600000001490116 8.444365081389595
      vertex 28.660724856180813 -44.600000001490116 8.254622651359282
    endloop
  endfacet
  facet normal 0 1 0
    outer loop
      vertex -45.971247664649084 -44.600000001490116 5.1
      vertex 28.254622651359284 -44.600000001490116 8.660724856180815
      vertex 28.444365081389595 -44.600000001490116 8.444365081389595
    endloop
  endfacet
  facet normal 0 1 0
    outer loop
      vertex -45.971247664649084 -44.600000001490116 5.1
      vertex 28.660724856180813 -44.600000001490116 8.254622651359282
      vertex 28.9 -44.600000001490116 8.094744111674235
    endloop
  endfacet
  facet normal 0 1 0
    outer loop
      vertex -45.971247664649084 -44.600000001490116 5.1
      vertex 28.094744111674235 -44.600000001490116 8.9
      vertex 28.254622651359284 -44.600000001490116 8.660724856180815
    endloop
  endfacet
  facet normal 0 1 0
    outer loop
      vertex -45.971247664649084 -44.600000001490116 5.1
      vertex 30 -44.600000001490116 7.8
      vertex 45.971247664649084 -44.600000001490116 5.1
    endloop
  endfacet
  facet normal 0 0 1
    outer loop
      vertex -8 -44.6 5.1
      vertex 45.971247664649084 -44.600000001490116 5.1
      vertex 8 -44.6 5.1
    endloop
  endfacet
  facet normal 0 0 1
    outer loop
      vertex 8 -44.6 5.1
      vertex 46 -39 5.1
      vertex 8 -39 5.1
    endloop
  endfacet
  facet normal 0 1 0
    outer loop
      vertex -28.660724856180813 -44.600000001490116 8.254622651359282
      vertex 27.87496318216405 -44.600000001490116 27.430598100774453
      vertex 27.87496318216405 -44.600000001490116 10.569401899225547
    endloop
  endfacet
  facet normal 0 0 1
    outer loop
      vertex 8 -44.6 5.1
      vertex 45.971247664649084 -44.600000001490116 5.1
      vertex 45.82658663883506 -44.435045716034885 5.1
    endloop
  endfacet
  facet normal 0 0 1
    outer loop
      vertex 8 -44.6 5.1
      vertex 45.82658663883506 -44.435045716034885 5.1
      vertex 45.53589838486224 -44 5.1
    endloop
  endfacet
  facet normal 0 0 1
    outer loop
      vertex 8 -44.6 5.1
      vertex 45.304481869954856 -43.53073372946036 5.1
      vertex 45.13629669484373 -43.03527618041008 5.1
    endloop
  endfacet
  facet normal 0 0 1
    outer loop
      vertex 8 -44.6 5.1
      vertex 45.13629669484373 -43.03527618041008 5.1
      vertex 45.034220554504756 -42.522104768880205 5.1
    endloop
  endfacet
  facet normal 0 0 1
    outer loop
      vertex 8 -44.6 5.1
      vertex 45.034220554504756 -42.522104768880205 5.1
      vertex 45 -42 5.1
    endloop
  endfacet
  facet normal 0 0 1
    outer loop
      vertex 8 -44.6 5.1
      vertex 45 -42 5.1
      vertex 45.034220554504756 -41.477895231119795 5.1
    endloop
  endfacet
  facet normal 0 0 1
    outer loop
      vertex 8 -44.6 5.1
      vertex 45.53589838486224 -44 5.1
      vertex 45.304481869954856 -43.53073372946036 5.1
    endloop
  endfacet
  facet normal 0 0 1
    outer loop
      vertex 8 -44.6 5.1
      vertex 45.034220554504756 -41.477895231119795 5.1
      vertex 45.13629669484373 -40.96472381958992 5.1
    endloop
  endfacet
  facet normal 0 0 1
    outer loop
      vertex 8 -44.6 5.1
      vertex 45.13629669484373 -40.96472381958992 5.1
      vertex 45.304481869954856 -40.46926627053964 5.1
    endloop
  endfacet
  facet normal 0 0 1
    outer loop
      vertex 8 -44.6 5.1
      vertex 45.304481869954856 -40.46926627053964 5.1
      vertex 45.53589838486224 -40 5.1
    endloop
  endfacet
  facet normal 0 0 1
    outer loop
      vertex 8 -44.6 5.1
      vertex 45.53589838486224 -40 5.1
      vertex 45.82658663883506 -39.564954283965115 5.1
    endloop
  endfacet
  facet normal 0 0 1
    outer loop
      vertex 8 -44.6 5.1
      vertex 45.82658663883506 -39.564954283965115 5.1
      vertex 46 -39 5.1
    endloop
  endfacet
  facet normal 0 1 0
    outer loop
      vertex 45.971247664649084 -44.600000001490116 5.1
      vertex 30 -44.600000001490116 7.8
      vertex 30.287157622884113 -44.600000001490116 7.818821304977617
    endloop
  endfacet
  facet normal 0 1 0
    outer loop
      vertex 45.971247664649084 -44.600000001490116 5.1
      vertex 30.287157622884113 -44.600000001490116 7.818821304977617
      vertex 30.569401899225547 -44.600000001490116 7.874963182164049
    endloop
  endfacet
  facet normal 0 1 0
    outer loop
      vertex 45.971247664649084 -44.600000001490116 5.1
      vertex 30.569401899225547 -44.600000001490116 7.874963182164049
      vertex 30.8419035512032 -44.600000001490116 7.96746502847517
    endloop
  endfacet
  facet normal 0 1 0
    outer loop
      vertex 45.971247664649084 -44.600000001490116 5.1
      vertex 30.8419035512032 -44.600000001490116 7.96746502847517
      vertex 31.1 -44.600000001490116 8.094744111674235
    endloop
  endfacet
  facet normal 0 1 0
    outer loop
      vertex 45.971247664649084 -44.600000001490116 5.1
      vertex 31.1 -44.600000001490116 8.094744111674235
      vertex 31.339275143819187 -44.600000001490116 8.254622651359282
    endloop
  endfacet
  facet normal 0 1 0
    outer loop
      vertex 45.971247664649084 -44.600000001490116 5.1
      vertex 31.339275143819187 -44.600000001490116 8.254622651359282
      vertex 31.555634918610405 -44.600000001490116 8.444365081389595
    endloop
  endfacet
  facet normal 0 1 0
    outer loop
      vertex 45.971247664649084 -44.600000001490116 5.1
      vertex 31.555634918610405 -44.600000001490116 8.444365081389595
      vertex 31.745377348640716 -44.600000001490116 8.660724856180815
    endloop
  endfacet
  facet normal 0 1 0
    outer loop
      vertex 45.971247664649084 -44.600000001490116 5.1
      vertex 31.745377348640716 -44.600000001490116 8.660724856180815
      vertex 31.905255888325765 -44.600000001490116 8.9
    endloop
  endfacet
  facet normal 0 1 0
    outer loop
      vertex 45.971247664649084 -44.600000001490116 5.1
      vertex 31.905255888325765 -44.600000001490116 8.9
      vertex 32.03253497152483 -44.600000001490116 9.158096448796803
    endloop
  endfacet
  facet normal 0 1 0
    outer loop
      vertex 45.971247664649084 -44.600000001490116 5.1
      vertex 32.03253497152483 -44.600000001490116 9.158096448796803
      vertex 32.12503681783595 -44.600000001490116 9.430598100774453
    endloop
  endfacet
  facet normal 0 1 0
    outer loop
      vertex 45.971247664649084 -44.600000001490116 5.1
      vertex 32.12503681783595 -44.600000001490116 9.430598100774453
      vertex 32.18117869502238 -44.600000001490116 9.712842377115887
    endloop
  endfacet
  facet normal 0 1 0
    outer loop
      vertex 45.971247664649084 -44.600000001490116 5.1
      vertex 32.18117869502238 -44.600000001490116 9.712842377115887
      vertex 32.2 -44.600000001490116 10
    endloop
  endfacet
  facet normal 0 1 0
    outer loop
      vertex 45.971247664649084 -44.600000001490116 5.1
      vertex 32.2 -44.600000001490116 10
      vertex 32.18117869502238 -44.600000001490116 10.287157622884113
    endloop
  endfacet
  facet normal 0 1 0
    outer loop
      vertex 45.971247664649084 -44.600000001490116 5.1
      vertex 32.18117869502238 -44.600000001490116 10.287157622884113
      vertex 32.12503681783595 -44.600000001490116 10.569401899225547
    endloop
  endfacet
  facet normal 0 1 0
    outer loop
      vertex 45.971247664649084 -44.600000001490116 5.1
      vertex 32.12503681783595 -44.600000001490116 10.569401899225547
      vertex 32.03253497152483 -44.600000001490116 10.841903551203197
    endloop
  endfacet
  facet normal 0 1 0
    outer loop
      vertex 45.971247664649084 -44.600000001490116 5.1
      vertex 32.03253497152483 -44.600000001490116 10.841903551203197
      vertex 31.905255888325765 -44.600000001490116 11.1
    endloop
  endfacet
  facet normal 0 1 0
    outer loop
      vertex 45.971247664649084 -44.600000001490116 5.1
      vertex 31.905255888325765 -44.600000001490116 11.1
      vertex 31.745377348640716 -44.600000001490116 11.339275143819185
    endloop
  endfacet
  facet normal 0 1 0
    outer loop
      vertex 45.971247664649084 -44.600000001490116 5.1
      vertex 31.745377348640716 -44.600000001490116 11.339275143819185
      vertex 31.555634918610405 -44.600000001490116 11.555634918610405
    endloop
  endfacet
  facet normal 0 1 0
    outer loop
      vertex 45.971247664649084 -44.600000001490116 5.1
      vertex 31.555634918610405 -44.600000001490116 11.555634918610405
      vertex 31.339275143819187 -44.600000001490116 11.745377348640718
    endloop
  endfacet
  facet normal 0 0 1
    outer loop
      vertex 45.82658663883506 -39.564954283965115 5.1
      vertex 46.17157287525381 -39.17157287525381 5.1
      vertex 46 -39 5.1
    endloop
  endfacet
  facet normal 0 0 1
    outer loop
      vertex 46.17157287525381 -39.17157287525381 5.1
      vertex 46.51661664927191 -37.7719035725218 5.1
      vertex 46 -39 5.1
    endloop
  endfacet
  facet normal 0 0 1
    outer loop
      vertex 46.17157287525381 -39.17157287525381 5.1
      vertex 46.564954283965115 -38.82658663883506 5.1
      vertex 46.51661664927191 -37.7719035725218 5.1
    endloop
  endfacet
  facet normal 0 0 1
    outer loop
      vertex 46.564954283965115 -38.82658663883506 5.1
      vertex 46.73223304703363 -38.01776695296637 5.1
      vertex 46.51661664927191 -37.7719035725218 5.1
    endloop
  endfacet
  facet normal 0 0 1
    outer loop
      vertex 46.564954283965115 -38.82658663883506 5.1
      vertex 46.9780964274782 -38.23338335072809 5.1
      vertex 46.73223304703363 -38.01776695296637 5.1
    endloop
  endfacet
  facet normal 0 0 1
    outer loop
      vertex 46.564954283965115 -38.82658663883506 5.1
      vertex 47 -38.53589838486224 5.1
      vertex 46.9780964274782 -38.23338335072809 5.1
    endloop
  endfacet
  facet normal 0 0 1
    outer loop
      vertex 47 -38.53589838486224 5.1
      vertex 47.24788906371376 -38.41365302692862 5.1
      vertex 46.9780964274782 -38.23338335072809 5.1
    endloop
  endfacet
  facet normal 0 0 1
    outer loop
      vertex 46 -39 5.1
      vertex 46.3349364905389 -37.5 5.1
      vertex 46.19030116872178 -37.206708580912725 5.1
    endloop
  endfacet
  facet normal 0 0 1
    outer loop
      vertex 46 -39 5.1
      vertex 46.440310982604046 -37.65770407206264 5.1
      vertex 46.3349364905389 -37.5 5.1
    endloop
  endfacet
  facet normal 0 0 1
    outer loop
      vertex 46 -39 5.1
      vertex 46.51661664927191 -37.7719035725218 5.1
      vertex 46.440310982604046 -37.65770407206264 5.1
    endloop
  endfacet
  facet normal 0 0 1
    outer loop
      vertex 46 -39 5.1
      vertex 46.19030116872178 -37.206708580912725 5.1
      vertex 46.08518543427733 -36.8970476127563 5.1
    endloop
  endfacet
  facet normal 0 0 1
    outer loop
      vertex 46 -39 5.1
      vertex 46.08518543427733 -36.8970476127563 5.1
      vertex 46.021387846565474 -36.57631548055013 5.1
    endloop
  endfacet
  facet normal 0 0 1
    outer loop
      vertex 46 -39 5.1
      vertex 46.021387846565474 -36.57631548055013 5.1
      vertex 46 -36.25 5.1
    endloop
  endfacet
  facet normal 0 0 1
    outer loop
      vertex 51.320425711011154 -38.75 5.1
      vertex 51.435045716034885 -38.82658663883506 5.1
      vertex 51.600000001490116 -38.75 5.1
    endloop
  endfacet
  facet normal 0 0 1
    outer loop
      vertex 51.435045716034885 -38.82658663883506 5.1
      vertex 51.600000001490116 -38.971247664649084 5.1
      vertex 51.600000001490116 -38.75 5.1
    endloop
  endfacet
  facet normal -1 0 0
    outer loop
      vertex 51.600000001490116 -38.971247664649084 5.1
      vertex 51.600000001490116 -38.75 7.7
      vertex 51.600000001490116 -38.75 5.1
    endloop
  endfacet
  facet normal -1 0 0
    outer loop
      vertex 51.600000001490116 -38.971247664649084 5.1
      vertex 51.600000001490116 -38.971247664649084 7.7
      vertex 51.600000001490116 -38.75 7.7
    endloop
  endfacet
  facet normal 0 1 0
    outer loop
      vertex 27.87496318216405 -44.600000001490116 10.569401899225547
      vertex 27.967465028475168 -44.600000001490116 27.1580964487968
      vertex 27.967465028475168 -44.600000001490116 10.841903551203197
    endloop
  endfacet
  facet normal 0 1 0
    outer loop
      vertex 28.094744111674235 -44.600000001490116 11.1
      vertex 27.967465028475168 -44.600000001490116 10.841903551203197
      vertex 28.094744111674235 -44.600000001490116 26.9
    endloop
  endfacet
  facet normal 0 1 0
    outer loop
      vertex 28.254622651359284 -44.600000001490116 11.339275143819185
      vertex 28.094744111674235 -44.600000001490116 11.1
      vertex 28.254622651359284 -44.600000001490116 26.660724856180813
    endloop
  endfacet
  facet normal 0 1 0
    outer loop
      vertex 28.444365081389595 -44.600000001490116 11.555634918610405
      vertex 28.254622651359284 -44.600000001490116 11.339275143819185
      vertex 28.444365081389595 -44.600000001490116 26.444365081389595
    endloop
  endfacet
  facet normal 0 1 0
    outer loop
      vertex 28.444365081389595 -44.600000001490116 11.555634918610405
      vertex 28.660724856180813 -44.600000001490116 26.254622651359284
      vertex 28.660724856180813 -44.600000001490116 11.745377348640718
    endloop
  endfacet
  facet normal 0 1 0
    outer loop
      vertex 28.9 -44.600000001490116 11.905255888325765
      vertex 28.660724856180813 -44.600000001490116 11.745377348640718
      vertex 28.9 -44.600000001490116 26.094744111674235
    endloop
  endfacet
  facet normal 0 1 0
    outer loop
      vertex 28.9 -44.600000001490116 11.905255888325765
      vertex 29.1580964487968 -44.600000001490116 25.967465028475168
      vertex 29.1580964487968 -44.600000001490116 12.03253497152483
    endloop
  endfacet
  facet normal 0 1 0
    outer loop
      vertex 29.1580964487968 -44.600000001490116 12.03253497152483
      vertex 29.430598100774453 -44.600000001490116 25.87496318216405
      vertex 29.430598100774453 -44.600000001490116 12.125036817835952
    endloop
  endfacet
  facet normal 0 1 0
    outer loop
      vertex 29.430598100774453 -44.600000001490116 12.125036817835952
      vertex 29.712842377115887 -44.600000001490116 25.818821304977618
      vertex 29.712842377115887 -44.600000001490116 12.181178695022382
    endloop
  endfacet
  facet normal 0 1 0
    outer loop
      vertex 29.712842377115887 -44.600000001490116 12.181178695022382
      vertex 30 -44.600000001490116 25.8
      vertex 30 -44.600000001490116 12.2
    endloop
  endfacet
  facet normal 0 1 0
    outer loop
      vertex 30 -44.600000001490116 12.2
      vertex 30.287157622884113 -44.600000001490116 25.818821304977618
      vertex 30.287157622884113 -44.600000001490116 12.181178695022382
    endloop
  endfacet
  facet normal 0 1 0
    outer loop
      vertex 30.287157622884113 -44.600000001490116 12.181178695022382
      vertex 30.569401899225547 -44.600000001490116 25.87496318216405
      vertex 30.569401899225547 -44.600000001490116 12.125036817835952
    endloop
  endfacet
  facet normal 0 1 0
    outer loop
      vertex 30.569401899225547 -44.600000001490116 12.125036817835952
      vertex 30.8419035512032 -44.600000001490116 25.967465028475168
      vertex 30.8419035512032 -44.600000001490116 12.03253497152483
    endloop
  endfacet
  facet normal 0 1 0
    outer loop
      vertex 30.8419035512032 -44.600000001490116 12.03253497152483
      vertex 31.1 -44.600000001490116 26.094744111674235
      vertex 31.1 -44.600000001490116 11.905255888325765
    endloop
  endfacet
  facet normal 0 1 0
    outer loop
      vertex 31.339275143819187 -44.600000001490116 11.745377348640718
      vertex 31.1 -44.600000001490116 11.905255888325765
      vertex 31.339275143819187 -44.600000001490116 26.254622651359284
    endloop
  endfacet
  facet normal 0 1 0
    outer loop
      vertex 45.971247664649084 -44.600000001490116 5.1
      vertex 31.339275143819187 -44.600000001490116 11.745377348640718
      vertex 31.339275143819187 -44.600000001490116 26.254622651359284
    endloop
  endfacet
  facet normal 0 0 1
    outer loop
      vertex 46 -36.25 5.1
      vertex 46.021387846565474 -35.92368451944987 5.1
      vertex 46 36.25 5.1
    endloop
  endfacet
  facet normal 0 0 1
    outer loop
      vertex 46.021387846565474 -35.92368451944987 5.1
      vertex 46.08518543427733 -35.6029523872437 5.1
      vertex 46 36.25 5.1
    endloop
  endfacet
  facet normal 0 0 1
    outer loop
      vertex 46.08518543427733 -35.6029523872437 5.1
      vertex 46.19030116872178 -35.293291419087275 5.1
      vertex 46 36.25 5.1
    endloop
  endfacet
  facet normal 0 0 1
    outer loop
      vertex 46.19030116872178 -35.293291419087275 5.1
      vertex 46.3349364905389 -35 5.1
      vertex 46 36.25 5.1
    endloop
  endfacet
  facet normal 0 0 1
    outer loop
      vertex 46.3349364905389 -35 5.1
      vertex 46.51661664927191 -34.7280964274782 5.1
      vertex 46.021387846565474 35.92368451944987 5.1
    endloop
  endfacet
  facet normal 0 0 1
    outer loop
      vertex 46.51661664927191 -34.7280964274782 5.1
      vertex 46.73223304703363 -34.48223304703363 5.1
      vertex 46.021387846565474 35.92368451944987 5.1
    endloop
  endfacet
  facet normal 0 0 1
    outer loop
      vertex 46.73223304703363 -34.48223304703363 5.1
      vertex 46.83549566682035 -34.39167415997371 5.1
      vertex 46.05839044743835 35.73765988277029 5.1
    endloop
  endfacet
  facet normal 0 0 1
    outer loop
      vertex 46.83549566682035 -34.39167415997371 5.1
      vertex 46.9780964274782 -34.26661664927191 5.1
      vertex 46.08518543427733 35.6029523872437 5.1
    endloop
  endfacet
  facet normal 0 0 1
    outer loop
      vertex 46.9780964274782 -34.26661664927191 5.1
      vertex 47.25 -34.0849364905389 5.1
      vertex 46.19030116872178 35.293291419087275 5.1
    endloop
  endfacet
  facet normal 0 0 1
    outer loop
      vertex 47.25 -34.0849364905389 5.1
      vertex 47.543291419087275 -33.94030116872178 5.1
      vertex 46.19030116872178 35.293291419087275 5.1
    endloop
  endfacet
  facet normal 0 0 1
    outer loop
      vertex 47.543291419087275 -33.94030116872178 5.1
      vertex 47.722894780618 -33.879334042744 5.1
      vertex 46.3349364905389 35 5.1
    endloop
  endfacet
  facet normal 0 0 1
    outer loop
      vertex 47.722894780618 -33.879334042744 5.1
      vertex 47.8529523872437 -33.83518543427733 5.1
      vertex 46.3349364905389 35 5.1
    endloop
  endfacet
  facet normal 0 0 1
    outer loop
      vertex 47.8529523872437 -33.83518543427733 5.1
      vertex 48.17368451944987 -33.771387846565474 5.1
      vertex 46.3349364905389 35 5.1
    endloop
  endfacet
  facet normal 0 0 1
    outer loop
      vertex 48.17368451944987 -33.771387846565474 5.1
      vertex 48.5 -33.75 5.1
      vertex 46.3349364905389 35 5.1
    endloop
  endfacet
  facet normal 0 0 1
    outer loop
      vertex 48.5 -33.75 5.1
      vertex 51.600000001490116 -33.75 5.1
      vertex 51.600000001490116 33.75 5.1
    endloop
  endfacet
  facet normal -1 0 0
    outer loop
      vertex 51.600000001490116 -33.75 5.1
      vertex 51.600000001490116 -33.75 7.7
      vertex 51.600000001490116 33.75 7.7
    endloop
  endfacet
  facet normal 0 1 0
    outer loop
      vertex -28.660724856180813 -44.600000001490116 8.254622651359282
      vertex 27.818821304977618 -44.600000001490116 27.712842377115887
      vertex 27.87496318216405 -44.600000001490116 27.430598100774453
    endloop
  endfacet
  facet normal 0 1 0
    outer loop
      vertex -28.660724856180813 -44.600000001490116 8.254622651359282
      vertex 27.8 -44.600000001490116 28
      vertex 27.818821304977618 -44.600000001490116 27.712842377115887
    endloop
  endfacet
  facet normal 0 1 0
    outer loop
      vertex -28.660724856180813 -44.600000001490116 8.254622651359282
      vertex 27.818821304977618 -44.600000001490116 28.287157622884113
      vertex 27.8 -44.600000001490116 28
    endloop
  endfacet
  facet normal 0 1 0
    outer loop
      vertex -28.660724856180813 -44.600000001490116 8.254622651359282
      vertex 27.87496318216405 -44.600000001490116 28.569401899225547
      vertex 27.818821304977618 -44.600000001490116 28.287157622884113
    endloop
  endfacet
  facet normal 0 1 0
    outer loop
      vertex -28.660724856180813 -44.600000001490116 8.254622651359282
      vertex 27.967465028475168 -44.600000001490116 28.8419035512032
      vertex 27.87496318216405 -44.600000001490116 28.569401899225547
    endloop
  endfacet
  facet normal 0 1 0
    outer loop
      vertex -28.660724856180813 -44.600000001490116 8.254622651359282
      vertex 28.094744111674235 -44.600000001490116 29.1
      vertex 27.967465028475168 -44.600000001490116 28.8419035512032
    endloop
  endfacet
  facet normal 0 1 0
    outer loop
      vertex -28.660724856180813 -44.600000001490116 8.254622651359282
      vertex 28.254622651359284 -44.600000001490116 29.339275143819187
      vertex 28.094744111674235 -44.600000001490116 29.1
    endloop
  endfacet
  facet normal 0 1 0
    outer loop
      vertex -28.660724856180813 -44.600000001490116 8.254622651359282
      vertex 28.444365081389595 -44.600000001490116 29.555634918610405
      vertex 28.254622651359284 -44.600000001490116 29.339275143819187
    endloop
  endfacet
  facet normal 0 1 0
    outer loop
      vertex -28.660724856180813 -44.600000001490116 8.254622651359282
      vertex 28.660724856180813 -44.600000001490116 29.745377348640716
      vertex 28.444365081389595 -44.600000001490116 29.555634918610405
    endloop
  endfacet
  facet normal 0 1 0
    outer loop
      vertex -28.660724856180813 -44.600000001490116 8.254622651359282
      vertex 28.9 -44.600000001490116 29.905255888325765
      vertex 28.660724856180813 -44.600000001490116 29.745377348640716
    endloop
  endfacet
  facet normal 0 1 0
    outer loop
      vertex -28.660724856180813 -44.600000001490116 8.254622651359282
      vertex 29.1580964487968 -44.600000001490116 30.032534971524832
      vertex 28.9 -44.600000001490116 29.905255888325765
    endloop
  endfacet
  facet normal 0 1 0
    outer loop
      vertex 45.971247664649084 -44.600000001490116 38
      vertex -28.444365081389595 -44.600000001490116 11.555634918610405
      vertex 4.5 -44.600000001490116 34
    endloop
  endfacet
  facet normal 0 1 0
    outer loop
      vertex 45.971247664649084 -44.600000001490116 38
      vertex 29.1580964487968 -44.600000001490116 30.032534971524832
      vertex -28.660724856180813 -44.600000001490116 8.254622651359282
    endloop
  endfacet
  facet normal 0 1 0
    outer loop
      vertex 45.971247664649084 -44.600000001490116 38
      vertex 4.5 -44.600000001490116 34
      vertex 4.5 -44.600000001490116 38
    endloop
  endfacet
  facet normal 0 1 0
    outer loop
      vertex 28.660724856180813 -44.600000001490116 11.745377348640718
      vertex 28.660724856180813 -44.600000001490116 26.254622651359284
      vertex 28.9 -44.600000001490116 26.094744111674235
    endloop
  endfacet
  facet normal 0 1 0
    outer loop
      vertex 28.9 -44.600000001490116 11.905255888325765
      vertex 28.9 -44.600000001490116 26.094744111674235
      vertex 29.1580964487968 -44.600000001490116 25.967465028475168
    endloop
  endfacet
  facet normal 0 1 0
    outer loop
      vertex 29.1580964487968 -44.600000001490116 12.03253497152483
      vertex 29.1580964487968 -44.600000001490116 25.967465028475168
      vertex 29.430598100774453 -44.600000001490116 25.87496318216405
    endloop
  endfacet
  facet normal 0 1 0
    outer loop
      vertex 29.430598100774453 -44.600000001490116 12.125036817835952
      vertex 29.430598100774453 -44.600000001490116 25.87496318216405
      vertex 29.712842377115887 -44.600000001490116 25.818821304977618
    endloop
  endfacet
  facet normal 0 1 0
    outer loop
      vertex 29.712842377115887 -44.600000001490116 12.181178695022382
      vertex 29.712842377115887 -44.600000001490116 25.818821304977618
      vertex 30 -44.600000001490116 25.8
    endloop
  endfacet
  facet normal 0 1 0
    outer loop
      vertex 30 -44.600000001490116 12.2
      vertex 30 -44.600000001490116 25.8
      vertex 30.287157622884113 -44.600000001490116 25.818821304977618
    endloop
  endfacet
  facet normal 0 1 0
    outer loop
      vertex 30.287157622884113 -44.600000001490116 12.181178695022382
      vertex 30.287157622884113 -44.600000001490116 25.818821304977618
      vertex 30.569401899225547 -44.600000001490116 25.87496318216405
    endloop
  endfacet
  facet normal 0 1 0
    outer loop
      vertex 30.569401899225547 -44.600000001490116 12.125036817835952
      vertex 30.569401899225547 -44.600000001490116 25.87496318216405
      vertex 30.8419035512032 -44.600000001490116 25.967465028475168
    endloop
  endfacet
  facet normal 0 1 0
    outer loop
      vertex 30.8419035512032 -44.600000001490116 12.03253497152483
      vertex 30.8419035512032 -44.600000001490116 25.967465028475168
      vertex 31.1 -44.600000001490116 26.094744111674235
    endloop
  endfacet
  facet normal 0 1 0
    outer loop
      vertex 27.967465028475168 -44.600000001490116 10.841903551203197
      vertex 27.967465028475168 -44.600000001490116 27.1580964487968
      vertex 28.094744111674235 -44.600000001490116 26.9
    endloop
  endfacet
  facet normal 0 1 0
    outer loop
      vertex 28.094744111674235 -44.600000001490116 11.1
      vertex 28.094744111674235 -44.600000001490116 26.9
      vertex 28.254622651359284 -44.600000001490116 26.660724856180813
    endloop
  endfacet
  facet normal 0 1 0
    outer loop
      vertex 28.254622651359284 -44.600000001490116 11.339275143819185
      vertex 28.254622651359284 -44.600000001490116 26.660724856180813
      vertex 28.444365081389595 -44.600000001490116 26.444365081389595
    endloop
  endfacet
  facet normal 0 1 0
    outer loop
      vertex 28.444365081389595 -44.600000001490116 11.555634918610405
      vertex 28.444365081389595 -44.600000001490116 26.444365081389595
      vertex 28.660724856180813 -44.600000001490116 26.254622651359284
    endloop
  endfacet
  facet normal 0 1 0
    outer loop
      vertex 27.87496318216405 -44.600000001490116 10.569401899225547
      vertex 27.87496318216405 -44.600000001490116 27.430598100774453
      vertex 27.967465028475168 -44.600000001490116 27.1580964487968
    endloop
  endfacet
  facet normal 0 1 0
    outer loop
      vertex 31.1 -44.600000001490116 11.905255888325765
      vertex 31.1 -44.600000001490116 26.094744111674235
      vertex 31.339275143819187 -44.600000001490116 26.254622651359284
    endloop
  endfacet
  facet normal 0 1 0
    outer loop
      vertex 45.971247664649084 -44.600000001490116 5.1
      vertex 31.339275143819187 -44.600000001490116 26.254622651359284
      vertex 31.555634918610405 -44.600000001490116 26.444365081389595
    endloop
  endfacet
  facet normal 0 1 0
    outer loop
      vertex 45.971247664649084 -44.600000001490116 5.1
      vertex 31.555634918610405 -44.600000001490116 26.444365081389595
      vertex 31.745377348640716 -44.600000001490116 26.660724856180813
    endloop
  endfacet
  facet normal 0 1 0
    outer loop
      vertex 45.971247664649084 -44.600000001490116 5.1
      vertex 31.745377348640716 -44.600000001490116 26.660724856180813
      vertex 31.905255888325765 -44.600000001490116 26.9
    endloop
  endfacet
  facet normal 0 1 0
    outer loop
      vertex 45.971247664649084 -44.600000001490116 5.1
      vertex 31.905255888325765 -44.600000001490116 26.9
      vertex 32.03253497152483 -44.600000001490116 27.1580964487968
    endloop
  endfacet
  facet normal 0 1 0
    outer loop
      vertex 45.971247664649084 -44.600000001490116 5.1
      vertex 32.03253497152483 -44.600000001490116 27.1580964487968
      vertex 32.12503681783595 -44.600000001490116 27.430598100774453
    endloop
  endfacet
  facet normal 0 1 0
    outer loop
      vertex 45.971247664649084 -44.600000001490116 5.1
      vertex 32.12503681783595 -44.600000001490116 27.430598100774453
      vertex 32.18117869502238 -44.600000001490116 27.712842377115887
    endloop
  endfacet
  facet normal 0 1 0
    outer loop
      vertex 45.971247664649084 -44.600000001490116 5.1
      vertex 32.18117869502238 -44.600000001490116 27.712842377115887
      vertex 32.2 -44.600000001490116 28
    endloop
  endfacet
  facet normal 0 1 0
    outer loop
      vertex 45.971247664649084 -44.600000001490116 5.1
      vertex 32.2 -44.600000001490116 28
      vertex 45.971247664649084 -44.600000001490116 38
    endloop
  endfacet
  facet normal 0 1 0
    outer loop
      vertex 45.971247664649084 -44.600000001490116 38
      vertex 32.2 -44.600000001490116 28
      vertex 32.18117869502238 -44.600000001490116 28.287157622884113
    endloop
  endfacet
  facet normal 0 1 0
    outer loop
      vertex 45.971247664649084 -44.600000001490116 38
      vertex 32.18117869502238 -44.600000001490116 28.287157622884113
      vertex 32.12503681783595 -44.600000001490116 28.569401899225547
    endloop
  endfacet
  facet normal 0 1 0
    outer loop
      vertex 45.971247664649084 -44.600000001490116 38
      vertex 32.03253497152483 -44.600000001490116 28.8419035512032
      vertex 31.905255888325765 -44.600000001490116 29.1
    endloop
  endfacet
  facet normal 0 1 0
    outer loop
      vertex 45.971247664649084 -44.600000001490116 38
      vertex 32.12503681783595 -44.600000001490116 28.569401899225547
      vertex 32.03253497152483 -44.600000001490116 28.8419035512032
    endloop
  endfacet
  facet normal 0 1 0
    outer loop
      vertex 45.971247664649084 -44.600000001490116 38
      vertex 29.430598100774453 -44.600000001490116 30.12503681783595
      vertex 29.1580964487968 -44.600000001490116 30.032534971524832
    endloop
  endfacet
  facet normal 0 1 0
    outer loop
      vertex 45.971247664649084 -44.600000001490116 38
      vertex 29.712842377115887 -44.600000001490116 30.181178695022382
      vertex 29.430598100774453 -44.600000001490116 30.12503681783595
    endloop
  endfacet
  facet normal 0 1 0
    outer loop
      vertex 45.971247664649084 -44.600000001490116 38
      vertex 30 -44.600000001490116 30.2
      vertex 29.712842377115887 -44.600000001490116 30.181178695022382
    endloop
  endfacet
  facet normal 0 1 0
    outer loop
      vertex 45.971247664649084 -44.600000001490116 38
      vertex 30.287157622884113 -44.600000001490116 30.181178695022382
      vertex 30 -44.600000001490116 30.2
    endloop
  endfacet
  facet normal 0 1 0
    outer loop
      vertex 45.971247664649084 -44.600000001490116 38
      vertex 31.1 -44.600000001490116 29.905255888325765
      vertex 30.8419035512032 -44.600000001490116 30.032534971524832
    endloop
  endfacet
  facet normal 0 1 0
    outer loop
      vertex 45.971247664649084 -44.600000001490116 38
      vertex 31.339275143819187 -44.600000001490116 29.745377348640716
      vertex 31.1 -44.600000001490116 29.905255888325765
    endloop
  endfacet
  facet normal 0 1 0
    outer loop
      vertex 45.971247664649084 -44.600000001490116 38
      vertex 31.905255888325765 -44.600000001490116 29.1
      vertex 31.745377348640716 -44.600000001490116 29.339275143819187
    endloop
  endfacet
  facet normal 0 1 0
    outer loop
      vertex 45.971247664649084 -44.600000001490116 38
      vertex 31.745377348640716 -44.600000001490116 29.339275143819187
      vertex 31.555634918610405 -44.600000001490116 29.555634918610405
    endloop
  endfacet
  facet normal 0 1 0
    outer loop
      vertex 45.971247664649084 -44.600000001490116 38
      vertex 31.555634918610405 -44.600000001490116 29.555634918610405
      vertex 31.339275143819187 -44.600000001490116 29.745377348640716
    endloop
  endfacet
  facet normal 0 1 0
    outer loop
      vertex 45.971247664649084 -44.600000001490116 38
      vertex 30.569401899225547 -44.600000001490116 30.12503681783595
      vertex 30.287157622884113 -44.600000001490116 30.181178695022382
    endloop
  endfacet
  facet normal 0 1 0
    outer loop
      vertex 45.971247664649084 -44.600000001490116 38
      vertex 30.8419035512032 -44.600000001490116 30.032534971524832
      vertex 30.569401899225547 -44.600000001490116 30.12503681783595
    endloop
  endfacet
  facet normal 0 0 1
    outer loop
      vertex -45.034220554504756 41.477895231119795 5.1
      vertex 45.304481869954856 40.46926627053964 5.1
      vertex 45.13629669484373 40.96472381958992 5.1
    endloop
  endfacet
  facet normal 0 0 1
    outer loop
      vertex -45.034220554504756 41.477895231119795 5.1
      vertex 46 39 5.1
      vertex 45.82658663883506 39.564954283965115 5.1
    endloop
  endfacet
  facet normal 0 0 1
    outer loop
      vertex -45.034220554504756 41.477895231119795 5.1
      vertex 45.82658663883506 39.564954283965115 5.1
      vertex 45.53589838486224 40 5.1
    endloop
  endfacet
  facet normal 0 0 1
    outer loop
      vertex -45.034220554504756 41.477895231119795 5.1
      vertex 45.53589838486224 40 5.1
      vertex 45.304481869954856 40.46926627053964 5.1
    endloop
  endfacet
  facet normal 0 0 1
    outer loop
      vertex -45.034220554504756 41.477895231119795 5.1
      vertex 45.13629669484373 40.96472381958992 5.1
      vertex 45.034220554504756 41.477895231119795 5.1
    endloop
  endfacet
  facet normal 0 0 1
    outer loop
      vertex -45.034220554504756 41.477895231119795 5.1
      vertex 45.034220554504756 41.477895231119795 5.1
      vertex 45 42 5.1
    endloop
  endfacet
  facet normal 0 0 1
    outer loop
      vertex -45 42 5.1
      vertex 45 42 5.1
      vertex 45.034220554504756 42.522104768880205 5.1
    endloop
  endfacet
  facet normal 0 0 1
    outer loop
      vertex -45.034220554504756 42.522104768880205 5.1
      vertex 45.034220554504756 42.522104768880205 5.1
      vertex 45.13629669484373 43.03527618041008 5.1
    endloop
  endfacet
  facet normal 0 0 1
    outer loop
      vertex -45.13629669484373 43.03527618041008 5.1
      vertex 45.13629669484373 43.03527618041008 5.1
      vertex 45.304481869954856 43.53073372946036 5.1
    endloop
  endfacet
  facet normal 0 0 1
    outer loop
      vertex -45.304481869954856 43.53073372946036 5.1
      vertex 45.304481869954856 43.53073372946036 5.1
      vertex 45.53589838486224 44 5.1
    endloop
  endfacet
  facet normal 0 0 1
    outer loop
      vertex -45.53589838486224 44 5.1
      vertex 45.53589838486224 44 5.1
      vertex 45.82658663883506 44.435045716034885 5.1
    endloop
  endfacet
  facet normal 0 0 1
    outer loop
      vertex -45.971247664649084 44.600000001490116 5.1
      vertex 45.82658663883506 44.435045716034885 5.1
      vertex 45.971247664649084 44.600000001490116 5.1
    endloop
  endfacet
  facet normal 0 0 1
    outer loop
      vertex 48.5 -33.75 5.1
      vertex 46.9780964274782 34.26661664927191 5.1
      vertex 46.73223304703363 34.48223304703363 5.1
    endloop
  endfacet
  facet normal 0 0 1
    outer loop
      vertex 48.5 -33.75 5.1
      vertex 47.25 34.0849364905389 5.1
      vertex 46.9780964274782 34.26661664927191 5.1
    endloop
  endfacet
  facet normal 0 0 1
    outer loop
      vertex 48.5 -33.75 5.1
      vertex 47.67334902571297 33.89615256025511 5.1
      vertex 47.543291419087275 33.94030116872178 5.1
    endloop
  endfacet
  facet normal 0 0 1
    outer loop
      vertex 48.5 -33.75 5.1
      vertex 47.722894780618 33.879334042744 5.1
      vertex 47.67334902571297 33.89615256025511 5.1
    endloop
  endfacet
  facet normal 0 0 1
    outer loop
      vertex 48.5 -33.75 5.1
      vertex 47.8529523872437 33.83518543427733 5.1
      vertex 47.722894780618 33.879334042744 5.1
    endloop
  endfacet
  facet normal 0 0 1
    outer loop
      vertex 48.5 -33.75 5.1
      vertex 47.543291419087275 33.94030116872178 5.1
      vertex 47.25 34.0849364905389 5.1
    endloop
  endfacet
  facet normal 0 0 1
    outer loop
      vertex 48.5 -33.75 5.1
      vertex 48.17368451944987 33.771387846565474 5.1
      vertex 47.8529523872437 33.83518543427733 5.1
    endloop
  endfacet
  facet normal 0 0 1
    outer loop
      vertex 48.5 -33.75 5.1
      vertex 48.5 33.75 5.1
      vertex 48.17368451944987 33.771387846565474 5.1
    endloop
  endfacet
  facet normal 0 0 1
    outer loop
      vertex 48.5 -33.75 5.1
      vertex 51.600000001490116 33.75 5.1
      vertex 48.5 33.75 5.1
    endloop
  endfacet
  facet normal -1 0 0
    outer loop
      vertex 51.600000001490116 -33.75 5.1
      vertex 51.600000001490116 33.75 7.7
      vertex 51.600000001490116 33.75 5.1
    endloop
  endfacet
  facet normal 0 0 1
    outer loop
      vertex 46.3349364905389 -35 5.1
      vertex 46.021387846565474 35.92368451944987 5.1
      vertex 46 36.25 5.1
    endloop
  endfacet
  facet normal 0 0 1
    outer loop
      vertex 46.73223304703363 -34.48223304703363 5.1
      vertex 46.05839044743835 35.73765988277029 5.1
      vertex 46.021387846565474 35.92368451944987 5.1
    endloop
  endfacet
  facet normal 0 0 1
    outer loop
      vertex 46.83549566682035 -34.39167415997371 5.1
      vertex 46.08518543427733 35.6029523872437 5.1
      vertex 46.05839044743835 35.73765988277029 5.1
    endloop
  endfacet
  facet normal 0 0 1
    outer loop
      vertex 46.9780964274782 -34.26661664927191 5.1
      vertex 46.19030116872178 35.293291419087275 5.1
      vertex 46.08518543427733 35.6029523872437 5.1
    endloop
  endfacet
  facet normal 0 0 1
    outer loop
      vertex 47.543291419087275 -33.94030116872178 5.1
      vertex 46.3349364905389 35 5.1
      vertex 46.19030116872178 35.293291419087275 5.1
    endloop
  endfacet
  facet normal 0 0 1
    outer loop
      vertex 48.5 -33.75 5.1
      vertex 46.73223304703363 34.48223304703363 5.1
      vertex 46.51661664927191 34.7280964274782 5.1
    endloop
  endfacet
  facet normal 0 0 1
    outer loop
      vertex 48.5 -33.75 5.1
      vertex 46.440310982604046 34.84229592793736 5.1
      vertex 46.3349364905389 35 5.1
    endloop
  endfacet
  facet normal 0 0 1
    outer loop
      vertex 48.5 -33.75 5.1
      vertex 46.51661664927191 34.7280964274782 5.1
      vertex 46.440310982604046 34.84229592793736 5.1
    endloop
  endfacet
  facet normal 0 0 1
    outer loop
      vertex 46 36.25 5.1
      vertex 46.021387846565474 36.57631548055013 5.1
      vertex 46 39 5.1
    endloop
  endfacet
  facet normal 0 0 1
    outer loop
      vertex 46.021387846565474 36.57631548055013 5.1
      vertex 46.08518543427733 36.8970476127563 5.1
      vertex 46 39 5.1
    endloop
  endfacet
  facet normal 0 0 1
    outer loop
      vertex 46.08518543427733 36.8970476127563 5.1
      vertex 46.19030116872178 37.206708580912725 5.1
      vertex 46 39 5.1
    endloop
  endfacet
  facet normal 0 0 1
    outer loop
      vertex 46.19030116872178 37.206708580912725 5.1
      vertex 46.3349364905389 37.5 5.1
      vertex 46 39 5.1
    endloop
  endfacet
  facet normal 0 0 1
    outer loop
      vertex 46.3349364905389 37.5 5.1
      vertex 46.440310982604046 37.65770407206264 5.1
      vertex 46 39 5.1
    endloop
  endfacet
  facet normal 0 0 1
    outer loop
      vertex 46.440310982604046 37.65770407206264 5.1
      vertex 46.51661664927191 37.7719035725218 5.1
      vertex 46 39 5.1
    endloop
  endfacet
  facet normal 0 0 1
    outer loop
      vertex 46.51661664927191 37.7719035725218 5.1
      vertex 46.564954283965115 38.82658663883506 5.1
      vertex 46 39 5.1
    endloop
  endfacet
  facet normal 0 0 1
    outer loop
      vertex 45.82658663883506 39.564954283965115 5.1
      vertex 46 39 5.1
      vertex 46.17157287525381 39.17157287525381 5.1
    endloop
  endfacet
  facet normal 0 0 1
    outer loop
      vertex 46 39 5.1
      vertex 46.564954283965115 38.82658663883506 5.1
      vertex 46.17157287525381 39.17157287525381 5.1
    endloop
  endfacet
  facet normal 0 0 1
    outer loop
      vertex 46.51661664927191 37.7719035725218 5.1
      vertex 46.73223304703363 38.01776695296637 5.1
      vertex 46.564954283965115 38.82658663883506 5.1
    endloop
  endfacet
  facet normal 0 0 1
    outer loop
      vertex 46.73223304703363 38.01776695296637 5.1
      vertex 47 38.53589838486224 5.1
      vertex 46.564954283965115 38.82658663883506 5.1
    endloop
  endfacet
  facet normal 0 0 1
    outer loop
      vertex 46.73223304703363 38.01776695296637 5.1
      vertex 46.83549566682035 38.10832584002629 5.1
      vertex 47 38.53589838486224 5.1
    endloop
  endfacet
  facet normal 0 0 1
    outer loop
      vertex 46.83549566682035 38.10832584002629 5.1
      vertex 46.9780964274782 38.23338335072809 5.1
      vertex 47 38.53589838486224 5.1
    endloop
  endfacet
  facet normal 0 0 1
    outer loop
      vertex 46.9780964274782 38.23338335072809 5.1
      vertex 47.24788906371376 38.41365302692862 5.1
      vertex 47 38.53589838486224 5.1
    endloop
  endfacet
  facet normal 0 0 1
    outer loop
      vertex 51.320425711011154 38.75 5.1
      vertex 51.600000001490116 38.75 5.1
      vertex 51.435045716034885 38.82658663883506 5.1
    endloop
  endfacet
  facet normal 0 0 1
    outer loop
      vertex 51.435045716034885 38.82658663883506 5.1
      vertex 51.600000001490116 38.75 5.1
      vertex 51.600000001490116 38.971247664649084 5.1
    endloop
  endfacet
  facet normal -1 0 0
    outer loop
      vertex 51.600000001490116 38.75 5.1
      vertex 51.600000001490116 38.971247664649084 7.7
      vertex 51.600000001490116 38.971247664649084 5.1
    endloop
  endfacet
  facet normal -1 0 0
    outer loop
      vertex 51.600000001490116 38.75 5.1
      vertex 51.600000001490116 38.75 7.7
      vertex 51.600000001490116 38.971247664649084 7.7
    endloop
  endfacet
  facet normal 0 -1 0
    outer loop
      vertex -45.971247664649084 44.600000001490116 38
      vertex 45.971247664649084 44.600000001490116 5.1
      vertex 45.971247664649084 44.600000001490116 38
    endloop
  endfacet
  facet normal 1 0 0
    outer loop
      vertex -42.5 -32 0.81
      vertex -42.5 32 0.81
      vertex -42.5 -32 3
    endloop
  endfacet
  facet normal 0 1 0
    outer loop
      vertex -42.5 -32 0.81
      vertex -42.5 -32 3
      vertex 42.5 -32 3
    endloop
  endfacet
  facet normal 1 0 0
    outer loop
      vertex -42.5 -32 3
      vertex -42.5 32 0.81
      vertex -42.5 32 3
    endloop
  endfacet
  facet normal 0 -1 0
    outer loop
      vertex -42.5 32 0.81
      vertex 42.5 32 0.81
      vertex -42.5 32 3
    endloop
  endfacet
  facet normal 0 1 0
    outer loop
      vertex -42.5 -32 0.81
      vertex 42.5 -32 3
      vertex 42.5 -32 0.81
    endloop
  endfacet
  facet normal -1 0 0
    outer loop
      vertex 42.5 -32 0.81
      vertex 42.5 -32 3
      vertex 42.5 32 3
    endloop
  endfacet
  facet normal 0 -1 0
    outer loop
      vertex -42.5 32 3
      vertex 42.5 32 0.81
      vertex 42.5 32 3
    endloop
  endfacet
  facet normal -1 0 0
    outer loop
      vertex 42.5 -32 0.81
      vertex 42.5 32 3
      vertex 42.5 32 0.81
    endloop
  endfacet
  facet normal 1 0 0
    outer loop
      vertex -46 -39 3
      vertex -46 -36.25 3
      vertex -46 -39 5.1
    endloop
  endfacet
  facet normal 1 0 0
    outer loop
      vertex -46 -36.25 3
      vertex -46 -36.25 5.1
      vertex -46 -39 5.1
    endloop
  endfacet
  facet normal 0 1 0
    outer loop
      vertex -46 -39 3
      vertex -46 -39 5.1
      vertex -8 -39 5.1
    endloop
  endfacet
  facet normal 0 0 1
    outer loop
      vertex -46 -39 3
      vertex -8 -39 3
      vertex -42.5 -32 3
    endloop
  endfacet
  facet normal 0 0 1
    outer loop
      vertex -46 -39 3
      vertex -42.5 32 3
      vertex -46 -36.25 3
    endloop
  endfacet
  facet normal 1 0 0
    outer loop
      vertex -46 -36.25 3
      vertex -46 36.25 3
      vertex -46 -36.25 5.1
    endloop
  endfacet
  facet normal 0 0 1
    outer loop
      vertex -46 -39 3
      vertex -42.5 -32 3
      vertex -42.5 32 3
    endloop
  endfacet
  facet normal 0 1 0
    outer loop
      vertex -46 -39 3
      vertex -8 -39 5.1
      vertex -8 -39 3
    endloop
  endfacet
  facet normal 0 0 1
    outer loop
      vertex -42.5 -32 3
      vertex -8 -39 3
      vertex 1.9555555555555584 -39 3
    endloop
  endfacet
  facet normal 0 0 1
    outer loop
      vertex -42.5 -32 3
      vertex 1.9555555555555584 -39 3
      vertex 8 -39 3
    endloop
  endfacet
  facet normal 0 0 1
    outer loop
      vertex -46 -36.25 3
      vertex -42.5 32 3
      vertex -46 36.25 3
    endloop
  endfacet
  facet normal 1 0 0
    outer loop
      vertex -46 -36.25 5.1
      vertex -46 36.25 3
      vertex -46 36.25 5.1
    endloop
  endfacet
  facet normal 0 0 1
    outer loop
      vertex -42.5 32 3
      vertex -46 39 3
      vertex -46 36.25 3
    endloop
  endfacet
  facet normal 1 0 0
    outer loop
      vertex -46 36.25 3
      vertex -46 39 3
      vertex -46 36.25 5.1
    endloop
  endfacet
  facet normal 1 0 0
    outer loop
      vertex -46 39 3
      vertex -46 39 5.1
      vertex -46 36.25 5.1
    endloop
  endfacet
  facet normal 0 0 1
    outer loop
      vertex -42.5 32 3
      vertex 42.5 32 3
      vertex -46 39 3
    endloop
  endfacet
  facet normal 0 -1 0
    outer loop
      vertex -46 39 3
      vertex 46 39 3
      vertex -46 39 5.1
    endloop
  endfacet
  facet normal 0 0 1
    outer loop
      vertex -42.5 -32 3
      vertex 8 -39 3
      vertex 46 -39 3
    endloop
  endfacet
  facet normal 0 1 0
    outer loop
      vertex 8 -39 3
      vertex 8 -39 5.1
      vertex 46 -39 3
    endloop
  endfacet
  facet normal 0 0 1
    outer loop
      vertex -42.5 -32 3
      vertex 46 -39 3
      vertex 42.5 -32 3
    endloop
  endfacet
  facet normal 0 1 0
    outer loop
      vertex 8 -39 5.1
      vertex 46 -39 5.1
      vertex 46 -39 3
    endloop
  endfacet
  facet normal 0 0 1
    outer loop
      vertex 46 -39 3
      vertex 46 -36.25 3
      vertex 42.5 -32 3
    endloop
  endfacet
  facet normal -1 0 0
    outer loop
      vertex 46 -39 3
      vertex 46 -36.25 5.1
      vertex 46 -36.25 3
    endloop
  endfacet
  facet normal -1 0 0
    outer loop
      vertex 46 -39 3
      vertex 46 -39 5.1
      vertex 46 -36.25 5.1
    endloop
  endfacet
  facet normal -1 0 0
    outer loop
      vertex 46 -36.25 3
      vertex 46 -36.25 5.1
      vertex 46 36.25 5.1
    endloop
  endfacet
  facet normal 0 0 1
    outer loop
      vertex 46 -36.25 3
      vertex 46 36.25 3
      vertex 42.5 -32 3
    endloop
  endfacet
  facet normal 0 0 1
    outer loop
      vertex -46 39 3
      vertex 42.5 32 3
      vertex 46 39 3
    endloop
  endfacet
  facet normal 0 -1 0
    outer loop
      vertex -46 39 5.1
      vertex 46 39 3
      vertex 46 39 5.1
    endloop
  endfacet
  facet normal 0 0 1
    outer loop
      vertex 42.5 -32 3
      vertex 46 39 3
      vertex 42.5 32 3
    endloop
  endfacet
  facet normal 0 0 1
    outer loop
      vertex 42.5 -32 3
      vertex 46 36.25 3
      vertex 46 39 3
    endloop
  endfacet
  facet normal -1 0 0
    outer loop
      vertex 46 -36.25 3
      vertex 46 36.25 5.1
      vertex 46 36.25 3
    endloop
  endfacet
  facet normal -1 0 0
    outer loop
      vertex 46 36.25 3
      vertex 46 39 5.1
      vertex 46 39 3
    endloop
  endfacet
  facet normal -1 0 0
    outer loop
      vertex 46 36.25 3
      vertex 46 36.25 5.1
      vertex 46 39 5.1
    endloop
  endfacet
  facet normal 1 0 0
    outer loop
      vertex -8 -44.6 3
      vertex -8 -39 3
      vertex -8 -44.6 5.1
    endloop
  endfacet
  facet normal 1 0 0
    outer loop
      vertex -8 -39 3
      vertex -8 -39 5.1
      vertex -8 -44.6 5.1
    endloop
  endfacet
  facet normal 0 1 0
    outer loop
      vertex -8 -44.6 3
      vertex -8 -44.6 5.1
      vertex 8 -44.6 5.1
    endloop
  endfacet
  facet normal 0 0 1
    outer loop
      vertex -8 -44.6 3
      vertex 1.9555555555555584 -39 3
      vertex -8 -39 3
    endloop
  endfacet
  facet normal 0 1 0
    outer loop
      vertex -8 -44.6 3
      vertex 8 -44.6 5.1
      vertex 8 -44.6 3
    endloop
  endfacet
  facet normal 0 0 1
    outer loop
      vertex -8 -44.6 3
      vertex 8 -44.6 3
      vertex 1.9555555555555584 -39 3
    endloop
  endfacet
  facet normal 0 0 1
    outer loop
      vertex 1.9555555555555584 -39 3
      vertex 8 -44.6 3
      vertex 8 -39 3
    endloop
  endfacet
  facet normal -1 0 0
    outer loop
      vertex 8 -44.6 3
      vertex 8 -44.6 5.1
      vertex 8 -39 5.1
    endloop
  endfacet
  facet normal -1 0 0
    outer loop
      vertex 8 -44.6 3
      vertex 8 -39 5.1
      vertex 8 -39 3
    endloop
  endfacet
  facet normal 0 0 1
    outer loop
      vertex -51.8 -39.146642955940834 7.7
      vertex -51.600000001490116 -38.971247664649084 7.7
      vertex -51.600000001490116 -38.75 7.7
    endloop
  endfacet
  facet normal 0 0 1
    outer loop
      vertex -51.8 -39.146642955940834 7.7
      vertex -51.600000001490116 -38.75 7.7
      vertex -51.8 -38.75 7.7
    endloop
  endfacet
  facet normal 1 0 0
    outer loop
      vertex -51.8 -39.146642955940834 7.7
      vertex -51.8 -38.75 7.7
      vertex -51.8 -39.146642955940834 8
    endloop
  endfacet
  facet normal 1 0 0
    outer loop
      vertex -51.8 -38.75 7.7
      vertex -51.8 -38.75 8
      vertex -51.8 -39.146642955940834 8
    endloop
  endfacet
  facet normal 0 0 1
    outer loop
      vertex -51.8 -33.75 7.7
      vertex -51.600000001490116 -33.75 7.7
      vertex -51.600000001490116 33.75 7.7
    endloop
  endfacet
  facet normal 1 0 0
    outer loop
      vertex -51.8 -33.75 7.7
      vertex -51.8 33.75 7.7
      vertex -51.8 -33.75 8
    endloop
  endfacet
  facet normal 1 0 0
    outer loop
      vertex -51.8 -39.146642955940834 38
      vertex -51.8 -39.146642955940834 9.9
      vertex -51.8 39.146642955940834 9.9
    endloop
  endfacet
  facet normal 0 0 1
    outer loop
      vertex -51.8 -33.75 7.7
      vertex -51.600000001490116 33.75 7.7
      vertex -51.8 33.75 7.7
    endloop
  endfacet
  facet normal 1 0 0
    outer loop
      vertex -51.8 -33.75 8
      vertex -51.8 33.75 7.7
      vertex -51.8 33.75 8
    endloop
  endfacet
  facet normal 0 0 1
    outer loop
      vertex -51.8 38.75 7.7
      vertex -51.600000001490116 38.75 7.7
      vertex -51.600000001490116 38.971247664649084 7.7
    endloop
  endfacet
  facet normal 0 0 1
    outer loop
      vertex -51.8 38.75 7.7
      vertex -51.600000001490116 38.971247664649084 7.7
      vertex -51.8 39.146642955940834 7.7
    endloop
  endfacet
  facet normal 1 0 0
    outer loop
      vertex -51.8 38.75 7.7
      vertex -51.8 39.146642955940834 7.7
      vertex -51.8 38.75 8
    endloop
  endfacet
  facet normal 1 0 0
    outer loop
      vertex -51.8 39.146642955940834 7.7
      vertex -51.8 39.146642955940834 8
      vertex -51.8 38.75 8
    endloop
  endfacet
  facet normal 1 0 0
    outer loop
      vertex -51.8 -39.146642955940834 38
      vertex -51.8 39.146642955940834 9.9
      vertex -51.8 39.146642955940834 38
    endloop
  endfacet
  facet normal 0 0 1
    outer loop
      vertex 51.600000001490116 -38.971247664649084 7.7
      vertex 51.8 -39.146642955940834 7.7
      vertex 51.8 -38.75 7.7
    endloop
  endfacet
  facet normal 0 0 1
    outer loop
      vertex 51.600000001490116 -38.971247664649084 7.7
      vertex 51.8 -38.75 7.7
      vertex 51.600000001490116 -38.75 7.7
    endloop
  endfacet
  facet normal -1 0 0
    outer loop
      vertex 51.8 -39.146642955940834 7.7
      vertex 51.8 -39.146642955940834 8
      vertex 51.8 -38.75 8
    endloop
  endfacet
  facet normal -1 0 0
    outer loop
      vertex 51.8 -39.146642955940834 7.7
      vertex 51.8 -38.75 8
      vertex 51.8 -38.75 7.7
    endloop
  endfacet
  facet normal 0 0 1
    outer loop
      vertex 51.600000001490116 -33.75 7.7
      vertex 51.8 -33.75 7.7
      vertex 51.8 33.75 7.7
    endloop
  endfacet
  facet normal -1 0 0
    outer loop
      vertex 51.8 -33.75 7.7
      vertex 51.8 -33.75 8
      vertex 51.8 33.75 8
    endloop
  endfacet
  facet normal -1 0 0
    outer loop
      vertex 51.8 33.75 8
      vertex 51.8 -33.75 8
      vertex 51.8 -34.091787387209585 9.9
    endloop
  endfacet
  facet normal -1 0 0
    outer loop
      vertex 51.8 -39.146642955940834 38
      vertex 51.8 33.75 8
      vertex 51.8 -34.091787387209585 9.9
    endloop
  endfacet
  facet normal -1 0 0
    outer loop
      vertex 51.8 -39.146642955940834 38
      vertex 51.8 -34.091787387209585 9.9
      vertex 51.8 -39.146642955940834 9.9
    endloop
  endfacet
  facet normal 0 0 1
    outer loop
      vertex 51.600000001490116 -33.75 7.7
      vertex 51.8 33.75 7.7
      vertex 51.600000001490116 33.75 7.7
    endloop
  endfacet
  facet normal -1 0 0
    outer loop
      vertex 51.8 -33.75 7.7
      vertex 51.8 33.75 8
      vertex 51.8 33.75 7.7
    endloop
  endfacet
  facet normal -1 0 0
    outer loop
      vertex 51.8 -39.146642955940834 38
      vertex 51.8 33.816545946123746 9.9
      vertex 51.8 33.75 8
    endloop
  endfacet
  facet normal -1 0 0
    outer loop
      vertex 51.8 33.816545946123746 9.9
      vertex 51.8 38.75 8
      vertex 51.8 33.75 8
    endloop
  endfacet
  facet normal 0 0 1
    outer loop
      vertex 51.600000001490116 38.75 7.7
      vertex 51.8 38.75 7.7
      vertex 51.8 39.146642955940834 7.7
    endloop
  endfacet
  facet normal 0 0 1
    outer loop
      vertex 51.600000001490116 38.75 7.7
      vertex 51.8 39.146642955940834 7.7
      vertex 51.600000001490116 38.971247664649084 7.7
    endloop
  endfacet
  facet normal -1 0 0
    outer loop
      vertex 51.8 38.75 7.7
      vertex 51.8 38.75 8
      vertex 51.8 39.146642955940834 8
    endloop
  endfacet
  facet normal -1 0 0
    outer loop
      vertex 51.8 38.75 7.7
      vertex 51.8 39.146642955940834 8
      vertex 51.8 39.146642955940834 7.7
    endloop
  endfacet
  facet normal -1 0 0
    outer loop
      vertex 51.8 -39.146642955940834 38
      vertex 51.8 39.146642955940834 38
      vertex 51.8 33.816545946123746 9.9
    endloop
  endfacet
  facet normal -1 0 0
    outer loop
      vertex 51.8 39.146642955940834 38
      vertex 51.8 39.146642955940834 9.9
      vertex 51.8 33.816545946123746 9.9
    endloop
  endfacet
  facet normal -0.6593458151000638 0.7518398074789817 0
    outer loop
      vertex -51.600000001490116 -38.971247664649084 5.1
      vertex -51.600000001490116 -38.971247664649084 7.7
      vertex -51.435045716034885 -38.82658663883506 5.1
    endloop
  endfacet
  facet normal -0.555570233019604 0.8314696123025441 0
    outer loop
      vertex -51.435045716034885 -38.82658663883506 5.1
      vertex -51.320425711011154 -38.75 8
      vertex -51.320425711011154 -38.75 5.1
    endloop
  endfacet
  facet normal -0.6593458151000638 0.7518398074789817 0
    outer loop
      vertex -51.435045716034885 -38.82658663883506 5.1
      vertex -51.600000001490116 -38.971247664649084 7.7
      vertex -51.435045716034885 -38.82658663883506 8
    endloop
  endfacet
  facet normal -0.555570233019604 0.8314696123025441 0
    outer loop
      vertex -51.435045716034885 -38.82658663883506 5.1
      vertex -51.435045716034885 -38.82658663883506 8
      vertex -51.320425711011154 -38.75 8
    endloop
  endfacet
  facet normal -0.659345815100064 0.7518398074789817 1.7389788985666583e-16
    outer loop
      vertex -51.8 -39.146642955940834 7.7
      vertex -51.435045716034885 -38.82658663883506 8
      vertex -51.600000001490116 -38.971247664649084 7.7
    endloop
  endfacet
  facet normal -0.659345815100064 0.7518398074789818 0
    outer loop
      vertex -51.8 -39.146642955940834 7.7
      vertex -51.8 -39.146642955940834 8
      vertex -51.435045716034885 -38.82658663883506 8
    endloop
  endfacet
  facet normal 0.44228869021900163 0.896872741532688 0
    outer loop
      vertex -47.24788906371376 -38.41365302692862 5.1
      vertex -47.24788906371376 -38.41365302692862 8
      vertex -47 -38.53589838486224 5.1
    endloop
  endfacet
  facet normal 0.5555702330196042 0.8314696123025439 0
    outer loop
      vertex -47 -38.53589838486224 5.1
      vertex -46.564954283965115 -38.82658663883506 8
      vertex -46.564954283965115 -38.82658663883506 5.1
    endloop
  endfacet
  facet normal 0.6593458151000673 0.7518398074789786 0
    outer loop
      vertex -46.564954283965115 -38.82658663883506 5.1
      vertex -46.17157287525381 -39.17157287525381 8
      vertex -46.17157287525381 -39.17157287525381 5.1
    endloop
  endfacet
  facet normal 0.7518398074789786 0.6593458151000673 -6.402237342449397e-16
    outer loop
      vertex -46.17157287525381 -39.17157287525381 5.1
      vertex -45.839701193893376 -39.55 8
      vertex -45.82658663883506 -39.564954283965115 5.1
    endloop
  endfacet
  facet normal 0.6593458151000673 0.7518398074789786 0
    outer loop
      vertex -46.564954283965115 -38.82658663883506 5.1
      vertex -46.564954283965115 -38.82658663883506 8
      vertex -46.17157287525381 -39.17157287525381 8
    endloop
  endfacet
  facet normal 0.5555702330196042 0.8314696123025439 0
    outer loop
      vertex -47 -38.53589838486224 5.1
      vertex -47 -38.53589838486224 8
      vertex -46.564954283965115 -38.82658663883506 8
    endloop
  endfacet
  facet normal 0.44228869021900163 0.896872741532688 0
    outer loop
      vertex -47 -38.53589838486224 5.1
      vertex -47.24788906371376 -38.41365302692862 8
      vertex -47 -38.53589838486224 8
    endloop
  endfacet
  facet normal 0.7518398074789763 0.6593458151000701 0
    outer loop
      vertex -46.17157287525381 -39.17157287525381 5.1
      vertex -46.17157287525381 -39.17157287525381 8
      vertex -45.839701193893376 -39.55 8
    endloop
  endfacet
  facet normal 0.7518398074789817 -0.6593458151000638 0
    outer loop
      vertex -45.971247664649084 -44.600000001490116 5.1
      vertex -45.82658663883506 -44.435045716034885 5.1
      vertex -45.82658663883506 -44.435045716034885 38
    endloop
  endfacet
  facet normal 0.8314696123025439 -0.5555702330196043 0
    outer loop
      vertex -45.82658663883506 -44.435045716034885 5.1
      vertex -45.53589838486224 -44 5.1
      vertex -45.82658663883506 -44.435045716034885 38
    endloop
  endfacet
  facet normal 0.8968727415326924 -0.44228869021899275 0
    outer loop
      vertex -45.53589838486224 -44 5.1
      vertex -45.304481869954856 -43.53073372946036 5.1
      vertex -45.53589838486224 -44 38
    endloop
  endfacet
  facet normal 0.9469301294951059 -0.32143946530316087 0
    outer loop
      vertex -45.304481869954856 -43.53073372946036 5.1
      vertex -45.13629669484373 -43.03527618041008 5.1
      vertex -45.304481869954856 -43.53073372946036 38
    endloop
  endfacet
  facet normal 0.9807852804032288 -0.19509032201613669 0
    outer loop
      vertex -45.13629669484373 -43.03527618041008 5.1
      vertex -45.034220554504756 -42.522104768880205 5.1
      vertex -45.13629669484373 -43.03527618041008 38
    endloop
  endfacet
  facet normal 0.9978589232386038 -0.0654031292301393 0
    outer loop
      vertex -45.034220554504756 -42.522104768880205 5.1
      vertex -45 -42 5.1
      vertex -45.034220554504756 -42.522104768880205 38
    endloop
  endfacet
  facet normal 0.9978589232386038 0.0654031292301393 0
    outer loop
      vertex -45 -42 5.1
      vertex -45.034220554504756 -41.477895231119795 5.1
      vertex -45 -42 38
    endloop
  endfacet
  facet normal 0.9807852804032288 0.19509032201613669 0
    outer loop
      vertex -45.034220554504756 -41.477895231119795 5.1
      vertex -45.13629669484373 -40.96472381958992 5.1
      vertex -45.034220554504756 -41.477895231119795 38
    endloop
  endfacet
  facet normal 0.8314696123025439 0.5555702330196043 0
    outer loop
      vertex -45.82658663883506 -39.564954283965115 5.1
      vertex -45.53589838486224 -40 38
      vertex -45.53589838486224 -40 5.1
    endloop
  endfacet
  facet normal 0.9469301294951059 0.32143946530316087 0
    outer loop
      vertex -45.304481869954856 -40.46926627053964 5.1
      vertex -45.13629669484373 -40.96472381958992 38
      vertex -45.13629669484373 -40.96472381958992 5.1
    endloop
  endfacet
  facet normal 0.8968727415326924 0.44228869021899275 0
    outer loop
      vertex -45.304481869954856 -40.46926627053964 5.1
      vertex -45.53589838486224 -40 5.1
      vertex -45.304481869954856 -40.46926627053964 38
    endloop
  endfacet
  facet normal 0.7518398074790394 0.6593458150999981 0
    outer loop
      vertex -45.82658663883506 -39.564954283965115 5.1
      vertex -45.839701193893376 -39.55 8
      vertex -45.82658663883506 -39.564954283965115 38
    endloop
  endfacet
  facet normal 0.7518398074790391 0.6593458150999986 0
    outer loop
      vertex -45.82658663883506 -39.564954283965115 38
      vertex -45.839701193893376 -39.55 8
      vertex -45.839701193893376 -39.55 9.9
    endloop
  endfacet
  facet normal -0.659345815100064 0.7518398074789818 0
    outer loop
      vertex -51.435045716034885 -38.82658663883506 38
      vertex -51.435045716034885 -38.82658663883506 9.9
      vertex -51.8 -39.146642955940834 9.9
    endloop
  endfacet
  facet normal -0.5555702330196043 0.8314696123025439 0
    outer loop
      vertex -51 -38.53589838486224 38
      vertex -51 -38.53589838486224 9.9
      vertex -51.435045716034885 -38.82658663883506 9.9
    endloop
  endfacet
  facet normal -0.4422886902189928 0.8968727415326925 0
    outer loop
      vertex -50.53073372946036 -38.304481869954856 38
      vertex -50.53073372946036 -38.304481869954856 9.9
      vertex -51 -38.53589838486224 9.9
    endloop
  endfacet
  facet normal -0.32143946530316087 0.9469301294951059 0
    outer loop
      vertex -50.03527618041008 -38.13629669484373 38
      vertex -50.03527618041008 -38.13629669484373 9.9
      vertex -50.53073372946036 -38.304481869954856 9.9
    endloop
  endfacet
  facet normal 0.32143946530316087 0.9469301294951059 0
    outer loop
      vertex -47.46926627053964 -38.304481869954856 38
      vertex -47.46926627053964 -38.304481869954856 9.9
      vertex -47.96472381958992 -38.13629669484373 9.9
    endloop
  endfacet
  facet normal -0.19509032201613666 0.9807852804032288 0
    outer loop
      vertex -49.522104768880205 -38.034220554504756 38
      vertex -49.522104768880205 -38.034220554504756 9.9
      vertex -50.03527618041008 -38.13629669484373 9.9
    endloop
  endfacet
  facet normal -0.06540312923013929 0.9978589232386037 0
    outer loop
      vertex -49 -38 38
      vertex -49 -38 9.9
      vertex -49.522104768880205 -38.034220554504756 9.9
    endloop
  endfacet
  facet normal 0.06540312923013929 0.9978589232386037 0
    outer loop
      vertex -48.477895231119795 -38.034220554504756 38
      vertex -48.477895231119795 -38.034220554504756 9.9
      vertex -49 -38 9.9
    endloop
  endfacet
  facet normal 0.19509032201613666 0.9807852804032288 0
    outer loop
      vertex -47.96472381958992 -38.13629669484373 38
      vertex -47.96472381958992 -38.13629669484373 9.9
      vertex -48.477895231119795 -38.034220554504756 9.9
    endloop
  endfacet
  facet normal 0.4422886902189928 0.8968727415326925 0
    outer loop
      vertex -47 -38.53589838486224 38
      vertex -47 -38.53589838486224 9.9
      vertex -47.46926627053964 -38.304481869954856 9.9
    endloop
  endfacet
  facet normal 0.5555702330196043 0.8314696123025439 0
    outer loop
      vertex -46.564954283965115 -38.82658663883506 38
      vertex -46.564954283965115 -38.82658663883506 9.9
      vertex -47 -38.53589838486224 9.9
    endloop
  endfacet
  facet normal 0.6593458151000674 0.7518398074789787 0
    outer loop
      vertex -46.17157287525381 -39.17157287525381 38
      vertex -46.17157287525381 -39.17157287525381 9.9
      vertex -46.564954283965115 -38.82658663883506 9.9
    endloop
  endfacet
  facet normal 0.7518398074789763 0.6593458151000701 6.782536282673733e-17
    outer loop
      vertex -45.82658663883506 -39.564954283965115 38
      vertex -45.839701193893376 -39.55 9.9
      vertex -46.17157287525381 -39.17157287525381 9.9
    endloop
  endfacet
  facet normal 0.7518398074789817 -0.6593458151000638 0
    outer loop
      vertex -45.971247664649084 -44.600000001490116 5.1
      vertex -45.82658663883506 -44.435045716034885 38
      vertex -45.971247664649084 -44.600000001490116 38
    endloop
  endfacet
  facet normal 0.8314696123025439 -0.5555702330196043 0
    outer loop
      vertex -45.53589838486224 -44 5.1
      vertex -45.53589838486224 -44 38
      vertex -45.82658663883506 -44.435045716034885 38
    endloop
  endfacet
  facet normal 0.8968727415326924 -0.44228869021899275 0
    outer loop
      vertex -45.304481869954856 -43.53073372946036 5.1
      vertex -45.304481869954856 -43.53073372946036 38
      vertex -45.53589838486224 -44 38
    endloop
  endfacet
  facet normal 0.9469301294951059 -0.32143946530316087 0
    outer loop
      vertex -45.13629669484373 -43.03527618041008 5.1
      vertex -45.13629669484373 -43.03527618041008 38
      vertex -45.304481869954856 -43.53073372946036 38
    endloop
  endfacet
  facet normal 0.9807852804032288 -0.19509032201613669 0
    outer loop
      vertex -45.034220554504756 -42.522104768880205 5.1
      vertex -45.034220554504756 -42.522104768880205 38
      vertex -45.13629669484373 -43.03527618041008 38
    endloop
  endfacet
  facet normal 0.9978589232386038 -0.0654031292301393 0
    outer loop
      vertex -45 -42 5.1
      vertex -45 -42 38
      vertex -45.034220554504756 -42.522104768880205 38
    endloop
  endfacet
  facet normal 0.9978589232386038 0.0654031292301393 0
    outer loop
      vertex -45.034220554504756 -41.477895231119795 5.1
      vertex -45.034220554504756 -41.477895231119795 38
      vertex -45 -42 38
    endloop
  endfacet
  facet normal 0.9807852804032288 0.19509032201613669 0
    outer loop
      vertex -45.13629669484373 -40.96472381958992 5.1
      vertex -45.13629669484373 -40.96472381958992 38
      vertex -45.034220554504756 -41.477895231119795 38
    endloop
  endfacet
  facet normal 0.8314696123025439 0.5555702330196043 0
    outer loop
      vertex -45.82658663883506 -39.564954283965115 5.1
      vertex -45.82658663883506 -39.564954283965115 38
      vertex -45.53589838486224 -40 38
    endloop
  endfacet
  facet normal 0.9469301294951059 0.32143946530316087 0
    outer loop
      vertex -45.304481869954856 -40.46926627053964 5.1
      vertex -45.304481869954856 -40.46926627053964 38
      vertex -45.13629669484373 -40.96472381958992 38
    endloop
  endfacet
  facet normal 0.8968727415326924 0.44228869021899275 0
    outer loop
      vertex -45.53589838486224 -40 5.1
      vertex -45.53589838486224 -40 38
      vertex -45.304481869954856 -40.46926627053964 38
    endloop
  endfacet
  facet normal -0.659345815100064 0.7518398074789818 0
    outer loop
      vertex -51.8 -39.146642955940834 38
      vertex -51.435045716034885 -38.82658663883506 38
      vertex -51.8 -39.146642955940834 9.9
    endloop
  endfacet
  facet normal -0.5555702330196043 0.8314696123025439 0
    outer loop
      vertex -51.435045716034885 -38.82658663883506 38
      vertex -51 -38.53589838486224 38
      vertex -51.435045716034885 -38.82658663883506 9.9
    endloop
  endfacet
  facet normal -0.4422886902189928 0.8968727415326925 0
    outer loop
      vertex -51 -38.53589838486224 38
      vertex -50.53073372946036 -38.304481869954856 38
      vertex -51 -38.53589838486224 9.9
    endloop
  endfacet
  facet normal -0.32143946530316087 0.9469301294951059 0
    outer loop
      vertex -50.53073372946036 -38.304481869954856 38
      vertex -50.03527618041008 -38.13629669484373 38
      vertex -50.53073372946036 -38.304481869954856 9.9
    endloop
  endfacet
  facet normal 0.32143946530316087 0.9469301294951059 0
    outer loop
      vertex -47.46926627053964 -38.304481869954856 38
      vertex -47.96472381958992 -38.13629669484373 9.9
      vertex -47.96472381958992 -38.13629669484373 38
    endloop
  endfacet
  facet normal 0.4422886902189928 0.8968727415326925 0
    outer loop
      vertex -47.46926627053964 -38.304481869954856 38
      vertex -47 -38.53589838486224 38
      vertex -47.46926627053964 -38.304481869954856 9.9
    endloop
  endfacet
  facet normal -0.19509032201613666 0.9807852804032288 0
    outer loop
      vertex -50.03527618041008 -38.13629669484373 38
      vertex -49.522104768880205 -38.034220554504756 38
      vertex -50.03527618041008 -38.13629669484373 9.9
    endloop
  endfacet
  facet normal -0.06540312923013929 0.9978589232386037 0
    outer loop
      vertex -49.522104768880205 -38.034220554504756 38
      vertex -49 -38 38
      vertex -49.522104768880205 -38.034220554504756 9.9
    endloop
  endfacet
  facet normal 0.06540312923013929 0.9978589232386037 0
    outer loop
      vertex -49 -38 38
      vertex -48.477895231119795 -38.034220554504756 38
      vertex -49 -38 9.9
    endloop
  endfacet
  facet normal 0.19509032201613666 0.9807852804032288 0
    outer loop
      vertex -48.477895231119795 -38.034220554504756 38
      vertex -47.96472381958992 -38.13629669484373 38
      vertex -48.477895231119795 -38.034220554504756 9.9
    endloop
  endfacet
  facet normal 0.6593458151000674 0.7518398074789787 0
    outer loop
      vertex -46.564954283965115 -38.82658663883506 38
      vertex -46.17157287525381 -39.17157287525381 38
      vertex -46.564954283965115 -38.82658663883506 9.9
    endloop
  endfacet
  facet normal 0.5555702330196043 0.8314696123025439 0
    outer loop
      vertex -47 -38.53589838486224 38
      vertex -46.564954283965115 -38.82658663883506 38
      vertex -47 -38.53589838486224 9.9
    endloop
  endfacet
  facet normal 0.7518398074789787 0.6593458151000674 0
    outer loop
      vertex -46.17157287525381 -39.17157287525381 38
      vertex -45.82658663883506 -39.564954283965115 38
      vertex -46.17157287525381 -39.17157287525381 9.9
    endloop
  endfacet
  facet normal 0 0 1
    outer loop
      vertex -51.438491898711725 -45.120834773937226 38
      vertex -51 -45.054415589302536 38
      vertex -51.43990004313665 -45.09935064166149 38
    endloop
  endfacet
  facet normal 0 0 1
    outer loop
      vertex -52.78517846889856 -43.266602888522826 38
      vertex -52.695518130045144 -43.26311419479317 38
      vertex -52.82503166633818 -43.1491991547383 38
    endloop
  endfacet
  facet normal 0 0 1
    outer loop
      vertex -52.86370330515627 -43.014611872293735 38
      vertex -52.965779445495244 -42.494029399647296 38
      vertex -52.86750080706667 -43.016184849084496 38
    endloop
  endfacet
  facet normal 0 0 1
    outer loop
      vertex -52.57066766893027 -43.78390541984718 38
      vertex -52.48099564266939 -43.96574230107416 38
      vertex -52.68796795855744 -40.584459627182895 38
    endloop
  endfacet
  facet normal 0 0 1
    outer loop
      vertex -52.48099564266939 -43.96574230107416 38
      vertex -52.17341336116494 -43.95100838337128 38
      vertex -52.68796795855744 -40.584459627182895 38
    endloop
  endfacet
  facet normal 0 0 1
    outer loop
      vertex -52.965779445495244 -42.494029399647296 38
      vertex -52.99932774677643 -41.98974339782038 38
      vertex -52.96761108295586 -42.494159381469366 38
    endloop
  endfacet
  facet normal 0 0 1
    outer loop
      vertex -52.82503166633818 -43.1491991547383 38
      vertex -52.84483543436699 -41.25259189946942 38
      vertex -52.86370330515627 -43.014611872293735 38
    endloop
  endfacet
  facet normal 0 0 1
    outer loop
      vertex -52.86370330515627 -43.014611872293735 38
      vertex -52.93520385345771 -41.94438861923578 38
      vertex -52.965779445495244 -42.494029399647296 38
    endloop
  endfacet
  facet normal 0 0 1
    outer loop
      vertex -52.82503166633818 -43.1491991547383 38
      vertex -52.695518130045144 -43.26311419479317 38
      vertex -52.84483543436699 -41.25259189946942 38
    endloop
  endfacet
  facet normal 0 0 1
    outer loop
      vertex -52.965779445495244 -42.494029399647296 38
      vertex -52.93520385345771 -41.94438861923578 38
      vertex -52.99932774677643 -41.98974339782038 38
    endloop
  endfacet
  facet normal 0 0 1
    outer loop
      vertex -52.96761108295586 -42.494159381469366 38
      vertex -52.99932774677643 -41.98974339782038 38
      vertex -52.98946150484082 -42.16078636536021 38
    endloop
  endfacet
  facet normal 0 0 1
    outer loop
      vertex -52.86370330515627 -43.014611872293735 38
      vertex -52.949415634996924 -41.39562880035992 38
      vertex -52.93520385345771 -41.94438861923578 38
    endloop
  endfacet
  facet normal 0 0 1
    outer loop
      vertex -52.86370330515627 -43.014611872293735 38
      vertex -52.84483543436699 -41.25259189946942 38
      vertex -52.949415634996924 -41.39562880035992 38
    endloop
  endfacet
  facet normal 0 0 1
    outer loop
      vertex -52.57066766893027 -43.78390541984718 38
      vertex -52.68796795855744 -40.584459627182895 38
      vertex -52.695518130045144 -43.26311419479317 38
    endloop
  endfacet
  facet normal 0 0 1
    outer loop
      vertex -52.695518130045144 -43.26311419479317 38
      vertex -52.756854904979924 -40.64995858278271 38
      vertex -52.84483543436699 -41.25259189946942 38
    endloop
  endfacet
  facet normal 0 0 1
    outer loop
      vertex -52.695518130045144 -43.26311419479317 38
      vertex -52.68796795855744 -40.584459627182895 38
      vertex -52.756854904979924 -40.64995858278271 38
    endloop
  endfacet
  facet normal 0 0 1
    outer loop
      vertex -52.17341336116494 -43.95100838337128 38
      vertex -52.51471958010439 -40.10264307908925 38
      vertex -52.68796795855744 -40.584459627182895 38
    endloop
  endfacet
  facet normal 0 0 1
    outer loop
      vertex -52.17341336116494 -43.95100838337128 38
      vertex -52.45955837071046 -40.069316515059725 38
      vertex -52.51471958010439 -40.10264307908925 38
    endloop
  endfacet
  facet normal 0 0 1
    outer loop
      vertex -52.17341336116494 -43.95100838337128 38
      vertex -52.44941929314952 -39.97802635230309 38
      vertex -52.45955837071046 -40.069316515059725 38
    endloop
  endfacet
  facet normal 0 0 1
    outer loop
      vertex -52.14887511449114 -44.46302622373296 38
      vertex -51.99567801150309 -44.63771403971522 38
      vertex -51.80347364234249 -39.55228944608937 38
    endloop
  endfacet
  facet normal 0 0 1
    outer loop
      vertex -52.14887511449114 -44.46302622373296 38
      vertex -51.80347364234249 -39.55228944608937 38
      vertex -52.17341336116494 -43.95100838337128 38
    endloop
  endfacet
  facet normal 0 0 1
    outer loop
      vertex -51.82842712474619 -44.63446404367003 38
      vertex -51.43990004313665 -45.09935064166149 38
      vertex -51.80347364234249 -39.55228944608937 38
    endloop
  endfacet
  facet normal 0 0 1
    outer loop
      vertex -51.99567801150309 -44.63771403971522 38
      vertex -51.82842712474619 -44.63446404367003 38
      vertex -51.80347364234249 -39.55228944608937 38
    endloop
  endfacet
  facet normal 0 0 1
    outer loop
      vertex -51.43990004313665 -45.09935064166149 38
      vertex -51 -45.054415589302536 38
      vertex -51.80347364234249 -39.55228944608937 38
    endloop
  endfacet
  facet normal 0 0 1
    outer loop
      vertex -51 -45.054415589302536 38
      vertex -50.54946366625732 -45.409754516216054 38
      vertex -51 -38.53589838486224 38
    endloop
  endfacet
  facet normal 0 0 1
    outer loop
      vertex -50.54946366625732 -45.409754516216054 38
      vertex -50.53073372946036 -45.403805558761746 38
      vertex -51 -38.53589838486224 38
    endloop
  endfacet
  facet normal 0 0 1
    outer loop
      vertex -52.17341336116494 -43.95100838337128 38
      vertex -51.80347364234249 -39.55228944608937 38
      vertex -52.44941929314952 -39.97802635230309 38
    endloop
  endfacet
  facet normal 0 0 1
    outer loop
      vertex -51 -45.054415589302536 38
      vertex -51.8 -39.146642955940834 38
      vertex -51.80347364234249 -39.55228944608937 38
    endloop
  endfacet
  facet normal 0 0 1
    outer loop
      vertex -50.043184308083134 -45.74304859249104 38
      vertex -47.96472381958992 -45.7210014447662 38
      vertex -48.83684225972493 -43.23930607671726 38
    endloop
  endfacet
  facet normal 0 0 1
    outer loop
      vertex -50.043184308083134 -45.74304859249104 38
      vertex -49.16315774027507 -43.23930607671726 38
      vertex -49.32352380637815 -43.20740728286133 38
    endloop
  endfacet
  facet normal 0 0 1
    outer loop
      vertex -50.043184308083134 -45.74304859249104 38
      vertex -49 -43.25 38
      vertex -49.16315774027507 -43.23930607671726 38
    endloop
  endfacet
  facet normal 0 0 1
    outer loop
      vertex -50.043184308083134 -45.74304859249104 38
      vertex -48.83684225972493 -43.23930607671726 38
      vertex -49 -43.25 38
    endloop
  endfacet
  facet normal 0 0 1
    outer loop
      vertex -47.96472381958992 -45.7210014447662 38
      vertex -47.5410546284711 -44.600239442469125 38
      vertex -48.008308324635955 -42.760951786260904 38
    endloop
  endfacet
  facet normal 0 0 1
    outer loop
      vertex -50.043184308083134 -45.74304859249104 38
      vertex -49.991691675364045 -42.760951786260904 38
      vertex -50.082531754730546 -42.625 38
    endloop
  endfacet
  facet normal 0 0 1
    outer loop
      vertex -50.043184308083134 -45.74304859249104 38
      vertex -49.625 -43.082531754730546 38
      vertex -49.760951786260904 -42.991691675364045 38
    endloop
  endfacet
  facet normal 0 0 1
    outer loop
      vertex -50.043184308083134 -45.74304859249104 38
      vertex -49.760951786260904 -42.991691675364045 38
      vertex -49.883883476483184 -42.883883476483184 38
    endloop
  endfacet
  facet normal 0 0 1
    outer loop
      vertex -50.043184308083134 -45.74304859249104 38
      vertex -49.883883476483184 -42.883883476483184 38
      vertex -49.991691675364045 -42.760951786260904 38
    endloop
  endfacet
  facet normal 0 0 1
    outer loop
      vertex -50.043184308083134 -45.74304859249104 38
      vertex -50.154849415639106 -42.47835429045636 38
      vertex -50.20740728286133 -42.32352380637815 38
    endloop
  endfacet
  facet normal 0 0 1
    outer loop
      vertex -50.043184308083134 -45.74304859249104 38
      vertex -50.082531754730546 -42.625 38
      vertex -50.154849415639106 -42.47835429045636 38
    endloop
  endfacet
  facet normal 0 0 1
    outer loop
      vertex -50.043184308083134 -45.74304859249104 38
      vertex -50.20740728286133 -42.32352380637815 38
      vertex -50.23930607671726 -42.16315774027507 38
    endloop
  endfacet
  facet normal 0 0 1
    outer loop
      vertex -50.043184308083134 -45.74304859249104 38
      vertex -50.53073372946036 -38.304481869954856 38
      vertex -50.53073372946036 -45.403805558761746 38
    endloop
  endfacet
  facet normal 0 0 1
    outer loop
      vertex -50.043184308083134 -45.74304859249104 38
      vertex -50.23930607671726 -42.16315774027507 38
      vertex -50.25 -42 38
    endloop
  endfacet
  facet normal 0 0 1
    outer loop
      vertex -50.043184308083134 -45.74304859249104 38
      vertex -49.47835429045636 -43.154849415639106 38
      vertex -49.625 -43.082531754730546 38
    endloop
  endfacet
  facet normal 0 0 1
    outer loop
      vertex -50.043184308083134 -45.74304859249104 38
      vertex -49.32352380637815 -43.20740728286133 38
      vertex -49.47835429045636 -43.154849415639106 38
    endloop
  endfacet
  facet normal 0 0 1
    outer loop
      vertex -50.043184308083134 -45.74304859249104 38
      vertex -50.25 -42 38
      vertex -50.53073372946036 -38.304481869954856 38
    endloop
  endfacet
  facet normal 0 0 1
    outer loop
      vertex -47.96472381958992 -45.7210014447662 38
      vertex -48.67647619362185 -43.20740728286133 38
      vertex -48.83684225972493 -43.23930607671726 38
    endloop
  endfacet
  facet normal 0 0 1
    outer loop
      vertex -47.96472381958992 -45.7210014447662 38
      vertex -48.52164570954364 -43.154849415639106 38
      vertex -48.67647619362185 -43.20740728286133 38
    endloop
  endfacet
  facet normal 0 0 1
    outer loop
      vertex -47.96472381958992 -45.7210014447662 38
      vertex -48.375 -43.082531754730546 38
      vertex -48.52164570954364 -43.154849415639106 38
    endloop
  endfacet
  facet normal 0 0 1
    outer loop
      vertex -47.96472381958992 -45.7210014447662 38
      vertex -48.239048213739096 -42.991691675364045 38
      vertex -48.375 -43.082531754730546 38
    endloop
  endfacet
  facet normal 0 0 1
    outer loop
      vertex -47.96472381958992 -45.7210014447662 38
      vertex -48.116116523516816 -42.883883476483184 38
      vertex -48.239048213739096 -42.991691675364045 38
    endloop
  endfacet
  facet normal 0 0 1
    outer loop
      vertex -47.96472381958992 -45.7210014447662 38
      vertex -48.008308324635955 -42.760951786260904 38
      vertex -48.116116523516816 -42.883883476483184 38
    endloop
  endfacet
  facet normal 0 0 1
    outer loop
      vertex -47.5410546284711 -44.600239442469125 38
      vertex -47.917468245269454 -42.625 38
      vertex -48.008308324635955 -42.760951786260904 38
    endloop
  endfacet
  facet normal 0 0 1
    outer loop
      vertex -47.5410546284711 -44.600239442469125 38
      vertex -47.845150584360894 -42.47835429045636 38
      vertex -47.917468245269454 -42.625 38
    endloop
  endfacet
  facet normal 0 0 1
    outer loop
      vertex -47.5410546284711 -44.600239442469125 38
      vertex -47.79259271713867 -42.32352380637815 38
      vertex -47.845150584360894 -42.47835429045636 38
    endloop
  endfacet
  facet normal 0 0 1
    outer loop
      vertex -47.5410546284711 -44.600239442469125 38
      vertex -47.76069392328274 -42.16315774027507 38
      vertex -47.79259271713867 -42.32352380637815 38
    endloop
  endfacet
  facet normal 0 0 1
    outer loop
      vertex -47.5410546284711 -44.600239442469125 38
      vertex -47.75 -42 38
      vertex -47.76069392328274 -42.16315774027507 38
    endloop
  endfacet
  facet normal 0 0 1
    outer loop
      vertex -47.5410546284711 -44.600239442469125 38
      vertex -47.96472381958992 -38.13629669484373 38
      vertex -47.75 -42 38
    endloop
  endfacet
  facet normal 0 0 1
    outer loop
      vertex -51 -45.054415589302536 38
      vertex -51.435045716034885 -38.82658663883506 38
      vertex -51.8 -39.146642955940834 38
    endloop
  endfacet
  facet normal 0 0 1
    outer loop
      vertex -51 -45.054415589302536 38
      vertex -51 -38.53589838486224 38
      vertex -51.435045716034885 -38.82658663883506 38
    endloop
  endfacet
  facet normal 0 0 1
    outer loop
      vertex -50.53073372946036 -45.403805558761746 38
      vertex -50.53073372946036 -38.304481869954856 38
      vertex -51 -38.53589838486224 38
    endloop
  endfacet
  facet normal 0 0 1
    outer loop
      vertex -50.53073372946036 -38.304481869954856 38
      vertex -50.25 -42 38
      vertex -50.23930607671726 -41.83684225972493 38
    endloop
  endfacet
  facet normal 0 0 1
    outer loop
      vertex -50.53073372946036 -38.304481869954856 38
      vertex -50.23930607671726 -41.83684225972493 38
      vertex -50.20740728286133 -41.67647619362185 38
    endloop
  endfacet
  facet normal 0 0 1
    outer loop
      vertex -50.53073372946036 -38.304481869954856 38
      vertex -50.20740728286133 -41.67647619362185 38
      vertex -50.154849415639106 -41.52164570954364 38
    endloop
  endfacet
  facet normal 0 0 1
    outer loop
      vertex -50.53073372946036 -38.304481869954856 38
      vertex -50.154849415639106 -41.52164570954364 38
      vertex -50.082531754730546 -41.375 38
    endloop
  endfacet
  facet normal 0 0 1
    outer loop
      vertex -50.53073372946036 -38.304481869954856 38
      vertex -50.082531754730546 -41.375 38
      vertex -49.991691675364045 -41.239048213739096 38
    endloop
  endfacet
  facet normal 0 0 1
    outer loop
      vertex -50.53073372946036 -38.304481869954856 38
      vertex -49.991691675364045 -41.239048213739096 38
      vertex -49.883883476483184 -41.116116523516816 38
    endloop
  endfacet
  facet normal 0 0 1
    outer loop
      vertex -50.53073372946036 -38.304481869954856 38
      vertex -49.883883476483184 -41.116116523516816 38
      vertex -49.760951786260904 -41.008308324635955 38
    endloop
  endfacet
  facet normal 0 0 1
    outer loop
      vertex -50.53073372946036 -38.304481869954856 38
      vertex -49.760951786260904 -41.008308324635955 38
      vertex -49.625 -40.917468245269454 38
    endloop
  endfacet
  facet normal 0 0 1
    outer loop
      vertex -50.53073372946036 -38.304481869954856 38
      vertex -49.625 -40.917468245269454 38
      vertex -49.47835429045636 -40.845150584360894 38
    endloop
  endfacet
  facet normal 0 0 1
    outer loop
      vertex -50.03527618041008 -38.13629669484373 38
      vertex -49.47835429045636 -40.845150584360894 38
      vertex -49.32352380637815 -40.79259271713867 38
    endloop
  endfacet
  facet normal 0 0 1
    outer loop
      vertex -50.03527618041008 -38.13629669484373 38
      vertex -49.32352380637815 -40.79259271713867 38
      vertex -49.16315774027507 -40.76069392328274 38
    endloop
  endfacet
  facet normal 0 0 1
    outer loop
      vertex -49.522104768880205 -38.034220554504756 38
      vertex -49.16315774027507 -40.76069392328274 38
      vertex -49 -40.75 38
    endloop
  endfacet
  facet normal 0 0 1
    outer loop
      vertex -49.522104768880205 -38.034220554504756 38
      vertex -49 -40.75 38
      vertex -48.83684225972493 -40.76069392328274 38
    endloop
  endfacet
  facet normal 0 0 1
    outer loop
      vertex -50.53073372946036 -38.304481869954856 38
      vertex -49.47835429045636 -40.845150584360894 38
      vertex -50.03527618041008 -38.13629669484373 38
    endloop
  endfacet
  facet normal 0 0 1
    outer loop
      vertex -50.03527618041008 -38.13629669484373 38
      vertex -49.16315774027507 -40.76069392328274 38
      vertex -49.522104768880205 -38.034220554504756 38
    endloop
  endfacet
  facet normal 0 0 1
    outer loop
      vertex -49.522104768880205 -38.034220554504756 38
      vertex -48.83684225972493 -40.76069392328274 38
      vertex -49 -38 38
    endloop
  endfacet
  facet normal 0 0 1
    outer loop
      vertex -49 -38 38
      vertex -48.83684225972493 -40.76069392328274 38
      vertex -48.67647619362185 -40.79259271713867 38
    endloop
  endfacet
  facet normal 0 0 1
    outer loop
      vertex -49 -38 38
      vertex -48.67647619362185 -40.79259271713867 38
      vertex -48.52164570954364 -40.845150584360894 38
    endloop
  endfacet
  facet normal 0 0 1
    outer loop
      vertex -47.96472381958992 -38.13629669484373 38
      vertex -48.239048213739096 -41.008308324635955 38
      vertex -48.116116523516816 -41.116116523516816 38
    endloop
  endfacet
  facet normal 0 0 1
    outer loop
      vertex -48.477895231119795 -38.034220554504756 38
      vertex -48.52164570954364 -40.845150584360894 38
      vertex -48.375 -40.917468245269454 38
    endloop
  endfacet
  facet normal 0 0 1
    outer loop
      vertex -48.477895231119795 -38.034220554504756 38
      vertex -48.375 -40.917468245269454 38
      vertex -48.239048213739096 -41.008308324635955 38
    endloop
  endfacet
  facet normal 0 0 1
    outer loop
      vertex -47.96472381958992 -38.13629669484373 38
      vertex -47.76069392328274 -41.83684225972493 38
      vertex -47.75 -42 38
    endloop
  endfacet
  facet normal 0 0 1
    outer loop
      vertex -47.96472381958992 -38.13629669484373 38
      vertex -47.79259271713867 -41.67647619362185 38
      vertex -47.76069392328274 -41.83684225972493 38
    endloop
  endfacet
  facet normal 0 0 1
    outer loop
      vertex -47.96472381958992 -38.13629669484373 38
      vertex -47.845150584360894 -41.52164570954364 38
      vertex -47.79259271713867 -41.67647619362185 38
    endloop
  endfacet
  facet normal 0 0 1
    outer loop
      vertex -47.96472381958992 -38.13629669484373 38
      vertex -47.917468245269454 -41.375 38
      vertex -47.845150584360894 -41.52164570954364 38
    endloop
  endfacet
  facet normal 0 0 1
    outer loop
      vertex -47.96472381958992 -38.13629669484373 38
      vertex -48.008308324635955 -41.239048213739096 38
      vertex -47.917468245269454 -41.375 38
    endloop
  endfacet
  facet normal 0 0 1
    outer loop
      vertex -47.96472381958992 -38.13629669484373 38
      vertex -48.116116523516816 -41.116116523516816 38
      vertex -48.008308324635955 -41.239048213739096 38
    endloop
  endfacet
  facet normal 0 0 1
    outer loop
      vertex -47.5410546284711 -44.600239442469125 38
      vertex -47.46926627053964 -38.304481869954856 38
      vertex -47.96472381958992 -38.13629669484373 38
    endloop
  endfacet
  facet normal 0 0 1
    outer loop
      vertex -49 -38 38
      vertex -48.52164570954364 -40.845150584360894 38
      vertex -48.477895231119795 -38.034220554504756 38
    endloop
  endfacet
  facet normal 0 0 1
    outer loop
      vertex -48.477895231119795 -38.034220554504756 38
      vertex -48.239048213739096 -41.008308324635955 38
      vertex -47.96472381958992 -38.13629669484373 38
    endloop
  endfacet
  facet normal 0 0 1
    outer loop
      vertex -45.97217546769844 -44.60105795810413 38
      vertex -45.971247664649084 -44.600000001490116 38
      vertex -46.17157287525381 -39.17157287525381 38
    endloop
  endfacet
  facet normal 0 0 1
    outer loop
      vertex -45.971247664649084 -44.600000001490116 38
      vertex -45.82658663883506 -44.435045716034885 38
      vertex -46.17157287525381 -39.17157287525381 38
    endloop
  endfacet
  facet normal 0 0 1
    outer loop
      vertex -45.82658663883506 -44.435045716034885 38
      vertex -45.53589838486224 -44 38
      vertex -45.82658663883506 -39.564954283965115 38
    endloop
  endfacet
  facet normal 0 0 1
    outer loop
      vertex -47.5410546284711 -44.600239442469125 38
      vertex -45.97217546769844 -44.60105795810413 38
      vertex -47.46926627053964 -38.304481869954856 38
    endloop
  endfacet
  facet normal 0 0 1
    outer loop
      vertex -45.53589838486224 -44 38
      vertex -45.53589838486224 -40 38
      vertex -45.82658663883506 -39.564954283965115 38
    endloop
  endfacet
  facet normal 0 0 1
    outer loop
      vertex -45.53589838486224 -44 38
      vertex -45.304481869954856 -43.53073372946036 38
      vertex -45.53589838486224 -40 38
    endloop
  endfacet
  facet normal 0 0 1
    outer loop
      vertex -45.304481869954856 -43.53073372946036 38
      vertex -45.13629669484373 -43.03527618041008 38
      vertex -45.304481869954856 -40.46926627053964 38
    endloop
  endfacet
  facet normal 0 0 1
    outer loop
      vertex -45.13629669484373 -43.03527618041008 38
      vertex -45.034220554504756 -42.522104768880205 38
      vertex -45.13629669484373 -40.96472381958992 38
    endloop
  endfacet
  facet normal 0 0 1
    outer loop
      vertex -45.034220554504756 -42.522104768880205 38
      vertex -45 -42 38
      vertex -45.034220554504756 -41.477895231119795 38
    endloop
  endfacet
  facet normal 0 0 1
    outer loop
      vertex -45.304481869954856 -43.53073372946036 38
      vertex -45.304481869954856 -40.46926627053964 38
      vertex -45.53589838486224 -40 38
    endloop
  endfacet
  facet normal 0 0 1
    outer loop
      vertex -45.13629669484373 -43.03527618041008 38
      vertex -45.13629669484373 -40.96472381958992 38
      vertex -45.304481869954856 -40.46926627053964 38
    endloop
  endfacet
  facet normal 0 0 1
    outer loop
      vertex -45.034220554504756 -42.522104768880205 38
      vertex -45.034220554504756 -41.477895231119795 38
      vertex -45.13629669484373 -40.96472381958992 38
    endloop
  endfacet
  facet normal 0 0 1
    outer loop
      vertex -47.46926627053964 -38.304481869954856 38
      vertex -45.97217546769844 -44.60105795810413 38
      vertex -47 -38.53589838486224 38
    endloop
  endfacet
  facet normal 0 0 1
    outer loop
      vertex -45.97217546769844 -44.60105795810413 38
      vertex -46.564954283965115 -38.82658663883506 38
      vertex -47 -38.53589838486224 38
    endloop
  endfacet
  facet normal 0 0 1
    outer loop
      vertex -45.97217546769844 -44.60105795810413 38
      vertex -46.17157287525381 -39.17157287525381 38
      vertex -46.564954283965115 -38.82658663883506 38
    endloop
  endfacet
  facet normal 0 0 1
    outer loop
      vertex -45.82658663883506 -44.435045716034885 38
      vertex -45.82658663883506 -39.564954283965115 38
      vertex -46.17157287525381 -39.17157287525381 38
    endloop
  endfacet
  facet normal -0.6593458151000638 -0.7518398074789817 0
    outer loop
      vertex -51.600000001490116 38.971247664649084 5.1
      vertex -51.435045716034885 38.82658663883506 5.1
      vertex -51.600000001490116 38.971247664649084 7.7
    endloop
  endfacet
  facet normal -0.555570233019604 -0.8314696123025441 0
    outer loop
      vertex -51.435045716034885 38.82658663883506 5.1
      vertex -51.320425711011154 38.75 5.1
      vertex -51.320425711011154 38.75 8
    endloop
  endfacet
  facet normal -0.6593458151000638 -0.7518398074789817 0
    outer loop
      vertex -51.435045716034885 38.82658663883506 5.1
      vertex -51.435045716034885 38.82658663883506 8
      vertex -51.600000001490116 38.971247664649084 7.7
    endloop
  endfacet
  facet normal -0.555570233019604 -0.8314696123025441 0
    outer loop
      vertex -51.435045716034885 38.82658663883506 5.1
      vertex -51.320425711011154 38.75 8
      vertex -51.435045716034885 38.82658663883506 8
    endloop
  endfacet
  facet normal -0.659345815100064 -0.7518398074789817 0
    outer loop
      vertex -51.8 39.146642955940834 7.7
      vertex -51.600000001490116 38.971247664649084 7.7
      vertex -51.8 39.146642955940834 8
    endloop
  endfacet
  facet normal -0.6593458151000638 -0.7518398074789817 2.3824612588688923e-17
    outer loop
      vertex -51.600000001490116 38.971247664649084 7.7
      vertex -51.435045716034885 38.82658663883506 8
      vertex -51.8 39.146642955940834 8
    endloop
  endfacet
  facet normal 0.44228869021900163 -0.896872741532688 0
    outer loop
      vertex -47.24788906371376 38.41365302692862 5.1
      vertex -47 38.53589838486224 5.1
      vertex -47.24788906371376 38.41365302692862 8
    endloop
  endfacet
  facet normal 0.5555702330196042 -0.8314696123025439 0
    outer loop
      vertex -47 38.53589838486224 5.1
      vertex -46.564954283965115 38.82658663883506 5.1
      vertex -47 38.53589838486224 8
    endloop
  endfacet
  facet normal 0.6593458151000673 -0.7518398074789786 0
    outer loop
      vertex -46.564954283965115 38.82658663883506 5.1
      vertex -46.17157287525381 39.17157287525381 5.1
      vertex -46.564954283965115 38.82658663883506 8
    endloop
  endfacet
  facet normal 0.7518398074789786 -0.6593458151000673 0
    outer loop
      vertex -46.17157287525381 39.17157287525381 5.1
      vertex -45.82658663883506 39.564954283965115 5.1
      vertex -46.17157287525381 39.17157287525381 8
    endloop
  endfacet
  facet normal 0.44228869021900163 -0.896872741532688 0
    outer loop
      vertex -47 38.53589838486224 5.1
      vertex -47 38.53589838486224 8
      vertex -47.24788906371376 38.41365302692862 8
    endloop
  endfacet
  facet normal 0.5555702330196042 -0.8314696123025439 0
    outer loop
      vertex -46.564954283965115 38.82658663883506 5.1
      vertex -46.564954283965115 38.82658663883506 8
      vertex -47 38.53589838486224 8
    endloop
  endfacet
  facet normal 0.6593458151000673 -0.7518398074789786 0
    outer loop
      vertex -46.17157287525381 39.17157287525381 5.1
      vertex -46.17157287525381 39.17157287525381 8
      vertex -46.564954283965115 38.82658663883506 8
    endloop
  endfacet
  facet normal 0.7518398074789764 -0.6593458151000701 -6.572043777349375e-16
    outer loop
      vertex -45.82658663883506 39.564954283965115 5.1
      vertex -45.839701193893376 39.55 8
      vertex -46.17157287525381 39.17157287525381 8
    endloop
  endfacet
  facet normal 0.8314696123025439 -0.5555702330196043 0
    outer loop
      vertex -45.82658663883506 39.564954283965115 5.1
      vertex -45.53589838486224 40 5.1
      vertex -45.82658663883506 39.564954283965115 38
    endloop
  endfacet
  facet normal 0.8968727415326924 -0.44228869021899275 0
    outer loop
      vertex -45.53589838486224 40 5.1
      vertex -45.304481869954856 40.46926627053964 5.1
      vertex -45.53589838486224 40 38
    endloop
  endfacet
  facet normal 0.9469301294951059 -0.32143946530316087 0
    outer loop
      vertex -45.304481869954856 40.46926627053964 5.1
      vertex -45.13629669484373 40.96472381958992 5.1
      vertex -45.304481869954856 40.46926627053964 38
    endloop
  endfacet
  facet normal 0.7518398074790394 -0.6593458150999981 0
    outer loop
      vertex -45.82658663883506 39.564954283965115 5.1
      vertex -45.82658663883506 39.564954283965115 38
      vertex -45.839701193893376 39.55 8
    endloop
  endfacet
  facet normal 0.7518398074790391 -0.6593458150999986 0
    outer loop
      vertex -45.82658663883506 39.564954283965115 38
      vertex -45.839701193893376 39.55 9.9
      vertex -45.839701193893376 39.55 8
    endloop
  endfacet
  facet normal 0.9807852804032288 -0.19509032201613669 0
    outer loop
      vertex -45.13629669484373 40.96472381958992 5.1
      vertex -45.034220554504756 41.477895231119795 5.1
      vertex -45.13629669484373 40.96472381958992 38
    endloop
  endfacet
  facet normal 0.9978589232386038 -0.0654031292301393 0
    outer loop
      vertex -45.034220554504756 41.477895231119795 5.1
      vertex -45 42 5.1
      vertex -45.034220554504756 41.477895231119795 38
    endloop
  endfacet
  facet normal 0.9978589232386038 0.0654031292301393 0
    outer loop
      vertex -45 42 5.1
      vertex -45.034220554504756 42.522104768880205 5.1
      vertex -45 42 38
    endloop
  endfacet
  facet normal 0.9469301294951059 0.32143946530316087 0
    outer loop
      vertex -45.13629669484373 43.03527618041008 5.1
      vertex -45.304481869954856 43.53073372946036 5.1
      vertex -45.13629669484373 43.03527618041008 38
    endloop
  endfacet
  facet normal 0.9807852804032288 0.19509032201613669 0
    outer loop
      vertex -45.034220554504756 42.522104768880205 5.1
      vertex -45.13629669484373 43.03527618041008 5.1
      vertex -45.034220554504756 42.522104768880205 38
    endloop
  endfacet
  facet normal 0.8968727415326924 0.44228869021899275 0
    outer loop
      vertex -45.304481869954856 43.53073372946036 5.1
      vertex -45.53589838486224 44 5.1
      vertex -45.304481869954856 43.53073372946036 38
    endloop
  endfacet
  facet normal 0.8314696123025439 0.5555702330196043 0
    outer loop
      vertex -45.53589838486224 44 5.1
      vertex -45.82658663883506 44.435045716034885 5.1
      vertex -45.53589838486224 44 38
    endloop
  endfacet
  facet normal 0.7518398074789817 0.6593458151000638 0
    outer loop
      vertex -45.971247664649084 44.600000001490116 5.1
      vertex -45.971247664649084 44.600000001490116 38
      vertex -45.82658663883506 44.435045716034885 5.1
    endloop
  endfacet
  facet normal -0.659345815100064 -0.7518398074789818 0
    outer loop
      vertex -51.8 39.146642955940834 38
      vertex -51.8 39.146642955940834 9.9
      vertex -51.435045716034885 38.82658663883506 9.9
    endloop
  endfacet
  facet normal -0.5555702330196043 -0.8314696123025439 0
    outer loop
      vertex -51.435045716034885 38.82658663883506 38
      vertex -51.435045716034885 38.82658663883506 9.9
      vertex -51 38.53589838486224 9.9
    endloop
  endfacet
  facet normal -0.4422886902189928 -0.8968727415326925 0
    outer loop
      vertex -51 38.53589838486224 38
      vertex -51 38.53589838486224 9.9
      vertex -50.53073372946036 38.304481869954856 9.9
    endloop
  endfacet
  facet normal -0.19509032201613666 -0.9807852804032288 0
    outer loop
      vertex -50.03527618041008 38.13629669484373 38
      vertex -50.03527618041008 38.13629669484373 9.9
      vertex -49.522104768880205 38.034220554504756 9.9
    endloop
  endfacet
  facet normal -0.06540312923013929 -0.9978589232386037 0
    outer loop
      vertex -49.522104768880205 38.034220554504756 38
      vertex -49.522104768880205 38.034220554504756 9.9
      vertex -49 38 9.9
    endloop
  endfacet
  facet normal 0.06540312923013929 -0.9978589232386037 0
    outer loop
      vertex -49 38 38
      vertex -49 38 9.9
      vertex -48.477895231119795 38.034220554504756 9.9
    endloop
  endfacet
  facet normal 0.19509032201613666 -0.9807852804032288 0
    outer loop
      vertex -48.477895231119795 38.034220554504756 38
      vertex -48.477895231119795 38.034220554504756 9.9
      vertex -47.96472381958992 38.13629669484373 9.9
    endloop
  endfacet
  facet normal -0.32143946530316087 -0.9469301294951059 0
    outer loop
      vertex -50.53073372946036 38.304481869954856 38
      vertex -50.53073372946036 38.304481869954856 9.9
      vertex -50.03527618041008 38.13629669484373 9.9
    endloop
  endfacet
  facet normal 0.32143946530316087 -0.9469301294951059 0
    outer loop
      vertex -47.96472381958992 38.13629669484373 38
      vertex -47.96472381958992 38.13629669484373 9.9
      vertex -47.46926627053964 38.304481869954856 9.9
    endloop
  endfacet
  facet normal 0.4422886902189928 -0.8968727415326925 0
    outer loop
      vertex -47.46926627053964 38.304481869954856 38
      vertex -47.46926627053964 38.304481869954856 9.9
      vertex -47 38.53589838486224 9.9
    endloop
  endfacet
  facet normal 0.5555702330196043 -0.8314696123025439 0
    outer loop
      vertex -47 38.53589838486224 38
      vertex -47 38.53589838486224 9.9
      vertex -46.564954283965115 38.82658663883506 9.9
    endloop
  endfacet
  facet normal 0.6593458151000674 -0.7518398074789787 0
    outer loop
      vertex -46.564954283965115 38.82658663883506 38
      vertex -46.564954283965115 38.82658663883506 9.9
      vertex -46.17157287525381 39.17157287525381 9.9
    endloop
  endfacet
  facet normal 0.7518398074789763 -0.6593458151000701 0
    outer loop
      vertex -46.17157287525381 39.17157287525381 38
      vertex -46.17157287525381 39.17157287525381 9.9
      vertex -45.839701193893376 39.55 9.9
    endloop
  endfacet
  facet normal 0.8314696123025439 -0.5555702330196043 0
    outer loop
      vertex -45.53589838486224 40 5.1
      vertex -45.53589838486224 40 38
      vertex -45.82658663883506 39.564954283965115 38
    endloop
  endfacet
  facet normal 0.8968727415326924 -0.44228869021899275 0
    outer loop
      vertex -45.304481869954856 40.46926627053964 5.1
      vertex -45.304481869954856 40.46926627053964 38
      vertex -45.53589838486224 40 38
    endloop
  endfacet
  facet normal 0.9469301294951059 -0.32143946530316087 0
    outer loop
      vertex -45.13629669484373 40.96472381958992 5.1
      vertex -45.13629669484373 40.96472381958992 38
      vertex -45.304481869954856 40.46926627053964 38
    endloop
  endfacet
  facet normal 0.9807852804032288 -0.19509032201613669 0
    outer loop
      vertex -45.034220554504756 41.477895231119795 5.1
      vertex -45.034220554504756 41.477895231119795 38
      vertex -45.13629669484373 40.96472381958992 38
    endloop
  endfacet
  facet normal 0.9978589232386038 -0.0654031292301393 0
    outer loop
      vertex -45 42 5.1
      vertex -45 42 38
      vertex -45.034220554504756 41.477895231119795 38
    endloop
  endfacet
  facet normal 0.9978589232386038 0.0654031292301393 0
    outer loop
      vertex -45.034220554504756 42.522104768880205 5.1
      vertex -45.034220554504756 42.522104768880205 38
      vertex -45 42 38
    endloop
  endfacet
  facet normal 0.9807852804032288 0.19509032201613669 0
    outer loop
      vertex -45.13629669484373 43.03527618041008 5.1
      vertex -45.13629669484373 43.03527618041008 38
      vertex -45.034220554504756 42.522104768880205 38
    endloop
  endfacet
  facet normal 0.9469301294951059 0.32143946530316087 0
    outer loop
      vertex -45.304481869954856 43.53073372946036 5.1
      vertex -45.304481869954856 43.53073372946036 38
      vertex -45.13629669484373 43.03527618041008 38
    endloop
  endfacet
  facet normal 0.8968727415326924 0.44228869021899275 0
    outer loop
      vertex -45.53589838486224 44 5.1
      vertex -45.53589838486224 44 38
      vertex -45.304481869954856 43.53073372946036 38
    endloop
  endfacet
  facet normal 0.8314696123025439 0.5555702330196043 0
    outer loop
      vertex -45.82658663883506 44.435045716034885 5.1
      vertex -45.82658663883506 44.435045716034885 38
      vertex -45.53589838486224 44 38
    endloop
  endfacet
  facet normal 0.7518398074789817 0.6593458151000638 0
    outer loop
      vertex -45.82658663883506 44.435045716034885 5.1
      vertex -45.971247664649084 44.600000001490116 38
      vertex -45.82658663883506 44.435045716034885 38
    endloop
  endfacet
  facet normal -0.659345815100064 -0.7518398074789818 0
    outer loop
      vertex -51.8 39.146642955940834 38
      vertex -51.435045716034885 38.82658663883506 9.9
      vertex -51.435045716034885 38.82658663883506 38
    endloop
  endfacet
  facet normal -0.5555702330196043 -0.8314696123025439 0
    outer loop
      vertex -51.435045716034885 38.82658663883506 38
      vertex -51 38.53589838486224 9.9
      vertex -51 38.53589838486224 38
    endloop
  endfacet
  facet normal -0.4422886902189928 -0.8968727415326925 0
    outer loop
      vertex -51 38.53589838486224 38
      vertex -50.53073372946036 38.304481869954856 9.9
      vertex -50.53073372946036 38.304481869954856 38
    endloop
  endfacet
  facet normal -0.19509032201613666 -0.9807852804032288 0
    outer loop
      vertex -50.03527618041008 38.13629669484373 38
      vertex -49.522104768880205 38.034220554504756 9.9
      vertex -49.522104768880205 38.034220554504756 38
    endloop
  endfacet
  facet normal -0.06540312923013929 -0.9978589232386037 0
    outer loop
      vertex -49.522104768880205 38.034220554504756 38
      vertex -49 38 9.9
      vertex -49 38 38
    endloop
  endfacet
  facet normal 0.06540312923013929 -0.9978589232386037 0
    outer loop
      vertex -49 38 38
      vertex -48.477895231119795 38.034220554504756 9.9
      vertex -48.477895231119795 38.034220554504756 38
    endloop
  endfacet
  facet normal 0.19509032201613666 -0.9807852804032288 0
    outer loop
      vertex -48.477895231119795 38.034220554504756 38
      vertex -47.96472381958992 38.13629669484373 9.9
      vertex -47.96472381958992 38.13629669484373 38
    endloop
  endfacet
  facet normal -0.32143946530316087 -0.9469301294951059 0
    outer loop
      vertex -50.03527618041008 38.13629669484373 38
      vertex -50.53073372946036 38.304481869954856 38
      vertex -50.03527618041008 38.13629669484373 9.9
    endloop
  endfacet
  facet normal 0.32143946530316087 -0.9469301294951059 0
    outer loop
      vertex -47.96472381958992 38.13629669484373 38
      vertex -47.46926627053964 38.304481869954856 9.9
      vertex -47.46926627053964 38.304481869954856 38
    endloop
  endfacet
  facet normal 0.4422886902189928 -0.8968727415326925 0
    outer loop
      vertex -47.46926627053964 38.304481869954856 38
      vertex -47 38.53589838486224 9.9
      vertex -47 38.53589838486224 38
    endloop
  endfacet
  facet normal 0.5555702330196043 -0.8314696123025439 0
    outer loop
      vertex -47 38.53589838486224 38
      vertex -46.564954283965115 38.82658663883506 9.9
      vertex -46.564954283965115 38.82658663883506 38
    endloop
  endfacet
  facet normal 0.6593458151000674 -0.7518398074789787 0
    outer loop
      vertex -46.564954283965115 38.82658663883506 38
      vertex -46.17157287525381 39.17157287525381 9.9
      vertex -46.17157287525381 39.17157287525381 38
    endloop
  endfacet
  facet normal 0.7518398074789787 -0.6593458151000674 6.607291207510056e-17
    outer loop
      vertex -46.17157287525381 39.17157287525381 38
      vertex -45.839701193893376 39.55 9.9
      vertex -45.82658663883506 39.564954283965115 38
    endloop
  endfacet
  facet normal 0 0 1
    outer loop
      vertex -52.87072017371375 41 38
      vertex -52.46410161513776 41 38
      vertex -52.91253481319722 41.21021638842423 38
    endloop
  endfacet
  facet normal 0 0 1
    outer loop
      vertex -52.44941929314952 39.97802635230309 38
      vertex -51.82842712474619 39.568736059491805 38
      vertex -52.46410161513776 41 38
    endloop
  endfacet
  facet normal 0 0 1
    outer loop
      vertex -51.8 39.146642955940834 38
      vertex -51.435045716034885 38.82658663883506 38
      vertex -51.97237375456299 44.66428745180039 38
    endloop
  endfacet
  facet normal 0 0 1
    outer loop
      vertex -51.81075888105442 39.1560782413937 38
      vertex -51.8 39.146642955940834 38
      vertex -51.97237375456299 44.66428745180039 38
    endloop
  endfacet
  facet normal 0 0 1
    outer loop
      vertex -51.435045716034885 38.82658663883506 38
      vertex -51 38.53589838486224 38
      vertex -51.402231760767265 44.67276914955041 38
    endloop
  endfacet
  facet normal 0 0 1
    outer loop
      vertex -51 38.53589838486224 38
      vertex -50.53073372946036 38.304481869954856 38
      vertex -51.31380722534695 45.2544223307362 38
    endloop
  endfacet
  facet normal 0 0 1
    outer loop
      vertex -50.03527618041008 38.13629669484373 38
      vertex -49.522104768880205 38.034220554504756 38
      vertex -49.883883476483184 41.116116523516816 38
    endloop
  endfacet
  facet normal 0 0 1
    outer loop
      vertex -49.522104768880205 38.034220554504756 38
      vertex -49 38 38
      vertex -49.47835429045636 40.845150584360894 38
    endloop
  endfacet
  facet normal 0 0 1
    outer loop
      vertex -50.03527618041008 38.13629669484373 38
      vertex -49.991691675364045 41.239048213739096 38
      vertex -50.082531754730546 41.375 38
    endloop
  endfacet
  facet normal 0 0 1
    outer loop
      vertex -50.03527618041008 38.13629669484373 38
      vertex -50.082531754730546 41.375 38
      vertex -50.154849415639106 41.52164570954364 38
    endloop
  endfacet
  facet normal 0 0 1
    outer loop
      vertex -50.03527618041008 38.13629669484373 38
      vertex -49.883883476483184 41.116116523516816 38
      vertex -49.991691675364045 41.239048213739096 38
    endloop
  endfacet
  facet normal 0 0 1
    outer loop
      vertex -50.03527618041008 38.13629669484373 38
      vertex -50.50249728673035 45.26471326382076 38
      vertex -50.53073372946036 38.304481869954856 38
    endloop
  endfacet
  facet normal 0 0 1
    outer loop
      vertex -50.03527618041008 38.13629669484373 38
      vertex -50.154849415639106 41.52164570954364 38
      vertex -50.20740728286133 41.67647619362185 38
    endloop
  endfacet
  facet normal 0 0 1
    outer loop
      vertex -50.03527618041008 38.13629669484373 38
      vertex -50.20740728286133 41.67647619362185 38
      vertex -50.23930607671726 41.83684225972493 38
    endloop
  endfacet
  facet normal 0 0 1
    outer loop
      vertex -50.03527618041008 38.13629669484373 38
      vertex -50.23930607671726 41.83684225972493 38
      vertex -50.25 42 38
    endloop
  endfacet
  facet normal 0 0 1
    outer loop
      vertex -49.522104768880205 38.034220554504756 38
      vertex -49.625 40.917468245269454 38
      vertex -49.760951786260904 41.008308324635955 38
    endloop
  endfacet
  facet normal 0 0 1
    outer loop
      vertex -49.522104768880205 38.034220554504756 38
      vertex -49.47835429045636 40.845150584360894 38
      vertex -49.625 40.917468245269454 38
    endloop
  endfacet
  facet normal 0 0 1
    outer loop
      vertex -49.522104768880205 38.034220554504756 38
      vertex -49.760951786260904 41.008308324635955 38
      vertex -49.883883476483184 41.116116523516816 38
    endloop
  endfacet
  facet normal 0 0 1
    outer loop
      vertex -49 38 38
      vertex -49.32352380637815 40.79259271713867 38
      vertex -49.47835429045636 40.845150584360894 38
    endloop
  endfacet
  facet normal 0 0 1
    outer loop
      vertex -49 38 38
      vertex -49.16315774027507 40.76069392328274 38
      vertex -49.32352380637815 40.79259271713867 38
    endloop
  endfacet
  facet normal 0 0 1
    outer loop
      vertex -49 38 38
      vertex -48.477895231119795 38.034220554504756 38
      vertex -49.16315774027507 40.76069392328274 38
    endloop
  endfacet
  facet normal 0 0 1
    outer loop
      vertex -48.477895231119795 38.034220554504756 38
      vertex -47.96472381958992 38.13629669484373 38
      vertex -48.83684225972493 40.76069392328274 38
    endloop
  endfacet
  facet normal 0 0 1
    outer loop
      vertex -47.96472381958992 38.13629669484373 38
      vertex -47.46926627053964 38.304481869954856 38
      vertex -48.52164570954364 40.845150584360894 38
    endloop
  endfacet
  facet normal 0 0 1
    outer loop
      vertex -48.477895231119795 38.034220554504756 38
      vertex -49 40.75 38
      vertex -49.16315774027507 40.76069392328274 38
    endloop
  endfacet
  facet normal 0 0 1
    outer loop
      vertex -48.477895231119795 38.034220554504756 38
      vertex -48.83684225972493 40.76069392328274 38
      vertex -49 40.75 38
    endloop
  endfacet
  facet normal 0 0 1
    outer loop
      vertex -47.96472381958992 38.13629669484373 38
      vertex -48.67647619362185 40.79259271713867 38
      vertex -48.83684225972493 40.76069392328274 38
    endloop
  endfacet
  facet normal 0 0 1
    outer loop
      vertex -47.96472381958992 38.13629669484373 38
      vertex -48.52164570954364 40.845150584360894 38
      vertex -48.67647619362185 40.79259271713867 38
    endloop
  endfacet
  facet normal 0 0 1
    outer loop
      vertex -47.46926627053964 38.304481869954856 38
      vertex -48.375 40.917468245269454 38
      vertex -48.52164570954364 40.845150584360894 38
    endloop
  endfacet
  facet normal 0 0 1
    outer loop
      vertex -47.46926627053964 38.304481869954856 38
      vertex -48.239048213739096 41.008308324635955 38
      vertex -48.375 40.917468245269454 38
    endloop
  endfacet
  facet normal 0 0 1
    outer loop
      vertex -47.46926627053964 38.304481869954856 38
      vertex -48.116116523516816 41.116116523516816 38
      vertex -48.239048213739096 41.008308324635955 38
    endloop
  endfacet
  facet normal 0 0 1
    outer loop
      vertex -47.46926627053964 38.304481869954856 38
      vertex -48.008308324635955 41.239048213739096 38
      vertex -48.116116523516816 41.116116523516816 38
    endloop
  endfacet
  facet normal 0 0 1
    outer loop
      vertex -47.46926627053964 38.304481869954856 38
      vertex -47.917468245269454 41.375 38
      vertex -48.008308324635955 41.239048213739096 38
    endloop
  endfacet
  facet normal 0 0 1
    outer loop
      vertex -47.46926627053964 38.304481869954856 38
      vertex -47.845150584360894 41.52164570954364 38
      vertex -47.917468245269454 41.375 38
    endloop
  endfacet
  facet normal 0 0 1
    outer loop
      vertex -47.46926627053964 38.304481869954856 38
      vertex -47.79259271713867 41.67647619362185 38
      vertex -47.845150584360894 41.52164570954364 38
    endloop
  endfacet
  facet normal 0 0 1
    outer loop
      vertex -47.46926627053964 38.304481869954856 38
      vertex -47.76069392328274 41.83684225972493 38
      vertex -47.79259271713867 41.67647619362185 38
    endloop
  endfacet
  facet normal 0 0 1
    outer loop
      vertex -47.46926627053964 38.304481869954856 38
      vertex -47.75 42 38
      vertex -47.76069392328274 41.83684225972493 38
    endloop
  endfacet
  facet normal 0 0 1
    outer loop
      vertex -47.46926627053964 38.304481869954856 38
      vertex -47 38.53589838486224 38
      vertex -47.46926627053964 45.303187804722924 38
    endloop
  endfacet
  facet normal 0 0 1
    outer loop
      vertex -52.46410161513776 41 38
      vertex -52.965779445495244 41.653757266885435 38
      vertex -52.91253481319722 41.21021638842423 38
    endloop
  endfacet
  facet normal 0 0 1
    outer loop
      vertex -52.965779445495244 41.653757266885435 38
      vertex -52.98956705826625 41.8408240687076 38
      vertex -52.9774063806635 41.65528798195805 38
    endloop
  endfacet
  facet normal 0 0 1
    outer loop
      vertex -52.46410161513776 41 38
      vertex -52.963930689494056 42.49389820301108 38
      vertex -52.965779445495244 41.653757266885435 38
    endloop
  endfacet
  facet normal 0 0 1
    outer loop
      vertex -52.965779445495244 41.653757266885435 38
      vertex -52.96761108295586 42.494159381469366 38
      vertex -52.98956705826625 41.8408240687076 38
    endloop
  endfacet
  facet normal 0 0 1
    outer loop
      vertex -52.965779445495244 41.653757266885435 38
      vertex -52.963930689494056 42.49389820301108 38
      vertex -52.96761108295586 42.494159381469366 38
    endloop
  endfacet
  facet normal 0 0 1
    outer loop
      vertex -52.98956705826625 41.8408240687076 38
      vertex -52.96761108295586 42.494159381469366 38
      vertex -52.978116203421514 42.333882215533514 38
    endloop
  endfacet
  facet normal 0 0 1
    outer loop
      vertex -52.46410161513776 41 38
      vertex -52.944022375486114 42.63148494617006 38
      vertex -52.963930689494056 42.49389820301108 38
    endloop
  endfacet
  facet normal 0 0 1
    outer loop
      vertex -52.46410161513776 41 38
      vertex -52.83787934818261 42.64127873406743 38
      vertex -52.944022375486114 42.63148494617006 38
    endloop
  endfacet
  facet normal 0 0 1
    outer loop
      vertex -52.46410161513776 41 38
      vertex -52.82503166633818 43.1491991547383 38
      vertex -52.83787934818261 42.64127873406743 38
    endloop
  endfacet
  facet normal 0 0 1
    outer loop
      vertex -52.46410161513776 41 38
      vertex -52.684822224652585 43.367545748033294 38
      vertex -52.752834409482325 43.36188541502442 38
    endloop
  endfacet
  facet normal 0 0 1
    outer loop
      vertex -52.46410161513776 41 38
      vertex -52.752834409482325 43.36188541502442 38
      vertex -52.82503166633818 43.1491991547383 38
    endloop
  endfacet
  facet normal 0 0 1
    outer loop
      vertex -52.46410161513776 41 38
      vertex -52.48099564266939 43.96574230107416 38
      vertex -52.684822224652585 43.367545748033294 38
    endloop
  endfacet
  facet normal 0 0 1
    outer loop
      vertex -52.46410161513776 41 38
      vertex -52.46179596595315 43.964822591215466 38
      vertex -52.48099564266939 43.96574230107416 38
    endloop
  endfacet
  facet normal 0 0 1
    outer loop
      vertex -52.684822224652585 43.367545748033294 38
      vertex -52.48099564266939 43.96574230107416 38
      vertex -52.521168323505485 43.88428016289842 38
    endloop
  endfacet
  facet normal 0 0 1
    outer loop
      vertex -52.46410161513776 41 38
      vertex -51.82842712474619 39.568736059491805 38
      vertex -52.46179596595315 43.964822591215466 38
    endloop
  endfacet
  facet normal 0 0 1
    outer loop
      vertex -51.81075888105442 39.1560782413937 38
      vertex -51.97237375456299 44.66428745180039 38
      vertex -51.82842712474619 39.568736059491805 38
    endloop
  endfacet
  facet normal 0 0 1
    outer loop
      vertex -51.82842712474619 39.568736059491805 38
      vertex -52.44674895531398 44.025970090689846 38
      vertex -52.46179596595315 43.964822591215466 38
    endloop
  endfacet
  facet normal 0 0 1
    outer loop
      vertex -51.82842712474619 39.568736059491805 38
      vertex -52.1472813287552 44.03634794684008 38
      vertex -52.44674895531398 44.025970090689846 38
    endloop
  endfacet
  facet normal 0 0 1
    outer loop
      vertex -51.82842712474619 39.568736059491805 38
      vertex -52.08899982457188 44.5313009066303 38
      vertex -52.1472813287552 44.03634794684008 38
    endloop
  endfacet
  facet normal 0 0 1
    outer loop
      vertex -51.82842712474619 39.568736059491805 38
      vertex -51.97237375456299 44.66428745180039 38
      vertex -52.08899982457188 44.5313009066303 38
    endloop
  endfacet
  facet normal 0 0 1
    outer loop
      vertex -51.435045716034885 38.82658663883506 38
      vertex -51.402231760767265 44.67276914955041 38
      vertex -51.97237375456299 44.66428745180039 38
    endloop
  endfacet
  facet normal 0 0 1
    outer loop
      vertex -51 38.53589838486224 38
      vertex -51.31380722534695 45.2544223307362 38
      vertex -51.402231760767265 44.67276914955041 38
    endloop
  endfacet
  facet normal 0 0 1
    outer loop
      vertex -50.53073372946036 38.304481869954856 38
      vertex -50.50249728673035 45.26471326382076 38
      vertex -51.31380722534695 45.2544223307362 38
    endloop
  endfacet
  facet normal 0 0 1
    outer loop
      vertex -51.402231760767265 44.67276914955041 38
      vertex -51.31380722534695 45.2544223307362 38
      vertex -51.31866845212548 45.2511741628487 38
    endloop
  endfacet
  facet normal 0 0 1
    outer loop
      vertex -50.03527618041008 38.13629669484373 38
      vertex -50.25 42 38
      vertex -50.50249728673035 45.26471326382076 38
    endloop
  endfacet
  facet normal 0 0 1
    outer loop
      vertex -50.50249728673035 45.26471326382076 38
      vertex -50.25 42 38
      vertex -50.23930607671726 42.16315774027507 38
    endloop
  endfacet
  facet normal 0 0 1
    outer loop
      vertex -50.50249728673035 45.26471326382076 38
      vertex -50.23930607671726 42.16315774027507 38
      vertex -50.20740728286133 42.32352380637815 38
    endloop
  endfacet
  facet normal 0 0 1
    outer loop
      vertex -50.50249728673035 45.26471326382076 38
      vertex -50.20740728286133 42.32352380637815 38
      vertex -50.154849415639106 42.47835429045636 38
    endloop
  endfacet
  facet normal 0 0 1
    outer loop
      vertex -50.29964609053977 45.77396181324742 38
      vertex -50.154849415639106 42.47835429045636 38
      vertex -50.082531754730546 42.625 38
    endloop
  endfacet
  facet normal 0 0 1
    outer loop
      vertex -50.29964609053977 45.77396181324742 38
      vertex -50.082531754730546 42.625 38
      vertex -49.991691675364045 42.760951786260904 38
    endloop
  endfacet
  facet normal 0 0 1
    outer loop
      vertex -50.29964609053977 45.77396181324742 38
      vertex -49.991691675364045 42.760951786260904 38
      vertex -49.883883476483184 42.883883476483184 38
    endloop
  endfacet
  facet normal 0 0 1
    outer loop
      vertex -50.29964609053977 45.77396181324742 38
      vertex -49.883883476483184 42.883883476483184 38
      vertex -49.760951786260904 42.991691675364045 38
    endloop
  endfacet
  facet normal 0 0 1
    outer loop
      vertex -50.29964609053977 45.77396181324742 38
      vertex -49.760951786260904 42.991691675364045 38
      vertex -49.625 43.082531754730546 38
    endloop
  endfacet
  facet normal 0 0 1
    outer loop
      vertex -50.29964609053977 45.77396181324742 38
      vertex -49.625 43.082531754730546 38
      vertex -49.47835429045636 43.154849415639106 38
    endloop
  endfacet
  facet normal 0 0 1
    outer loop
      vertex -50.29964609053977 45.77396181324742 38
      vertex -49.47835429045636 43.154849415639106 38
      vertex -49.32352380637815 43.20740728286133 38
    endloop
  endfacet
  facet normal 0 0 1
    outer loop
      vertex -47.46926627053964 38.304481869954856 38
      vertex -47.95979391414913 45.788487483027865 38
      vertex -47.75 42 38
    endloop
  endfacet
  facet normal 0 0 1
    outer loop
      vertex -47.95979391414913 45.788487483027865 38
      vertex -48.67647619362185 43.20740728286133 38
      vertex -48.52164570954364 43.154849415639106 38
    endloop
  endfacet
  facet normal 0 0 1
    outer loop
      vertex -47.95979391414913 45.788487483027865 38
      vertex -48.52164570954364 43.154849415639106 38
      vertex -48.375 43.082531754730546 38
    endloop
  endfacet
  facet normal 0 0 1
    outer loop
      vertex -47.95979391414913 45.788487483027865 38
      vertex -48.375 43.082531754730546 38
      vertex -48.239048213739096 42.991691675364045 38
    endloop
  endfacet
  facet normal 0 0 1
    outer loop
      vertex -47.95979391414913 45.788487483027865 38
      vertex -48.239048213739096 42.991691675364045 38
      vertex -48.116116523516816 42.883883476483184 38
    endloop
  endfacet
  facet normal 0 0 1
    outer loop
      vertex -47.95979391414913 45.788487483027865 38
      vertex -47.76069392328274 42.16315774027507 38
      vertex -47.75 42 38
    endloop
  endfacet
  facet normal 0 0 1
    outer loop
      vertex -47.46926627053964 38.304481869954856 38
      vertex -47.46926627053964 45.303187804722924 38
      vertex -47.95979391414913 45.788487483027865 38
    endloop
  endfacet
  facet normal 0 0 1
    outer loop
      vertex -47.95979391414913 45.788487483027865 38
      vertex -47.917468245269454 42.625 38
      vertex -47.845150584360894 42.47835429045636 38
    endloop
  endfacet
  facet normal 0 0 1
    outer loop
      vertex -47.95979391414913 45.788487483027865 38
      vertex -47.79259271713867 42.32352380637815 38
      vertex -47.76069392328274 42.16315774027507 38
    endloop
  endfacet
  facet normal 0 0 1
    outer loop
      vertex -47.95979391414913 45.788487483027865 38
      vertex -47.845150584360894 42.47835429045636 38
      vertex -47.79259271713867 42.32352380637815 38
    endloop
  endfacet
  facet normal 0 0 1
    outer loop
      vertex -47.95979391414913 45.788487483027865 38
      vertex -48.116116523516816 42.883883476483184 38
      vertex -48.008308324635955 42.760951786260904 38
    endloop
  endfacet
  facet normal 0 0 1
    outer loop
      vertex -47.95979391414913 45.788487483027865 38
      vertex -48.008308324635955 42.760951786260904 38
      vertex -47.917468245269454 42.625 38
    endloop
  endfacet
  facet normal 0 0 1
    outer loop
      vertex -50.50249728673035 45.26471326382076 38
      vertex -50.154849415639106 42.47835429045636 38
      vertex -50.29964609053977 45.77396181324742 38
    endloop
  endfacet
  facet normal 0 0 1
    outer loop
      vertex -50.29964609053977 45.77396181324742 38
      vertex -49.32352380637815 43.20740728286133 38
      vertex -49.16315774027507 43.23930607671726 38
    endloop
  endfacet
  facet normal 0 0 1
    outer loop
      vertex -50.29964609053977 45.77396181324742 38
      vertex -49.16315774027507 43.23930607671726 38
      vertex -47.95979391414913 45.788487483027865 38
    endloop
  endfacet
  facet normal 0 0 1
    outer loop
      vertex -50.50249728673035 45.26471326382076 38
      vertex -50.29964609053977 45.77396181324742 38
      vertex -50.31004113076011 45.77043317257357 38
    endloop
  endfacet
  facet normal 0 0 1
    outer loop
      vertex -47.95979391414913 45.788487483027865 38
      vertex -49.16315774027507 43.23930607671726 38
      vertex -49 43.25 38
    endloop
  endfacet
  facet normal 0 0 1
    outer loop
      vertex -47.95979391414913 45.788487483027865 38
      vertex -49 43.25 38
      vertex -48.83684225972493 43.23930607671726 38
    endloop
  endfacet
  facet normal 0 0 1
    outer loop
      vertex -47.95979391414913 45.788487483027865 38
      vertex -48.83684225972493 43.23930607671726 38
      vertex -48.67647619362185 43.20740728286133 38
    endloop
  endfacet
  facet normal 0 0 1
    outer loop
      vertex -50.29964609053977 45.77396181324742 38
      vertex -47.95979391414913 45.788487483027865 38
      vertex -47.960410487216606 45.79789457018794 38
    endloop
  endfacet
  facet normal 0 0 1
    outer loop
      vertex -47.46926627053964 45.303187804722924 38
      vertex -47 38.53589838486224 38
      vertex -46.564954283965115 38.82658663883506 38
    endloop
  endfacet
  facet normal 0 0 1
    outer loop
      vertex -46.564954283965115 38.82658663883506 38
      vertex -46.17157287525381 39.17157287525381 38
      vertex -46.564954283965115 44.74473074146557 38
    endloop
  endfacet
  facet normal 0 0 1
    outer loop
      vertex -46.17157287525381 39.17157287525381 38
      vertex -45.82658663883506 39.564954283965115 38
      vertex -46.564954283965115 44.74473074146557 38
    endloop
  endfacet
  facet normal 0 0 1
    outer loop
      vertex -45.82658663883506 39.564954283965115 38
      vertex -45.53589838486224 40 38
      vertex -45.82658663883506 44.435045716034885 38
    endloop
  endfacet
  facet normal 0 0 1
    outer loop
      vertex -47.46926627053964 45.303187804722924 38
      vertex -46.564954283965115 38.82658663883506 38
      vertex -46.98866510326331 45.29116450974489 38
    endloop
  endfacet
  facet normal 0 0 1
    outer loop
      vertex -46.564954283965115 38.82658663883506 38
      vertex -46.564954283965115 44.74473074146557 38
      vertex -46.98866510326331 45.29116450974489 38
    endloop
  endfacet
  facet normal 0 0 1
    outer loop
      vertex -45.82658663883506 39.564954283965115 38
      vertex -46.01426258932518 44.64904912252274 38
      vertex -46.159820797246944 44.649125063150905 38
    endloop
  endfacet
  facet normal 0 0 1
    outer loop
      vertex -45.82658663883506 39.564954283965115 38
      vertex -46.159820797246944 44.649125063150905 38
      vertex -46.564954283965115 44.74473074146557 38
    endloop
  endfacet
  facet normal 0 0 1
    outer loop
      vertex -45.82658663883506 39.564954283965115 38
      vertex -45.971247664649084 44.600000001490116 38
      vertex -46.01426258932518 44.64904912252274 38
    endloop
  endfacet
  facet normal 0 0 1
    outer loop
      vertex -45.82658663883506 39.564954283965115 38
      vertex -45.82658663883506 44.435045716034885 38
      vertex -45.971247664649084 44.600000001490116 38
    endloop
  endfacet
  facet normal 0 0 1
    outer loop
      vertex -45.53589838486224 40 38
      vertex -45.53589838486224 44 38
      vertex -45.82658663883506 44.435045716034885 38
    endloop
  endfacet
  facet normal 0 0 1
    outer loop
      vertex -45.53589838486224 40 38
      vertex -45.304481869954856 40.46926627053964 38
      vertex -45.53589838486224 44 38
    endloop
  endfacet
  facet normal 0 0 1
    outer loop
      vertex -45.304481869954856 40.46926627053964 38
      vertex -45.13629669484373 40.96472381958992 38
      vertex -45.304481869954856 43.53073372946036 38
    endloop
  endfacet
  facet normal 0 0 1
    outer loop
      vertex -45.13629669484373 40.96472381958992 38
      vertex -45.034220554504756 41.477895231119795 38
      vertex -45.13629669484373 43.03527618041008 38
    endloop
  endfacet
  facet normal 0 0 1
    outer loop
      vertex -45.13629669484373 40.96472381958992 38
      vertex -45.13629669484373 43.03527618041008 38
      vertex -45.304481869954856 43.53073372946036 38
    endloop
  endfacet
  facet normal 0 0 1
    outer loop
      vertex -45.034220554504756 41.477895231119795 38
      vertex -45 42 38
      vertex -45.034220554504756 42.522104768880205 38
    endloop
  endfacet
  facet normal 0 0 1
    outer loop
      vertex -45.034220554504756 41.477895231119795 38
      vertex -45.034220554504756 42.522104768880205 38
      vertex -45.13629669484373 43.03527618041008 38
    endloop
  endfacet
  facet normal 0 0 1
    outer loop
      vertex -45.304481869954856 40.46926627053964 38
      vertex -45.304481869954856 43.53073372946036 38
      vertex -45.53589838486224 44 38
    endloop
  endfacet
  facet normal 0 0 1
    outer loop
      vertex -47.46926627053964 45.303187804722924 38
      vertex -46.98866510326331 45.29116450974489 38
      vertex -46.98985172526668 45.3092688629848 38
    endloop
  endfacet
  facet normal 0 0 1
    outer loop
      vertex -46.564954283965115 44.74473074146557 38
      vertex -46.159820797246944 44.649125063150905 38
      vertex -46.16647566306767 44.750658694956236 38
    endloop
  endfacet
  facet normal -0.7518398074789786 0.6593458151000673 0
    outer loop
      vertex 45.82658663883506 -39.564954283965115 5.1
      vertex 46.17157287525381 -39.17157287525381 8
      vertex 46.17157287525381 -39.17157287525381 5.1
    endloop
  endfacet
  facet normal -0.6593458151000673 0.7518398074789786 0
    outer loop
      vertex 46.17157287525381 -39.17157287525381 5.1
      vertex 46.564954283965115 -38.82658663883506 8
      vertex 46.564954283965115 -38.82658663883506 5.1
    endloop
  endfacet
  facet normal -0.5555702330196042 0.8314696123025439 0
    outer loop
      vertex 46.564954283965115 -38.82658663883506 5.1
      vertex 47 -38.53589838486224 8
      vertex 47 -38.53589838486224 5.1
    endloop
  endfacet
  facet normal -0.44228869021900163 0.896872741532688 0
    outer loop
      vertex 47 -38.53589838486224 5.1
      vertex 47.24788906371376 -38.41365302692862 8
      vertex 47.24788906371376 -38.41365302692862 5.1
    endloop
  endfacet
  facet normal -0.7518398074789764 0.6593458151000701 -6.572043777349375e-16
    outer loop
      vertex 45.82658663883506 -39.564954283965115 5.1
      vertex 45.839701193893376 -39.55 8
      vertex 46.17157287525381 -39.17157287525381 8
    endloop
  endfacet
  facet normal -0.6593458151000673 0.7518398074789786 0
    outer loop
      vertex 46.17157287525381 -39.17157287525381 5.1
      vertex 46.17157287525381 -39.17157287525381 8
      vertex 46.564954283965115 -38.82658663883506 8
    endloop
  endfacet
  facet normal -0.5555702330196042 0.8314696123025439 0
    outer loop
      vertex 46.564954283965115 -38.82658663883506 5.1
      vertex 46.564954283965115 -38.82658663883506 8
      vertex 47 -38.53589838486224 8
    endloop
  endfacet
  facet normal -0.44228869021900163 0.896872741532688 0
    outer loop
      vertex 47 -38.53589838486224 5.1
      vertex 47 -38.53589838486224 8
      vertex 47.24788906371376 -38.41365302692862 8
    endloop
  endfacet
  facet normal 0.555570233019604 0.8314696123025441 0
    outer loop
      vertex 51.320425711011154 -38.75 5.1
      vertex 51.320425711011154 -38.75 8
      vertex 51.435045716034885 -38.82658663883506 5.1
    endloop
  endfacet
  facet normal 0.6593458151000638 0.7518398074789817 0
    outer loop
      vertex 51.435045716034885 -38.82658663883506 5.1
      vertex 51.600000001490116 -38.971247664649084 7.7
      vertex 51.600000001490116 -38.971247664649084 5.1
    endloop
  endfacet
  facet normal 0.555570233019604 0.8314696123025441 0
    outer loop
      vertex 51.435045716034885 -38.82658663883506 5.1
      vertex 51.320425711011154 -38.75 8
      vertex 51.435045716034885 -38.82658663883506 8
    endloop
  endfacet
  facet normal 0.6593458151000638 0.7518398074789817 0
    outer loop
      vertex 51.435045716034885 -38.82658663883506 5.1
      vertex 51.435045716034885 -38.82658663883506 8
      vertex 51.600000001490116 -38.971247664649084 7.7
    endloop
  endfacet
  facet normal 0.659345815100064 0.7518398074789817 0
    outer loop
      vertex 51.600000001490116 -38.971247664649084 7.7
      vertex 51.8 -39.146642955940834 8
      vertex 51.8 -39.146642955940834 7.7
    endloop
  endfacet
  facet normal 0.6593458151000638 0.7518398074789817 2.3824612588688923e-17
    outer loop
      vertex 51.600000001490116 -38.971247664649084 7.7
      vertex 51.435045716034885 -38.82658663883506 8
      vertex 51.8 -39.146642955940834 8
    endloop
  endfacet
  facet normal -0.7518398074789817 -0.6593458151000638 0
    outer loop
      vertex 45.82658663883506 -44.435045716034885 5.1
      vertex 45.971247664649084 -44.600000001490116 5.1
      vertex 45.971247664649084 -44.600000001490116 38
    endloop
  endfacet
  facet normal -0.8314696123025439 -0.5555702330196043 0
    outer loop
      vertex 45.82658663883506 -44.435045716034885 5.1
      vertex 45.53589838486224 -44 38
      vertex 45.53589838486224 -44 5.1
    endloop
  endfacet
  facet normal -0.8968727415326924 -0.44228869021899275 0
    outer loop
      vertex 45.53589838486224 -44 5.1
      vertex 45.304481869954856 -43.53073372946036 38
      vertex 45.304481869954856 -43.53073372946036 5.1
    endloop
  endfacet
  facet normal -0.9807852804032288 -0.19509032201613669 0
    outer loop
      vertex 45.13629669484373 -43.03527618041008 5.1
      vertex 45.034220554504756 -42.522104768880205 38
      vertex 45.034220554504756 -42.522104768880205 5.1
    endloop
  endfacet
  facet normal -0.9469301294951059 -0.32143946530316087 0
    outer loop
      vertex 45.304481869954856 -43.53073372946036 5.1
      vertex 45.13629669484373 -43.03527618041008 38
      vertex 45.13629669484373 -43.03527618041008 5.1
    endloop
  endfacet
  facet normal -0.9978589232386038 -0.0654031292301393 0
    outer loop
      vertex 45.034220554504756 -42.522104768880205 5.1
      vertex 45 -42 38
      vertex 45 -42 5.1
    endloop
  endfacet
  facet normal -0.9978589232386038 0.0654031292301393 0
    outer loop
      vertex 45 -42 5.1
      vertex 45.034220554504756 -41.477895231119795 38
      vertex 45.034220554504756 -41.477895231119795 5.1
    endloop
  endfacet
  facet normal -0.9807852804032288 0.19509032201613669 0
    outer loop
      vertex 45.034220554504756 -41.477895231119795 5.1
      vertex 45.13629669484373 -40.96472381958992 38
      vertex 45.13629669484373 -40.96472381958992 5.1
    endloop
  endfacet
  facet normal -0.9469301294951059 0.32143946530316087 0
    outer loop
      vertex 45.13629669484373 -40.96472381958992 5.1
      vertex 45.304481869954856 -40.46926627053964 38
      vertex 45.304481869954856 -40.46926627053964 5.1
    endloop
  endfacet
  facet normal -0.8968727415326924 0.44228869021899275 0
    outer loop
      vertex 45.304481869954856 -40.46926627053964 5.1
      vertex 45.53589838486224 -40 38
      vertex 45.53589838486224 -40 5.1
    endloop
  endfacet
  facet normal -0.8314696123025439 0.5555702330196043 0
    outer loop
      vertex 45.53589838486224 -40 5.1
      vertex 45.82658663883506 -39.564954283965115 38
      vertex 45.82658663883506 -39.564954283965115 5.1
    endloop
  endfacet
  facet normal -0.7518398074790394 0.6593458150999981 0
    outer loop
      vertex 45.82658663883506 -39.564954283965115 5.1
      vertex 45.82658663883506 -39.564954283965115 38
      vertex 45.839701193893376 -39.55 8
    endloop
  endfacet
  facet normal -0.7518398074790391 0.6593458150999986 0
    outer loop
      vertex 45.82658663883506 -39.564954283965115 38
      vertex 45.839701193893376 -39.55 9.9
      vertex 45.839701193893376 -39.55 8
    endloop
  endfacet
  facet normal -0.7518398074789763 0.6593458151000701 0
    outer loop
      vertex 46.17157287525381 -39.17157287525381 38
      vertex 46.17157287525381 -39.17157287525381 9.9
      vertex 45.839701193893376 -39.55 9.9
    endloop
  endfacet
  facet normal -0.6593458151000674 0.7518398074789787 0
    outer loop
      vertex 46.564954283965115 -38.82658663883506 38
      vertex 46.564954283965115 -38.82658663883506 9.9
      vertex 46.17157287525381 -39.17157287525381 9.9
    endloop
  endfacet
  facet normal -0.5555702330196043 0.8314696123025439 0
    outer loop
      vertex 47 -38.53589838486224 38
      vertex 47 -38.53589838486224 9.9
      vertex 46.564954283965115 -38.82658663883506 9.9
    endloop
  endfacet
  facet normal -0.4422886902189928 0.8968727415326925 0
    outer loop
      vertex 47.46926627053964 -38.304481869954856 38
      vertex 47.46926627053964 -38.304481869954856 9.9
      vertex 47 -38.53589838486224 9.9
    endloop
  endfacet
  facet normal -0.32143946530316087 0.9469301294951059 0
    outer loop
      vertex 47.96472381958992 -38.13629669484373 38
      vertex 47.96472381958992 -38.13629669484373 9.9
      vertex 47.46926627053964 -38.304481869954856 9.9
    endloop
  endfacet
  facet normal 0.32143946530316087 0.9469301294951059 0
    outer loop
      vertex 50.53073372946036 -38.304481869954856 38
      vertex 50.53073372946036 -38.304481869954856 9.9
      vertex 50.03527618041008 -38.13629669484373 9.9
    endloop
  endfacet
  facet normal -0.19509032201613666 0.9807852804032288 0
    outer loop
      vertex 48.477895231119795 -38.034220554504756 38
      vertex 48.477895231119795 -38.034220554504756 9.9
      vertex 47.96472381958992 -38.13629669484373 9.9
    endloop
  endfacet
  facet normal -0.06540312923013929 0.9978589232386037 0
    outer loop
      vertex 49 -38 38
      vertex 49 -38 9.9
      vertex 48.477895231119795 -38.034220554504756 9.9
    endloop
  endfacet
  facet normal 0.06540312923013929 0.9978589232386037 0
    outer loop
      vertex 49.522104768880205 -38.034220554504756 38
      vertex 49.522104768880205 -38.034220554504756 9.9
      vertex 49 -38 9.9
    endloop
  endfacet
  facet normal 0.19509032201613666 0.9807852804032288 0
    outer loop
      vertex 50.03527618041008 -38.13629669484373 38
      vertex 50.03527618041008 -38.13629669484373 9.9
      vertex 49.522104768880205 -38.034220554504756 9.9
    endloop
  endfacet
  facet normal 0.4422886902189928 0.8968727415326925 0
    outer loop
      vertex 51 -38.53589838486224 38
      vertex 51 -38.53589838486224 9.9
      vertex 50.53073372946036 -38.304481869954856 9.9
    endloop
  endfacet
  facet normal 0.5555702330196043 0.8314696123025439 0
    outer loop
      vertex 51.435045716034885 -38.82658663883506 38
      vertex 51.435045716034885 -38.82658663883506 9.9
      vertex 51 -38.53589838486224 9.9
    endloop
  endfacet
  facet normal 0.659345815100064 0.7518398074789818 0
    outer loop
      vertex 51.8 -39.146642955940834 38
      vertex 51.8 -39.146642955940834 9.9
      vertex 51.435045716034885 -38.82658663883506 9.9
    endloop
  endfacet
  facet normal -0.7518398074789817 -0.6593458151000638 0
    outer loop
      vertex 45.82658663883506 -44.435045716034885 5.1
      vertex 45.971247664649084 -44.600000001490116 38
      vertex 45.82658663883506 -44.435045716034885 38
    endloop
  endfacet
  facet normal -0.8314696123025439 -0.5555702330196043 0
    outer loop
      vertex 45.82658663883506 -44.435045716034885 5.1
      vertex 45.82658663883506 -44.435045716034885 38
      vertex 45.53589838486224 -44 38
    endloop
  endfacet
  facet normal -0.8968727415326924 -0.44228869021899275 0
    outer loop
      vertex 45.53589838486224 -44 5.1
      vertex 45.53589838486224 -44 38
      vertex 45.304481869954856 -43.53073372946036 38
    endloop
  endfacet
  facet normal -0.9469301294951059 -0.32143946530316087 0
    outer loop
      vertex 45.304481869954856 -43.53073372946036 5.1
      vertex 45.304481869954856 -43.53073372946036 38
      vertex 45.13629669484373 -43.03527618041008 38
    endloop
  endfacet
  facet normal -0.9807852804032288 -0.19509032201613669 0
    outer loop
      vertex 45.13629669484373 -43.03527618041008 5.1
      vertex 45.13629669484373 -43.03527618041008 38
      vertex 45.034220554504756 -42.522104768880205 38
    endloop
  endfacet
  facet normal -0.9978589232386038 -0.0654031292301393 0
    outer loop
      vertex 45.034220554504756 -42.522104768880205 5.1
      vertex 45.034220554504756 -42.522104768880205 38
      vertex 45 -42 38
    endloop
  endfacet
  facet normal -0.9978589232386038 0.0654031292301393 0
    outer loop
      vertex 45 -42 5.1
      vertex 45 -42 38
      vertex 45.034220554504756 -41.477895231119795 38
    endloop
  endfacet
  facet normal -0.9807852804032288 0.19509032201613669 0
    outer loop
      vertex 45.034220554504756 -41.477895231119795 5.1
      vertex 45.034220554504756 -41.477895231119795 38
      vertex 45.13629669484373 -40.96472381958992 38
    endloop
  endfacet
  facet normal -0.9469301294951059 0.32143946530316087 0
    outer loop
      vertex 45.13629669484373 -40.96472381958992 5.1
      vertex 45.13629669484373 -40.96472381958992 38
      vertex 45.304481869954856 -40.46926627053964 38
    endloop
  endfacet
  facet normal -0.8968727415326924 0.44228869021899275 0
    outer loop
      vertex 45.304481869954856 -40.46926627053964 5.1
      vertex 45.304481869954856 -40.46926627053964 38
      vertex 45.53589838486224 -40 38
    endloop
  endfacet
  facet normal -0.8314696123025439 0.5555702330196043 0
    outer loop
      vertex 45.53589838486224 -40 5.1
      vertex 45.53589838486224 -40 38
      vertex 45.82658663883506 -39.564954283965115 38
    endloop
  endfacet
  facet normal -0.7518398074789787 0.6593458151000674 6.524700067416181e-17
    outer loop
      vertex 45.82658663883506 -39.564954283965115 38
      vertex 46.17157287525381 -39.17157287525381 38
      vertex 45.839701193893376 -39.55 9.9
    endloop
  endfacet
  facet normal -0.6593458151000674 0.7518398074789787 0
    outer loop
      vertex 46.17157287525381 -39.17157287525381 38
      vertex 46.564954283965115 -38.82658663883506 38
      vertex 46.17157287525381 -39.17157287525381 9.9
    endloop
  endfacet
  facet normal -0.5555702330196043 0.8314696123025439 0
    outer loop
      vertex 46.564954283965115 -38.82658663883506 38
      vertex 47 -38.53589838486224 38
      vertex 46.564954283965115 -38.82658663883506 9.9
    endloop
  endfacet
  facet normal -0.4422886902189928 0.8968727415326925 0
    outer loop
      vertex 47 -38.53589838486224 38
      vertex 47.46926627053964 -38.304481869954856 38
      vertex 47 -38.53589838486224 9.9
    endloop
  endfacet
  facet normal -0.32143946530316087 0.9469301294951059 0
    outer loop
      vertex 47.46926627053964 -38.304481869954856 38
      vertex 47.96472381958992 -38.13629669484373 38
      vertex 47.46926627053964 -38.304481869954856 9.9
    endloop
  endfacet
  facet normal 0.32143946530316087 0.9469301294951059 0
    outer loop
      vertex 50.53073372946036 -38.304481869954856 38
      vertex 50.03527618041008 -38.13629669484373 9.9
      vertex 50.03527618041008 -38.13629669484373 38
    endloop
  endfacet
  facet normal -0.19509032201613666 0.9807852804032288 0
    outer loop
      vertex 47.96472381958992 -38.13629669484373 38
      vertex 48.477895231119795 -38.034220554504756 38
      vertex 47.96472381958992 -38.13629669484373 9.9
    endloop
  endfacet
  facet normal -0.06540312923013929 0.9978589232386037 0
    outer loop
      vertex 48.477895231119795 -38.034220554504756 38
      vertex 49 -38 38
      vertex 48.477895231119795 -38.034220554504756 9.9
    endloop
  endfacet
  facet normal 0.06540312923013929 0.9978589232386037 0
    outer loop
      vertex 49 -38 38
      vertex 49.522104768880205 -38.034220554504756 38
      vertex 49 -38 9.9
    endloop
  endfacet
  facet normal 0.19509032201613666 0.9807852804032288 0
    outer loop
      vertex 49.522104768880205 -38.034220554504756 38
      vertex 50.03527618041008 -38.13629669484373 38
      vertex 49.522104768880205 -38.034220554504756 9.9
    endloop
  endfacet
  facet normal 0.4422886902189928 0.8968727415326925 0
    outer loop
      vertex 50.53073372946036 -38.304481869954856 38
      vertex 51 -38.53589838486224 38
      vertex 50.53073372946036 -38.304481869954856 9.9
    endloop
  endfacet
  facet normal 0.5555702330196043 0.8314696123025439 0
    outer loop
      vertex 51 -38.53589838486224 38
      vertex 51.435045716034885 -38.82658663883506 38
      vertex 51 -38.53589838486224 9.9
    endloop
  endfacet
  facet normal 0.659345815100064 0.7518398074789818 0
    outer loop
      vertex 51.435045716034885 -38.82658663883506 38
      vertex 51.8 -39.146642955940834 38
      vertex 51.435045716034885 -38.82658663883506 9.9
    endloop
  endfacet
  facet normal 0 0 1
    outer loop
      vertex 46.77240431508912 -45.312027040397695 38
      vertex 46.564954283965115 -44.74473074146557 38
      vertex 46.74455544213643 -45.29341901840058 38
    endloop
  endfacet
  facet normal 0 0 1
    outer loop
      vertex 45.53589838486224 -44 38
      vertex 45.304481869954856 -40.46926627053964 38
      vertex 45.304481869954856 -43.53073372946036 38
    endloop
  endfacet
  facet normal 0 0 1
    outer loop
      vertex 45.13629669484373 -43.03527618041008 38
      vertex 45.034220554504756 -41.477895231119795 38
      vertex 45.034220554504756 -42.522104768880205 38
    endloop
  endfacet
  facet normal 0 0 1
    outer loop
      vertex 45.034220554504756 -42.522104768880205 38
      vertex 45.034220554504756 -41.477895231119795 38
      vertex 45 -42 38
    endloop
  endfacet
  facet normal 0 0 1
    outer loop
      vertex 45.304481869954856 -43.53073372946036 38
      vertex 45.13629669484373 -40.96472381958992 38
      vertex 45.13629669484373 -43.03527618041008 38
    endloop
  endfacet
  facet normal 0 0 1
    outer loop
      vertex 45.13629669484373 -43.03527618041008 38
      vertex 45.13629669484373 -40.96472381958992 38
      vertex 45.034220554504756 -41.477895231119795 38
    endloop
  endfacet
  facet normal 0 0 1
    outer loop
      vertex 45.304481869954856 -43.53073372946036 38
      vertex 45.304481869954856 -40.46926627053964 38
      vertex 45.13629669484373 -40.96472381958992 38
    endloop
  endfacet
  facet normal 0 0 1
    outer loop
      vertex 45.53589838486224 -44 38
      vertex 45.53589838486224 -40 38
      vertex 45.304481869954856 -40.46926627053964 38
    endloop
  endfacet
  facet normal 0 0 1
    outer loop
      vertex 46.01426258932518 -44.64904912252274 38
      vertex 46.104184463080124 -44.75158536784918 38
      vertex 45.82658663883506 -39.564954283965115 38
    endloop
  endfacet
  facet normal 0 0 1
    outer loop
      vertex 45.82658663883506 -44.435045716034885 38
      vertex 45.53589838486224 -40 38
      vertex 45.53589838486224 -44 38
    endloop
  endfacet
  facet normal 0 0 1
    outer loop
      vertex 45.82658663883506 -44.435045716034885 38
      vertex 45.971247664649084 -44.600000001490116 38
      vertex 45.82658663883506 -39.564954283965115 38
    endloop
  endfacet
  facet normal 0 0 1
    outer loop
      vertex 45.971247664649084 -44.600000001490116 38
      vertex 46.01426258932518 -44.64904912252274 38
      vertex 45.82658663883506 -39.564954283965115 38
    endloop
  endfacet
  facet normal 0 0 1
    outer loop
      vertex 46.104184463080124 -44.75158536784918 38
      vertex 46.564954283965115 -44.74473074146557 38
      vertex 45.82658663883506 -39.564954283965115 38
    endloop
  endfacet
  facet normal 0 0 1
    outer loop
      vertex 46.77240431508912 -45.312027040397695 38
      vertex 46.564954283965115 -38.82658663883506 38
      vertex 46.564954283965115 -44.74473074146557 38
    endloop
  endfacet
  facet normal 0 0 1
    outer loop
      vertex 46.77240431508912 -45.312027040397695 38
      vertex 47.46926627053964 -45.303187804722924 38
      vertex 46.564954283965115 -38.82658663883506 38
    endloop
  endfacet
  facet normal 0 0 1
    outer loop
      vertex 45.82658663883506 -44.435045716034885 38
      vertex 45.82658663883506 -39.564954283965115 38
      vertex 45.53589838486224 -40 38
    endloop
  endfacet
  facet normal 0 0 1
    outer loop
      vertex 46.564954283965115 -44.74473074146557 38
      vertex 46.17157287525381 -39.17157287525381 38
      vertex 45.82658663883506 -39.564954283965115 38
    endloop
  endfacet
  facet normal 0 0 1
    outer loop
      vertex 46.564954283965115 -44.74473074146557 38
      vertex 46.564954283965115 -38.82658663883506 38
      vertex 46.17157287525381 -39.17157287525381 38
    endloop
  endfacet
  facet normal 0 0 1
    outer loop
      vertex 46.564954283965115 -38.82658663883506 38
      vertex 47.46926627053964 -45.303187804722924 38
      vertex 47 -38.53589838486224 38
    endloop
  endfacet
  facet normal 0 0 1
    outer loop
      vertex 47.960410487216606 -45.79789457018794 38
      vertex 50.03527618041008 -45.77666658603411 38
      vertex 47.95979391414913 -45.788487483027865 38
    endloop
  endfacet
  facet normal 0 0 1
    outer loop
      vertex 47.95979391414913 -45.788487483027865 38
      vertex 48.83684225972493 -43.23930607671726 38
      vertex 48.67647619362185 -43.20740728286133 38
    endloop
  endfacet
  facet normal 0 0 1
    outer loop
      vertex 47.95979391414913 -45.788487483027865 38
      vertex 49 -43.25 38
      vertex 48.83684225972493 -43.23930607671726 38
    endloop
  endfacet
  facet normal 0 0 1
    outer loop
      vertex 47.95979391414913 -45.788487483027865 38
      vertex 49.16315774027507 -43.23930607671726 38
      vertex 49 -43.25 38
    endloop
  endfacet
  facet normal 0 0 1
    outer loop
      vertex 47.95979391414913 -45.788487483027865 38
      vertex 50.03527618041008 -45.77666658603411 38
      vertex 49.16315774027507 -43.23930607671726 38
    endloop
  endfacet
  facet normal 0 0 1
    outer loop
      vertex 50.03527618041008 -45.77666658603411 38
      vertex 49.32352380637815 -43.20740728286133 38
      vertex 49.16315774027507 -43.23930607671726 38
    endloop
  endfacet
  facet normal 0 0 1
    outer loop
      vertex 50.03527618041008 -45.77666658603411 38
      vertex 50.03527618041008 -45.772543883174784 38
      vertex 49.760951786260904 -42.991691675364045 38
    endloop
  endfacet
  facet normal 0 0 1
    outer loop
      vertex 50.03527618041008 -45.772543883174784 38
      vertex 50.50249728673035 -45.26471326382076 38
      vertex 49.991691675364045 -42.760951786260904 38
    endloop
  endfacet
  facet normal 0 0 1
    outer loop
      vertex 47.95979391414913 -45.788487483027865 38
      vertex 48.008308324635955 -42.760951786260904 38
      vertex 47.917468245269454 -42.625 38
    endloop
  endfacet
  facet normal 0 0 1
    outer loop
      vertex 47.95979391414913 -45.788487483027865 38
      vertex 48.116116523516816 -42.883883476483184 38
      vertex 48.008308324635955 -42.760951786260904 38
    endloop
  endfacet
  facet normal 0 0 1
    outer loop
      vertex 47.95979391414913 -45.788487483027865 38
      vertex 47.845150584360894 -42.47835429045636 38
      vertex 47.79259271713867 -42.32352380637815 38
    endloop
  endfacet
  facet normal 0 0 1
    outer loop
      vertex 47.95979391414913 -45.788487483027865 38
      vertex 47.79259271713867 -42.32352380637815 38
      vertex 47.76069392328274 -42.16315774027507 38
    endloop
  endfacet
  facet normal 0 0 1
    outer loop
      vertex 47.95979391414913 -45.788487483027865 38
      vertex 47.917468245269454 -42.625 38
      vertex 47.845150584360894 -42.47835429045636 38
    endloop
  endfacet
  facet normal 0 0 1
    outer loop
      vertex 47.95979391414913 -45.788487483027865 38
      vertex 47.46926627053964 -38.304481869954856 38
      vertex 47.46926627053964 -45.303187804722924 38
    endloop
  endfacet
  facet normal 0 0 1
    outer loop
      vertex 47.95979391414913 -45.788487483027865 38
      vertex 47.76069392328274 -42.16315774027507 38
      vertex 47.75 -42 38
    endloop
  endfacet
  facet normal 0 0 1
    outer loop
      vertex 47.95979391414913 -45.788487483027865 38
      vertex 48.375 -43.082531754730546 38
      vertex 48.239048213739096 -42.991691675364045 38
    endloop
  endfacet
  facet normal 0 0 1
    outer loop
      vertex 47.95979391414913 -45.788487483027865 38
      vertex 48.239048213739096 -42.991691675364045 38
      vertex 48.116116523516816 -42.883883476483184 38
    endloop
  endfacet
  facet normal 0 0 1
    outer loop
      vertex 47.95979391414913 -45.788487483027865 38
      vertex 48.52164570954364 -43.154849415639106 38
      vertex 48.375 -43.082531754730546 38
    endloop
  endfacet
  facet normal 0 0 1
    outer loop
      vertex 47.95979391414913 -45.788487483027865 38
      vertex 48.67647619362185 -43.20740728286133 38
      vertex 48.52164570954364 -43.154849415639106 38
    endloop
  endfacet
  facet normal 0 0 1
    outer loop
      vertex 47.95979391414913 -45.788487483027865 38
      vertex 47.75 -42 38
      vertex 47.46926627053964 -38.304481869954856 38
    endloop
  endfacet
  facet normal 0 0 1
    outer loop
      vertex 50.03527618041008 -45.77666658603411 38
      vertex 49.47835429045636 -43.154849415639106 38
      vertex 49.32352380637815 -43.20740728286133 38
    endloop
  endfacet
  facet normal 0 0 1
    outer loop
      vertex 50.03527618041008 -45.77666658603411 38
      vertex 49.625 -43.082531754730546 38
      vertex 49.47835429045636 -43.154849415639106 38
    endloop
  endfacet
  facet normal 0 0 1
    outer loop
      vertex 50.03527618041008 -45.77666658603411 38
      vertex 49.760951786260904 -42.991691675364045 38
      vertex 49.625 -43.082531754730546 38
    endloop
  endfacet
  facet normal 0 0 1
    outer loop
      vertex 50.03527618041008 -45.772543883174784 38
      vertex 49.883883476483184 -42.883883476483184 38
      vertex 49.760951786260904 -42.991691675364045 38
    endloop
  endfacet
  facet normal 0 0 1
    outer loop
      vertex 50.03527618041008 -45.772543883174784 38
      vertex 49.991691675364045 -42.760951786260904 38
      vertex 49.883883476483184 -42.883883476483184 38
    endloop
  endfacet
  facet normal 0 0 1
    outer loop
      vertex 50.50249728673035 -45.26471326382076 38
      vertex 50.082531754730546 -42.625 38
      vertex 49.991691675364045 -42.760951786260904 38
    endloop
  endfacet
  facet normal 0 0 1
    outer loop
      vertex 50.50249728673035 -45.26471326382076 38
      vertex 50.154849415639106 -42.47835429045636 38
      vertex 50.082531754730546 -42.625 38
    endloop
  endfacet
  facet normal 0 0 1
    outer loop
      vertex 50.50249728673035 -45.26471326382076 38
      vertex 50.20740728286133 -42.32352380637815 38
      vertex 50.154849415639106 -42.47835429045636 38
    endloop
  endfacet
  facet normal 0 0 1
    outer loop
      vertex 50.50249728673035 -45.26471326382076 38
      vertex 50.23930607671726 -42.16315774027507 38
      vertex 50.20740728286133 -42.32352380637815 38
    endloop
  endfacet
  facet normal 0 0 1
    outer loop
      vertex 50.50249728673035 -45.26471326382076 38
      vertex 50.25 -42 38
      vertex 50.23930607671726 -42.16315774027507 38
    endloop
  endfacet
  facet normal 0 0 1
    outer loop
      vertex 50.50249728673035 -45.26471326382076 38
      vertex 50.03527618041008 -38.13629669484373 38
      vertex 50.25 -42 38
    endloop
  endfacet
  facet normal 0 0 1
    outer loop
      vertex 50.50249728673035 -45.26471326382076 38
      vertex 51 -45.258402769041936 38
      vertex 50.53073372946036 -38.304481869954856 38
    endloop
  endfacet
  facet normal 0 0 1
    outer loop
      vertex 51 -45.258402769041936 38
      vertex 51 -45.25411726956679 38
      vertex 50.53073372946036 -38.304481869954856 38
    endloop
  endfacet
  facet normal 0 0 1
    outer loop
      vertex 51 -45.25411726956679 38
      vertex 51.402231760767265 -44.67276914955041 38
      vertex 51 -38.53589838486224 38
    endloop
  endfacet
  facet normal 0 0 1
    outer loop
      vertex 51.402231760767265 -44.67276914955041 38
      vertex 51.82842712474619 -44.66642886888513 38
      vertex 51.435045716034885 -38.82658663883506 38
    endloop
  endfacet
  facet normal 0 0 1
    outer loop
      vertex 51.82842712474619 -44.66642886888513 38
      vertex 51.82842712474619 -44.484216879101965 38
      vertex 51.81075888105442 -39.1560782413937 38
    endloop
  endfacet
  facet normal 0 0 1
    outer loop
      vertex 51.82842712474619 -44.484216879101965 38
      vertex 52.1472813287552 -44.03634794684008 38
      vertex 51.82842712474619 -39.568736059491805 38
    endloop
  endfacet
  facet normal 0 0 1
    outer loop
      vertex 52.1472813287552 -44.03634794684008 38
      vertex 52.17341336116494 -44.035442358224785 38
      vertex 51.82842712474619 -39.568736059491805 38
    endloop
  endfacet
  facet normal 0 0 1
    outer loop
      vertex 52.17341336116494 -44.035442358224785 38
      vertex 52.46179596595315 -43.964822591215466 38
      vertex 51.82842712474619 -39.568736059491805 38
    endloop
  endfacet
  facet normal 0 0 1
    outer loop
      vertex 52.46179596595315 -43.964822591215466 38
      vertex 52.46410161513776 -43.96493303725667 38
      vertex 52.46410161513776 -43.87449659885762 38
    endloop
  endfacet
  facet normal 0 0 1
    outer loop
      vertex 52.46179596595315 -43.964822591215466 38
      vertex 52.46410161513776 -43.87449659885762 38
      vertex 52.46410161513776 -41 38
    endloop
  endfacet
  facet normal 0 0 1
    outer loop
      vertex 52.46410161513776 -43.87449659885762 38
      vertex 52.684822224652585 -43.367545748033294 38
      vertex 52.46410161513776 -41 38
    endloop
  endfacet
  facet normal 0 0 1
    outer loop
      vertex 52.684822224652585 -43.367545748033294 38
      vertex 52.695518130045144 -43.366655578330544 38
      vertex 52.46410161513776 -41 38
    endloop
  endfacet
  facet normal 0 0 1
    outer loop
      vertex 52.695518130045144 -43.366655578330544 38
      vertex 52.695518130045144 -43.12270998899002 38
      vertex 52.46410161513776 -41 38
    endloop
  endfacet
  facet normal 0 0 1
    outer loop
      vertex 52.695518130045144 -43.12270998899002 38
      vertex 52.83787934818261 -42.64127873406743 38
      vertex 52.46410161513776 -41 38
    endloop
  endfacet
  facet normal 0 0 1
    outer loop
      vertex 52.83787934818261 -42.64127873406743 38
      vertex 52.86370330515627 -42.63889596466942 38
      vertex 52.46410161513776 -41 38
    endloop
  endfacet
  facet normal 0 0 1
    outer loop
      vertex 52.86370330515627 -42.63889596466942 38
      vertex 52.963930689494056 -42.49389820301108 38
      vertex 52.46410161513776 -41 38
    endloop
  endfacet
  facet normal 0 0 1
    outer loop
      vertex 52.963930689494056 -42.49389820301108 38
      vertex 52.965779445495244 -42.494029399647296 38
      vertex 52.965779445495244 -41.653757266885435 38
    endloop
  endfacet
  facet normal 0 0 1
    outer loop
      vertex 52.46179596595315 -43.964822591215466 38
      vertex 52.46410161513776 -41 38
      vertex 52.189248385741905 -39.806550072420805 38
    endloop
  endfacet
  facet normal 0 0 1
    outer loop
      vertex 52.963930689494056 -42.49389820301108 38
      vertex 52.965779445495244 -41.653757266885435 38
      vertex 52.880203381206115 -41.21646633274266 38
    endloop
  endfacet
  facet normal 0 0 1
    outer loop
      vertex 52.963930689494056 -42.49389820301108 38
      vertex 52.880203381206115 -41.21646633274266 38
      vertex 52.46410161513776 -41 38
    endloop
  endfacet
  facet normal 0 0 1
    outer loop
      vertex 47 -38.53589838486224 38
      vertex 47.46926627053964 -45.303187804722924 38
      vertex 47.46926627053964 -38.304481869954856 38
    endloop
  endfacet
  facet normal 0 0 1
    outer loop
      vertex 47.46926627053964 -38.304481869954856 38
      vertex 47.75 -42 38
      vertex 47.76069392328274 -41.83684225972493 38
    endloop
  endfacet
  facet normal 0 0 1
    outer loop
      vertex 47.46926627053964 -38.304481869954856 38
      vertex 47.76069392328274 -41.83684225972493 38
      vertex 47.79259271713867 -41.67647619362185 38
    endloop
  endfacet
  facet normal 0 0 1
    outer loop
      vertex 47.46926627053964 -38.304481869954856 38
      vertex 47.79259271713867 -41.67647619362185 38
      vertex 47.845150584360894 -41.52164570954364 38
    endloop
  endfacet
  facet normal 0 0 1
    outer loop
      vertex 47.46926627053964 -38.304481869954856 38
      vertex 47.845150584360894 -41.52164570954364 38
      vertex 47.917468245269454 -41.375 38
    endloop
  endfacet
  facet normal 0 0 1
    outer loop
      vertex 47.46926627053964 -38.304481869954856 38
      vertex 47.917468245269454 -41.375 38
      vertex 48.008308324635955 -41.239048213739096 38
    endloop
  endfacet
  facet normal 0 0 1
    outer loop
      vertex 47.46926627053964 -38.304481869954856 38
      vertex 48.008308324635955 -41.239048213739096 38
      vertex 48.116116523516816 -41.116116523516816 38
    endloop
  endfacet
  facet normal 0 0 1
    outer loop
      vertex 47.46926627053964 -38.304481869954856 38
      vertex 48.116116523516816 -41.116116523516816 38
      vertex 48.239048213739096 -41.008308324635955 38
    endloop
  endfacet
  facet normal 0 0 1
    outer loop
      vertex 47.46926627053964 -38.304481869954856 38
      vertex 48.239048213739096 -41.008308324635955 38
      vertex 48.375 -40.917468245269454 38
    endloop
  endfacet
  facet normal 0 0 1
    outer loop
      vertex 47.46926627053964 -38.304481869954856 38
      vertex 48.375 -40.917468245269454 38
      vertex 48.52164570954364 -40.845150584360894 38
    endloop
  endfacet
  facet normal 0 0 1
    outer loop
      vertex 47.96472381958992 -38.13629669484373 38
      vertex 48.52164570954364 -40.845150584360894 38
      vertex 48.67647619362185 -40.79259271713867 38
    endloop
  endfacet
  facet normal 0 0 1
    outer loop
      vertex 47.96472381958992 -38.13629669484373 38
      vertex 48.67647619362185 -40.79259271713867 38
      vertex 48.83684225972493 -40.76069392328274 38
    endloop
  endfacet
  facet normal 0 0 1
    outer loop
      vertex 48.477895231119795 -38.034220554504756 38
      vertex 48.83684225972493 -40.76069392328274 38
      vertex 49 -40.75 38
    endloop
  endfacet
  facet normal 0 0 1
    outer loop
      vertex 48.477895231119795 -38.034220554504756 38
      vertex 49 -40.75 38
      vertex 49.16315774027507 -40.76069392328274 38
    endloop
  endfacet
  facet normal 0 0 1
    outer loop
      vertex 47.46926627053964 -38.304481869954856 38
      vertex 48.52164570954364 -40.845150584360894 38
      vertex 47.96472381958992 -38.13629669484373 38
    endloop
  endfacet
  facet normal 0 0 1
    outer loop
      vertex 47.96472381958992 -38.13629669484373 38
      vertex 48.83684225972493 -40.76069392328274 38
      vertex 48.477895231119795 -38.034220554504756 38
    endloop
  endfacet
  facet normal 0 0 1
    outer loop
      vertex 48.477895231119795 -38.034220554504756 38
      vertex 49.16315774027507 -40.76069392328274 38
      vertex 49 -38 38
    endloop
  endfacet
  facet normal 0 0 1
    outer loop
      vertex 49 -38 38
      vertex 49.16315774027507 -40.76069392328274 38
      vertex 49.32352380637815 -40.79259271713867 38
    endloop
  endfacet
  facet normal 0 0 1
    outer loop
      vertex 49 -38 38
      vertex 49.32352380637815 -40.79259271713867 38
      vertex 49.47835429045636 -40.845150584360894 38
    endloop
  endfacet
  facet normal 0 0 1
    outer loop
      vertex 49.522104768880205 -38.034220554504756 38
      vertex 49.47835429045636 -40.845150584360894 38
      vertex 49.625 -40.917468245269454 38
    endloop
  endfacet
  facet normal 0 0 1
    outer loop
      vertex 49.522104768880205 -38.034220554504756 38
      vertex 49.625 -40.917468245269454 38
      vertex 49.760951786260904 -41.008308324635955 38
    endloop
  endfacet
  facet normal 0 0 1
    outer loop
      vertex 50.03527618041008 -38.13629669484373 38
      vertex 50.23930607671726 -41.83684225972493 38
      vertex 50.25 -42 38
    endloop
  endfacet
  facet normal 0 0 1
    outer loop
      vertex 50.03527618041008 -38.13629669484373 38
      vertex 50.20740728286133 -41.67647619362185 38
      vertex 50.23930607671726 -41.83684225972493 38
    endloop
  endfacet
  facet normal 0 0 1
    outer loop
      vertex 50.03527618041008 -38.13629669484373 38
      vertex 50.154849415639106 -41.52164570954364 38
      vertex 50.20740728286133 -41.67647619362185 38
    endloop
  endfacet
  facet normal 0 0 1
    outer loop
      vertex 50.50249728673035 -45.26471326382076 38
      vertex 50.53073372946036 -38.304481869954856 38
      vertex 50.03527618041008 -38.13629669484373 38
    endloop
  endfacet
  facet normal 0 0 1
    outer loop
      vertex 50.03527618041008 -38.13629669484373 38
      vertex 49.883883476483184 -41.116116523516816 38
      vertex 49.991691675364045 -41.239048213739096 38
    endloop
  endfacet
  facet normal 0 0 1
    outer loop
      vertex 50.03527618041008 -38.13629669484373 38
      vertex 49.760951786260904 -41.008308324635955 38
      vertex 49.883883476483184 -41.116116523516816 38
    endloop
  endfacet
  facet normal 0 0 1
    outer loop
      vertex 50.03527618041008 -38.13629669484373 38
      vertex 50.082531754730546 -41.375 38
      vertex 50.154849415639106 -41.52164570954364 38
    endloop
  endfacet
  facet normal 0 0 1
    outer loop
      vertex 50.03527618041008 -38.13629669484373 38
      vertex 49.991691675364045 -41.239048213739096 38
      vertex 50.082531754730546 -41.375 38
    endloop
  endfacet
  facet normal 0 0 1
    outer loop
      vertex 49 -38 38
      vertex 49.47835429045636 -40.845150584360894 38
      vertex 49.522104768880205 -38.034220554504756 38
    endloop
  endfacet
  facet normal 0 0 1
    outer loop
      vertex 49.522104768880205 -38.034220554504756 38
      vertex 49.760951786260904 -41.008308324635955 38
      vertex 50.03527618041008 -38.13629669484373 38
    endloop
  endfacet
  facet normal 0 0 1
    outer loop
      vertex 51 -45.25411726956679 38
      vertex 51 -38.53589838486224 38
      vertex 50.53073372946036 -38.304481869954856 38
    endloop
  endfacet
  facet normal 0 0 1
    outer loop
      vertex 51.402231760767265 -44.67276914955041 38
      vertex 51.435045716034885 -38.82658663883506 38
      vertex 51 -38.53589838486224 38
    endloop
  endfacet
  facet normal 0 0 1
    outer loop
      vertex 51.82842712474619 -44.484216879101965 38
      vertex 51.82842712474619 -39.568736059491805 38
      vertex 51.81075888105442 -39.1560782413937 38
    endloop
  endfacet
  facet normal 0 0 1
    outer loop
      vertex 51.82842712474619 -44.66642886888513 38
      vertex 51.81075888105442 -39.1560782413937 38
      vertex 51.8 -39.146642955940834 38
    endloop
  endfacet
  facet normal 0 0 1
    outer loop
      vertex 51.82842712474619 -44.66642886888513 38
      vertex 51.8 -39.146642955940834 38
      vertex 51.435045716034885 -38.82658663883506 38
    endloop
  endfacet
  facet normal 0 0 1
    outer loop
      vertex 52.46179596595315 -43.964822591215466 38
      vertex 52.189248385741905 -39.806550072420805 38
      vertex 51.82842712474619 -39.568736059491805 38
    endloop
  endfacet
  facet normal 0 0 1
    outer loop
      vertex 52.880203381206115 -41.21646633274266 38
      vertex 52.866015428175245 -41 38
      vertex 52.46410161513776 -41 38
    endloop
  endfacet
  facet normal -0.7518398074789786 -0.6593458151000673 -6.32220937566878e-16
    outer loop
      vertex 45.82658663883506 39.564954283965115 5.1
      vertex 46.17157287525381 39.17157287525381 5.1
      vertex 45.839701193893376 39.55 8
    endloop
  endfacet
  facet normal -0.6593458151000673 -0.7518398074789786 0
    outer loop
      vertex 46.17157287525381 39.17157287525381 5.1
      vertex 46.564954283965115 38.82658663883506 5.1
      vertex 46.17157287525381 39.17157287525381 8
    endloop
  endfacet
  facet normal -0.5555702330196042 -0.8314696123025439 0
    outer loop
      vertex 46.564954283965115 38.82658663883506 5.1
      vertex 47 38.53589838486224 5.1
      vertex 46.564954283965115 38.82658663883506 8
    endloop
  endfacet
  facet normal -0.44228869021900163 -0.896872741532688 0
    outer loop
      vertex 47 38.53589838486224 5.1
      vertex 47.24788906371376 38.41365302692862 5.1
      vertex 47.24788906371376 38.41365302692862 8
    endloop
  endfacet
  facet normal -0.7518398074789763 -0.6593458151000701 0
    outer loop
      vertex 46.17157287525381 39.17157287525381 5.1
      vertex 46.17157287525381 39.17157287525381 8
      vertex 45.839701193893376 39.55 8
    endloop
  endfacet
  facet normal -0.44228869021900163 -0.896872741532688 0
    outer loop
      vertex 47 38.53589838486224 5.1
      vertex 47.24788906371376 38.41365302692862 8
      vertex 47 38.53589838486224 8
    endloop
  endfacet
  facet normal -0.5555702330196042 -0.8314696123025439 0
    outer loop
      vertex 47 38.53589838486224 5.1
      vertex 47 38.53589838486224 8
      vertex 46.564954283965115 38.82658663883506 8
    endloop
  endfacet
  facet normal -0.6593458151000673 -0.7518398074789786 0
    outer loop
      vertex 46.564954283965115 38.82658663883506 5.1
      vertex 46.564954283965115 38.82658663883506 8
      vertex 46.17157287525381 39.17157287525381 8
    endloop
  endfacet
  facet normal 0.555570233019604 -0.8314696123025441 0
    outer loop
      vertex 51.320425711011154 38.75 5.1
      vertex 51.435045716034885 38.82658663883506 5.1
      vertex 51.320425711011154 38.75 8
    endloop
  endfacet
  facet normal 0.6593458151000638 -0.7518398074789817 0
    outer loop
      vertex 51.435045716034885 38.82658663883506 5.1
      vertex 51.600000001490116 38.971247664649084 5.1
      vertex 51.600000001490116 38.971247664649084 7.7
    endloop
  endfacet
  facet normal 0.555570233019604 -0.8314696123025441 0
    outer loop
      vertex 51.435045716034885 38.82658663883506 5.1
      vertex 51.435045716034885 38.82658663883506 8
      vertex 51.320425711011154 38.75 8
    endloop
  endfacet
  facet normal 0.6593458151000638 -0.7518398074789817 0
    outer loop
      vertex 51.435045716034885 38.82658663883506 5.1
      vertex 51.600000001490116 38.971247664649084 7.7
      vertex 51.435045716034885 38.82658663883506 8
    endloop
  endfacet
  facet normal 0.659345815100064 -0.7518398074789817 4.347447246416646e-17
    outer loop
      vertex 51.600000001490116 38.971247664649084 7.7
      vertex 51.8 39.146642955940834 7.7
      vertex 51.435045716034885 38.82658663883506 8
    endloop
  endfacet
  facet normal 0.659345815100064 -0.7518398074789818 0
    outer loop
      vertex 51.8 39.146642955940834 7.7
      vertex 51.8 39.146642955940834 8
      vertex 51.435045716034885 38.82658663883506 8
    endloop
  endfacet
  facet normal -0.8968727415326924 -0.44228869021899275 0
    outer loop
      vertex 45.53589838486224 40 5.1
      vertex 45.304481869954856 40.46926627053964 38
      vertex 45.304481869954856 40.46926627053964 5.1
    endloop
  endfacet
  facet normal -0.9469301294951059 -0.32143946530316087 0
    outer loop
      vertex 45.13629669484373 40.96472381958992 5.1
      vertex 45.304481869954856 40.46926627053964 5.1
      vertex 45.13629669484373 40.96472381958992 38
    endloop
  endfacet
  facet normal -0.8314696123025439 -0.5555702330196043 0
    outer loop
      vertex 45.53589838486224 40 5.1
      vertex 45.82658663883506 39.564954283965115 5.1
      vertex 45.53589838486224 40 38
    endloop
  endfacet
  facet normal -0.7518398074790394 -0.6593458150999981 0
    outer loop
      vertex 45.82658663883506 39.564954283965115 5.1
      vertex 45.839701193893376 39.55 8
      vertex 45.82658663883506 39.564954283965115 38
    endloop
  endfacet
  facet normal -0.7518398074790391 -0.6593458150999986 0
    outer loop
      vertex 45.82658663883506 39.564954283965115 38
      vertex 45.839701193893376 39.55 8
      vertex 45.839701193893376 39.55 9.9
    endloop
  endfacet
  facet normal -0.9807852804032288 -0.19509032201613669 0
    outer loop
      vertex 45.13629669484373 40.96472381958992 5.1
      vertex 45.034220554504756 41.477895231119795 38
      vertex 45.034220554504756 41.477895231119795 5.1
    endloop
  endfacet
  facet normal -0.9978589232386038 -0.0654031292301393 0
    outer loop
      vertex 45.034220554504756 41.477895231119795 5.1
      vertex 45 42 38
      vertex 45 42 5.1
    endloop
  endfacet
  facet normal -0.9978589232386038 0.0654031292301393 0
    outer loop
      vertex 45 42 5.1
      vertex 45.034220554504756 42.522104768880205 38
      vertex 45.034220554504756 42.522104768880205 5.1
    endloop
  endfacet
  facet normal -0.9807852804032288 0.19509032201613669 0
    outer loop
      vertex 45.034220554504756 42.522104768880205 5.1
      vertex 45.13629669484373 43.03527618041008 38
      vertex 45.13629669484373 43.03527618041008 5.1
    endloop
  endfacet
  facet normal -0.9469301294951059 0.32143946530316087 0
    outer loop
      vertex 45.13629669484373 43.03527618041008 5.1
      vertex 45.304481869954856 43.53073372946036 38
      vertex 45.304481869954856 43.53073372946036 5.1
    endloop
  endfacet
  facet normal -0.8968727415326924 0.44228869021899275 0
    outer loop
      vertex 45.304481869954856 43.53073372946036 5.1
      vertex 45.53589838486224 44 38
      vertex 45.53589838486224 44 5.1
    endloop
  endfacet
  facet normal -0.8314696123025439 0.5555702330196043 0
    outer loop
      vertex 45.53589838486224 44 5.1
      vertex 45.82658663883506 44.435045716034885 38
      vertex 45.82658663883506 44.435045716034885 5.1
    endloop
  endfacet
  facet normal -0.7518398074789817 0.6593458151000638 0
    outer loop
      vertex 45.82658663883506 44.435045716034885 5.1
      vertex 45.82658663883506 44.435045716034885 38
      vertex 45.971247664649084 44.600000001490116 5.1
    endloop
  endfacet
  facet normal -0.7518398074789763 -0.6593458151000701 6.782536282673733e-17
    outer loop
      vertex 45.82658663883506 39.564954283965115 38
      vertex 45.839701193893376 39.55 9.9
      vertex 46.17157287525381 39.17157287525381 9.9
    endloop
  endfacet
  facet normal -0.6593458151000674 -0.7518398074789787 0
    outer loop
      vertex 46.17157287525381 39.17157287525381 38
      vertex 46.17157287525381 39.17157287525381 9.9
      vertex 46.564954283965115 38.82658663883506 9.9
    endloop
  endfacet
  facet normal -0.5555702330196043 -0.8314696123025439 0
    outer loop
      vertex 46.564954283965115 38.82658663883506 38
      vertex 46.564954283965115 38.82658663883506 9.9
      vertex 47 38.53589838486224 9.9
    endloop
  endfacet
  facet normal -0.4422886902189928 -0.8968727415326925 0
    outer loop
      vertex 47 38.53589838486224 38
      vertex 47 38.53589838486224 9.9
      vertex 47.46926627053964 38.304481869954856 9.9
    endloop
  endfacet
  facet normal -0.19509032201613666 -0.9807852804032288 0
    outer loop
      vertex 47.96472381958992 38.13629669484373 38
      vertex 47.96472381958992 38.13629669484373 9.9
      vertex 48.477895231119795 38.034220554504756 9.9
    endloop
  endfacet
  facet normal -0.06540312923013929 -0.9978589232386037 0
    outer loop
      vertex 48.477895231119795 38.034220554504756 38
      vertex 48.477895231119795 38.034220554504756 9.9
      vertex 49 38 9.9
    endloop
  endfacet
  facet normal 0.06540312923013929 -0.9978589232386037 0
    outer loop
      vertex 49 38 38
      vertex 49 38 9.9
      vertex 49.522104768880205 38.034220554504756 9.9
    endloop
  endfacet
  facet normal 0.19509032201613666 -0.9807852804032288 0
    outer loop
      vertex 49.522104768880205 38.034220554504756 38
      vertex 49.522104768880205 38.034220554504756 9.9
      vertex 50.03527618041008 38.13629669484373 9.9
    endloop
  endfacet
  facet normal -0.32143946530316087 -0.9469301294951059 0
    outer loop
      vertex 47.46926627053964 38.304481869954856 38
      vertex 47.46926627053964 38.304481869954856 9.9
      vertex 47.96472381958992 38.13629669484373 9.9
    endloop
  endfacet
  facet normal 0.32143946530316087 -0.9469301294951059 0
    outer loop
      vertex 50.03527618041008 38.13629669484373 38
      vertex 50.03527618041008 38.13629669484373 9.9
      vertex 50.53073372946036 38.304481869954856 9.9
    endloop
  endfacet
  facet normal 0.4422886902189928 -0.8968727415326925 0
    outer loop
      vertex 50.53073372946036 38.304481869954856 38
      vertex 50.53073372946036 38.304481869954856 9.9
      vertex 51 38.53589838486224 9.9
    endloop
  endfacet
  facet normal 0.5555702330196043 -0.8314696123025439 0
    outer loop
      vertex 51 38.53589838486224 38
      vertex 51 38.53589838486224 9.9
      vertex 51.435045716034885 38.82658663883506 9.9
    endloop
  endfacet
  facet normal 0.659345815100064 -0.7518398074789818 0
    outer loop
      vertex 51.435045716034885 38.82658663883506 38
      vertex 51.435045716034885 38.82658663883506 9.9
      vertex 51.8 39.146642955940834 9.9
    endloop
  endfacet
  facet normal -0.8968727415326924 -0.44228869021899275 0
    outer loop
      vertex 45.53589838486224 40 5.1
      vertex 45.53589838486224 40 38
      vertex 45.304481869954856 40.46926627053964 38
    endloop
  endfacet
  facet normal -0.9469301294951059 -0.32143946530316087 0
    outer loop
      vertex 45.304481869954856 40.46926627053964 5.1
      vertex 45.304481869954856 40.46926627053964 38
      vertex 45.13629669484373 40.96472381958992 38
    endloop
  endfacet
  facet normal -0.8314696123025439 -0.5555702330196043 0
    outer loop
      vertex 45.82658663883506 39.564954283965115 5.1
      vertex 45.82658663883506 39.564954283965115 38
      vertex 45.53589838486224 40 38
    endloop
  endfacet
  facet normal -0.9807852804032288 -0.19509032201613669 0
    outer loop
      vertex 45.13629669484373 40.96472381958992 5.1
      vertex 45.13629669484373 40.96472381958992 38
      vertex 45.034220554504756 41.477895231119795 38
    endloop
  endfacet
  facet normal -0.9978589232386038 -0.0654031292301393 0
    outer loop
      vertex 45.034220554504756 41.477895231119795 5.1
      vertex 45.034220554504756 41.477895231119795 38
      vertex 45 42 38
    endloop
  endfacet
  facet normal -0.9978589232386038 0.0654031292301393 0
    outer loop
      vertex 45 42 5.1
      vertex 45 42 38
      vertex 45.034220554504756 42.522104768880205 38
    endloop
  endfacet
  facet normal -0.9807852804032288 0.19509032201613669 0
    outer loop
      vertex 45.034220554504756 42.522104768880205 5.1
      vertex 45.034220554504756 42.522104768880205 38
      vertex 45.13629669484373 43.03527618041008 38
    endloop
  endfacet
  facet normal -0.9469301294951059 0.32143946530316087 0
    outer loop
      vertex 45.13629669484373 43.03527618041008 5.1
      vertex 45.13629669484373 43.03527618041008 38
      vertex 45.304481869954856 43.53073372946036 38
    endloop
  endfacet
  facet normal -0.8968727415326924 0.44228869021899275 0
    outer loop
      vertex 45.304481869954856 43.53073372946036 5.1
      vertex 45.304481869954856 43.53073372946036 38
      vertex 45.53589838486224 44 38
    endloop
  endfacet
  facet normal -0.8314696123025439 0.5555702330196043 0
    outer loop
      vertex 45.53589838486224 44 5.1
      vertex 45.53589838486224 44 38
      vertex 45.82658663883506 44.435045716034885 38
    endloop
  endfacet
  facet normal -0.7518398074789817 0.6593458151000638 0
    outer loop
      vertex 45.971247664649084 44.600000001490116 5.1
      vertex 45.82658663883506 44.435045716034885 38
      vertex 45.971247664649084 44.600000001490116 38
    endloop
  endfacet
  facet normal -0.7518398074789787 -0.6593458151000674 0
    outer loop
      vertex 45.82658663883506 39.564954283965115 38
      vertex 46.17157287525381 39.17157287525381 9.9
      vertex 46.17157287525381 39.17157287525381 38
    endloop
  endfacet
  facet normal -0.5555702330196043 -0.8314696123025439 0
    outer loop
      vertex 46.564954283965115 38.82658663883506 38
      vertex 47 38.53589838486224 9.9
      vertex 47 38.53589838486224 38
    endloop
  endfacet
  facet normal -0.6593458151000674 -0.7518398074789787 0
    outer loop
      vertex 46.17157287525381 39.17157287525381 38
      vertex 46.564954283965115 38.82658663883506 9.9
      vertex 46.564954283965115 38.82658663883506 38
    endloop
  endfacet
  facet normal -0.19509032201613666 -0.9807852804032288 0
    outer loop
      vertex 47.96472381958992 38.13629669484373 38
      vertex 48.477895231119795 38.034220554504756 9.9
      vertex 48.477895231119795 38.034220554504756 38
    endloop
  endfacet
  facet normal -0.06540312923013929 -0.9978589232386037 0
    outer loop
      vertex 48.477895231119795 38.034220554504756 38
      vertex 49 38 9.9
      vertex 49 38 38
    endloop
  endfacet
  facet normal 0.06540312923013929 -0.9978589232386037 0
    outer loop
      vertex 49 38 38
      vertex 49.522104768880205 38.034220554504756 9.9
      vertex 49.522104768880205 38.034220554504756 38
    endloop
  endfacet
  facet normal 0.19509032201613666 -0.9807852804032288 0
    outer loop
      vertex 49.522104768880205 38.034220554504756 38
      vertex 50.03527618041008 38.13629669484373 9.9
      vertex 50.03527618041008 38.13629669484373 38
    endloop
  endfacet
  facet normal -0.4422886902189928 -0.8968727415326925 0
    outer loop
      vertex 47 38.53589838486224 38
      vertex 47.46926627053964 38.304481869954856 9.9
      vertex 47.46926627053964 38.304481869954856 38
    endloop
  endfacet
  facet normal -0.32143946530316087 -0.9469301294951059 0
    outer loop
      vertex 47.96472381958992 38.13629669484373 38
      vertex 47.46926627053964 38.304481869954856 38
      vertex 47.96472381958992 38.13629669484373 9.9
    endloop
  endfacet
  facet normal 0.32143946530316087 -0.9469301294951059 0
    outer loop
      vertex 50.03527618041008 38.13629669484373 38
      vertex 50.53073372946036 38.304481869954856 9.9
      vertex 50.53073372946036 38.304481869954856 38
    endloop
  endfacet
  facet normal 0.4422886902189928 -0.8968727415326925 0
    outer loop
      vertex 50.53073372946036 38.304481869954856 38
      vertex 51 38.53589838486224 9.9
      vertex 51 38.53589838486224 38
    endloop
  endfacet
  facet normal 0.5555702330196043 -0.8314696123025439 0
    outer loop
      vertex 51 38.53589838486224 38
      vertex 51.435045716034885 38.82658663883506 9.9
      vertex 51.435045716034885 38.82658663883506 38
    endloop
  endfacet
  facet normal 0.659345815100064 -0.7518398074789818 0
    outer loop
      vertex 51.435045716034885 38.82658663883506 38
      vertex 51.8 39.146642955940834 9.9
      vertex 51.8 39.146642955940834 38
    endloop
  endfacet
  facet normal 0 0 1
    outer loop
      vertex 45.82658663883506 39.564954283965115 38
      vertex 46.17157287525381 39.17157287525381 38
      vertex 45.82658663883506 44.435045716034885 38
    endloop
  endfacet
  facet normal 0 0 1
    outer loop
      vertex 46.17157287525381 39.17157287525381 38
      vertex 46.564954283965115 38.82658663883506 38
      vertex 45.97217546769844 44.60105795810413 38
    endloop
  endfacet
  facet normal 0 0 1
    outer loop
      vertex 46.564954283965115 38.82658663883506 38
      vertex 47 38.53589838486224 38
      vertex 45.97217546769844 44.60105795810413 38
    endloop
  endfacet
  facet normal 0 0 1
    outer loop
      vertex 47 38.53589838486224 38
      vertex 47.46926627053964 38.304481869954856 38
      vertex 45.97217546769844 44.60105795810413 38
    endloop
  endfacet
  facet normal 0 0 1
    outer loop
      vertex 45.13629669484373 40.96472381958992 38
      vertex 45.034220554504756 42.522104768880205 38
      vertex 45.034220554504756 41.477895231119795 38
    endloop
  endfacet
  facet normal 0 0 1
    outer loop
      vertex 45.13629669484373 40.96472381958992 38
      vertex 45.304481869954856 40.46926627053964 38
      vertex 45.13629669484373 43.03527618041008 38
    endloop
  endfacet
  facet normal 0 0 1
    outer loop
      vertex 45.53589838486224 40 38
      vertex 45.304481869954856 43.53073372946036 38
      vertex 45.304481869954856 40.46926627053964 38
    endloop
  endfacet
  facet normal 0 0 1
    outer loop
      vertex 45.034220554504756 41.477895231119795 38
      vertex 45.034220554504756 42.522104768880205 38
      vertex 45 42 38
    endloop
  endfacet
  facet normal 0 0 1
    outer loop
      vertex 45.13629669484373 40.96472381958992 38
      vertex 45.13629669484373 43.03527618041008 38
      vertex 45.034220554504756 42.522104768880205 38
    endloop
  endfacet
  facet normal 0 0 1
    outer loop
      vertex 45.304481869954856 40.46926627053964 38
      vertex 45.304481869954856 43.53073372946036 38
      vertex 45.13629669484373 43.03527618041008 38
    endloop
  endfacet
  facet normal 0 0 1
    outer loop
      vertex 45.53589838486224 40 38
      vertex 45.53589838486224 44 38
      vertex 45.304481869954856 43.53073372946036 38
    endloop
  endfacet
  facet normal 0 0 1
    outer loop
      vertex 45.53589838486224 40 38
      vertex 45.82658663883506 39.564954283965115 38
      vertex 45.53589838486224 44 38
    endloop
  endfacet
  facet normal 0 0 1
    outer loop
      vertex 45.97217546769844 44.60105795810413 38
      vertex 47.46926627053964 38.304481869954856 38
      vertex 47.5410546284711 44.600239442469125 38
    endloop
  endfacet
  facet normal 0 0 1
    outer loop
      vertex 45.82658663883506 39.564954283965115 38
      vertex 45.82658663883506 44.435045716034885 38
      vertex 45.53589838486224 44 38
    endloop
  endfacet
  facet normal 0 0 1
    outer loop
      vertex 46.17157287525381 39.17157287525381 38
      vertex 45.971247664649084 44.600000001490116 38
      vertex 45.82658663883506 44.435045716034885 38
    endloop
  endfacet
  facet normal 0 0 1
    outer loop
      vertex 46.17157287525381 39.17157287525381 38
      vertex 45.97217546769844 44.60105795810413 38
      vertex 45.971247664649084 44.600000001490116 38
    endloop
  endfacet
  facet normal 0 0 1
    outer loop
      vertex 47.96472381958992 38.13629669484373 38
      vertex 48.477895231119795 38.034220554504756 38
      vertex 48.008308324635955 41.239048213739096 38
    endloop
  endfacet
  facet normal 0 0 1
    outer loop
      vertex 48.477895231119795 38.034220554504756 38
      vertex 49 38 38
      vertex 48.375 40.917468245269454 38
    endloop
  endfacet
  facet normal 0 0 1
    outer loop
      vertex 47.96472381958992 38.13629669484373 38
      vertex 47.5410546284711 44.600239442469125 38
      vertex 47.46926627053964 38.304481869954856 38
    endloop
  endfacet
  facet normal 0 0 1
    outer loop
      vertex 47.96472381958992 38.13629669484373 38
      vertex 48.008308324635955 41.239048213739096 38
      vertex 47.917468245269454 41.375 38
    endloop
  endfacet
  facet normal 0 0 1
    outer loop
      vertex 47.96472381958992 38.13629669484373 38
      vertex 47.917468245269454 41.375 38
      vertex 47.845150584360894 41.52164570954364 38
    endloop
  endfacet
  facet normal 0 0 1
    outer loop
      vertex 47.96472381958992 38.13629669484373 38
      vertex 47.845150584360894 41.52164570954364 38
      vertex 47.79259271713867 41.67647619362185 38
    endloop
  endfacet
  facet normal 0 0 1
    outer loop
      vertex 47.96472381958992 38.13629669484373 38
      vertex 47.79259271713867 41.67647619362185 38
      vertex 47.76069392328274 41.83684225972493 38
    endloop
  endfacet
  facet normal 0 0 1
    outer loop
      vertex 47.96472381958992 38.13629669484373 38
      vertex 47.76069392328274 41.83684225972493 38
      vertex 47.75 42 38
    endloop
  endfacet
  facet normal 0 0 1
    outer loop
      vertex 48.477895231119795 38.034220554504756 38
      vertex 48.375 40.917468245269454 38
      vertex 48.239048213739096 41.008308324635955 38
    endloop
  endfacet
  facet normal 0 0 1
    outer loop
      vertex 48.477895231119795 38.034220554504756 38
      vertex 48.239048213739096 41.008308324635955 38
      vertex 48.116116523516816 41.116116523516816 38
    endloop
  endfacet
  facet normal 0 0 1
    outer loop
      vertex 48.477895231119795 38.034220554504756 38
      vertex 48.116116523516816 41.116116523516816 38
      vertex 48.008308324635955 41.239048213739096 38
    endloop
  endfacet
  facet normal 0 0 1
    outer loop
      vertex 49 38 38
      vertex 48.52164570954364 40.845150584360894 38
      vertex 48.375 40.917468245269454 38
    endloop
  endfacet
  facet normal 0 0 1
    outer loop
      vertex 49 38 38
      vertex 48.67647619362185 40.79259271713867 38
      vertex 48.52164570954364 40.845150584360894 38
    endloop
  endfacet
  facet normal 0 0 1
    outer loop
      vertex 49 38 38
      vertex 49.522104768880205 38.034220554504756 38
      vertex 48.67647619362185 40.79259271713867 38
    endloop
  endfacet
  facet normal 0 0 1
    outer loop
      vertex 49.522104768880205 38.034220554504756 38
      vertex 50.03527618041008 38.13629669484373 38
      vertex 49.16315774027507 40.76069392328274 38
    endloop
  endfacet
  facet normal 0 0 1
    outer loop
      vertex 50.03527618041008 38.13629669484373 38
      vertex 50.53073372946036 38.304481869954856 38
      vertex 49.47835429045636 40.845150584360894 38
    endloop
  endfacet
  facet normal 0 0 1
    outer loop
      vertex 49.522104768880205 38.034220554504756 38
      vertex 48.83684225972493 40.76069392328274 38
      vertex 48.67647619362185 40.79259271713867 38
    endloop
  endfacet
  facet normal 0 0 1
    outer loop
      vertex 49.522104768880205 38.034220554504756 38
      vertex 49 40.75 38
      vertex 48.83684225972493 40.76069392328274 38
    endloop
  endfacet
  facet normal 0 0 1
    outer loop
      vertex 49.522104768880205 38.034220554504756 38
      vertex 49.16315774027507 40.76069392328274 38
      vertex 49 40.75 38
    endloop
  endfacet
  facet normal 0 0 1
    outer loop
      vertex 50.03527618041008 38.13629669484373 38
      vertex 49.32352380637815 40.79259271713867 38
      vertex 49.16315774027507 40.76069392328274 38
    endloop
  endfacet
  facet normal 0 0 1
    outer loop
      vertex 50.03527618041008 38.13629669484373 38
      vertex 49.47835429045636 40.845150584360894 38
      vertex 49.32352380637815 40.79259271713867 38
    endloop
  endfacet
  facet normal 0 0 1
    outer loop
      vertex 50.53073372946036 38.304481869954856 38
      vertex 49.625 40.917468245269454 38
      vertex 49.47835429045636 40.845150584360894 38
    endloop
  endfacet
  facet normal 0 0 1
    outer loop
      vertex 50.53073372946036 38.304481869954856 38
      vertex 49.760951786260904 41.008308324635955 38
      vertex 49.625 40.917468245269454 38
    endloop
  endfacet
  facet normal 0 0 1
    outer loop
      vertex 50.53073372946036 38.304481869954856 38
      vertex 49.883883476483184 41.116116523516816 38
      vertex 49.760951786260904 41.008308324635955 38
    endloop
  endfacet
  facet normal 0 0 1
    outer loop
      vertex 50.53073372946036 38.304481869954856 38
      vertex 49.991691675364045 41.239048213739096 38
      vertex 49.883883476483184 41.116116523516816 38
    endloop
  endfacet
  facet normal 0 0 1
    outer loop
      vertex 50.53073372946036 38.304481869954856 38
      vertex 50.082531754730546 41.375 38
      vertex 49.991691675364045 41.239048213739096 38
    endloop
  endfacet
  facet normal 0 0 1
    outer loop
      vertex 50.53073372946036 38.304481869954856 38
      vertex 50.154849415639106 41.52164570954364 38
      vertex 50.082531754730546 41.375 38
    endloop
  endfacet
  facet normal 0 0 1
    outer loop
      vertex 50.53073372946036 38.304481869954856 38
      vertex 50.20740728286133 41.67647619362185 38
      vertex 50.154849415639106 41.52164570954364 38
    endloop
  endfacet
  facet normal 0 0 1
    outer loop
      vertex 50.53073372946036 38.304481869954856 38
      vertex 50.23930607671726 41.83684225972493 38
      vertex 50.20740728286133 41.67647619362185 38
    endloop
  endfacet
  facet normal 0 0 1
    outer loop
      vertex 50.53073372946036 38.304481869954856 38
      vertex 50.25 42 38
      vertex 50.23930607671726 41.83684225972493 38
    endloop
  endfacet
  facet normal 0 0 1
    outer loop
      vertex 50.53073372946036 38.304481869954856 38
      vertex 51 38.53589838486224 38
      vertex 50.53073372946036 45.403805558761746 38
    endloop
  endfacet
  facet normal 0 0 1
    outer loop
      vertex 51 38.53589838486224 38
      vertex 51.435045716034885 38.82658663883506 38
      vertex 51 45.054415589302536 38
    endloop
  endfacet
  facet normal 0 0 1
    outer loop
      vertex 51.435045716034885 38.82658663883506 38
      vertex 51.8 39.146642955940834 38
      vertex 51 45.054415589302536 38
    endloop
  endfacet
  facet normal 0 0 1
    outer loop
      vertex 51.80347364234249 39.55228944608937 38
      vertex 52.17341336116494 39.796113351676894 38
      vertex 52.17341336116494 43.95100838337128 38
    endloop
  endfacet
  facet normal 0 0 1
    outer loop
      vertex 47.96472381958992 38.13629669484373 38
      vertex 47.75 42 38
      vertex 47.53077751757594 45.71639838481961 38
    endloop
  endfacet
  facet normal 0 0 1
    outer loop
      vertex 47.96472381958992 38.13629669484373 38
      vertex 47.53077751757594 45.71639838481961 38
      vertex 47.5410546284711 44.600239442469125 38
    endloop
  endfacet
  facet normal 0 0 1
    outer loop
      vertex 47.53077751757594 45.71639838481961 38
      vertex 47.75 42 38
      vertex 47.76069392328274 42.16315774027507 38
    endloop
  endfacet
  facet normal 0 0 1
    outer loop
      vertex 47.53077751757594 45.71639838481961 38
      vertex 47.76069392328274 42.16315774027507 38
      vertex 47.79259271713867 42.32352380637815 38
    endloop
  endfacet
  facet normal 0 0 1
    outer loop
      vertex 47.53077751757594 45.71639838481961 38
      vertex 47.79259271713867 42.32352380637815 38
      vertex 47.845150584360894 42.47835429045636 38
    endloop
  endfacet
  facet normal 0 0 1
    outer loop
      vertex 47.53077751757594 45.71639838481961 38
      vertex 47.845150584360894 42.47835429045636 38
      vertex 47.917468245269454 42.625 38
    endloop
  endfacet
  facet normal 0 0 1
    outer loop
      vertex 47.53077751757594 45.71639838481961 38
      vertex 47.917468245269454 42.625 38
      vertex 48.008308324635955 42.760951786260904 38
    endloop
  endfacet
  facet normal 0 0 1
    outer loop
      vertex 47.53077751757594 45.71639838481961 38
      vertex 48.008308324635955 42.760951786260904 38
      vertex 48.116116523516816 42.883883476483184 38
    endloop
  endfacet
  facet normal 0 0 1
    outer loop
      vertex 47.53077751757594 45.71639838481961 38
      vertex 48.116116523516816 42.883883476483184 38
      vertex 48.239048213739096 42.991691675364045 38
    endloop
  endfacet
  facet normal 0 0 1
    outer loop
      vertex 47.53077751757594 45.71639838481961 38
      vertex 48.239048213739096 42.991691675364045 38
      vertex 48.375 43.082531754730546 38
    endloop
  endfacet
  facet normal 0 0 1
    outer loop
      vertex 47.53077751757594 45.71639838481961 38
      vertex 48.375 43.082531754730546 38
      vertex 48.52164570954364 43.154849415639106 38
    endloop
  endfacet
  facet normal 0 0 1
    outer loop
      vertex 47.53077751757594 45.71639838481961 38
      vertex 48.52164570954364 43.154849415639106 38
      vertex 48.67647619362185 43.20740728286133 38
    endloop
  endfacet
  facet normal 0 0 1
    outer loop
      vertex 47.53077751757594 45.71639838481961 38
      vertex 48.67647619362185 43.20740728286133 38
      vertex 48.83684225972493 43.23930607671726 38
    endloop
  endfacet
  facet normal 0 0 1
    outer loop
      vertex 50.53073372946036 38.304481869954856 38
      vertex 50.043184308083134 45.74304859249104 38
      vertex 50.25 42 38
    endloop
  endfacet
  facet normal 0 0 1
    outer loop
      vertex 50.043184308083134 45.74304859249104 38
      vertex 49.32352380637815 43.20740728286133 38
      vertex 49.47835429045636 43.154849415639106 38
    endloop
  endfacet
  facet normal 0 0 1
    outer loop
      vertex 50.043184308083134 45.74304859249104 38
      vertex 49.47835429045636 43.154849415639106 38
      vertex 49.625 43.082531754730546 38
    endloop
  endfacet
  facet normal 0 0 1
    outer loop
      vertex 50.043184308083134 45.74304859249104 38
      vertex 50.23930607671726 42.16315774027507 38
      vertex 50.25 42 38
    endloop
  endfacet
  facet normal 0 0 1
    outer loop
      vertex 50.53073372946036 38.304481869954856 38
      vertex 50.53073372946036 45.403805558761746 38
      vertex 50.043184308083134 45.74304859249104 38
    endloop
  endfacet
  facet normal 0 0 1
    outer loop
      vertex 50.043184308083134 45.74304859249104 38
      vertex 50.20740728286133 42.32352380637815 38
      vertex 50.23930607671726 42.16315774027507 38
    endloop
  endfacet
  facet normal 0 0 1
    outer loop
      vertex 50.043184308083134 45.74304859249104 38
      vertex 50.082531754730546 42.625 38
      vertex 50.154849415639106 42.47835429045636 38
    endloop
  endfacet
  facet normal 0 0 1
    outer loop
      vertex 50.043184308083134 45.74304859249104 38
      vertex 50.154849415639106 42.47835429045636 38
      vertex 50.20740728286133 42.32352380637815 38
    endloop
  endfacet
  facet normal 0 0 1
    outer loop
      vertex 50.043184308083134 45.74304859249104 38
      vertex 49.760951786260904 42.991691675364045 38
      vertex 49.883883476483184 42.883883476483184 38
    endloop
  endfacet
  facet normal 0 0 1
    outer loop
      vertex 50.043184308083134 45.74304859249104 38
      vertex 49.883883476483184 42.883883476483184 38
      vertex 49.991691675364045 42.760951786260904 38
    endloop
  endfacet
  facet normal 0 0 1
    outer loop
      vertex 50.043184308083134 45.74304859249104 38
      vertex 49.625 43.082531754730546 38
      vertex 49.760951786260904 42.991691675364045 38
    endloop
  endfacet
  facet normal 0 0 1
    outer loop
      vertex 50.043184308083134 45.74304859249104 38
      vertex 49.991691675364045 42.760951786260904 38
      vertex 50.082531754730546 42.625 38
    endloop
  endfacet
  facet normal 0 0 1
    outer loop
      vertex 47.53077751757594 45.71639838481961 38
      vertex 48.83684225972493 43.23930607671726 38
      vertex 50.043184308083134 45.74304859249104 38
    endloop
  endfacet
  facet normal 0 0 1
    outer loop
      vertex 50.043184308083134 45.74304859249104 38
      vertex 48.83684225972493 43.23930607671726 38
      vertex 49 43.25 38
    endloop
  endfacet
  facet normal 0 0 1
    outer loop
      vertex 50.043184308083134 45.74304859249104 38
      vertex 49 43.25 38
      vertex 49.16315774027507 43.23930607671726 38
    endloop
  endfacet
  facet normal 0 0 1
    outer loop
      vertex 50.043184308083134 45.74304859249104 38
      vertex 49.16315774027507 43.23930607671726 38
      vertex 49.32352380637815 43.20740728286133 38
    endloop
  endfacet
  facet normal 0 0 1
    outer loop
      vertex 51.8 39.146642955940834 38
      vertex 51.80347364234249 39.55228944608937 38
      vertex 51 45.054415589302536 38
    endloop
  endfacet
  facet normal 0 0 1
    outer loop
      vertex 52.17341336116494 39.796113351676894 38
      vertex 52.45955837071046 40.069316515059725 38
      vertex 52.17341336116494 43.95100838337128 38
    endloop
  endfacet
  facet normal 0 0 1
    outer loop
      vertex 51 38.53589838486224 38
      vertex 50.54946366625732 45.409754516216054 38
      vertex 50.53073372946036 45.403805558761746 38
    endloop
  endfacet
  facet normal 0 0 1
    outer loop
      vertex 51 38.53589838486224 38
      vertex 51 45.054415589302536 38
      vertex 50.54946366625732 45.409754516216054 38
    endloop
  endfacet
  facet normal 0 0 1
    outer loop
      vertex 51.80347364234249 39.55228944608937 38
      vertex 51.43990004313665 45.09935064166149 38
      vertex 51 45.054415589302536 38
    endloop
  endfacet
  facet normal 0 0 1
    outer loop
      vertex 51.80347364234249 39.55228944608937 38
      vertex 51.85828291310288 44.37291581859421 38
      vertex 51.841123965641934 44.63471076692213 38
    endloop
  endfacet
  facet normal 0 0 1
    outer loop
      vertex 51.80347364234249 39.55228944608937 38
      vertex 51.841123965641934 44.63471076692213 38
      vertex 51.82842712474619 44.63446404367003 38
    endloop
  endfacet
  facet normal 0 0 1
    outer loop
      vertex 51.80347364234249 39.55228944608937 38
      vertex 51.82842712474619 44.63446404367003 38
      vertex 51.43990004313665 45.09935064166149 38
    endloop
  endfacet
  facet normal 0 0 1
    outer loop
      vertex 51.80347364234249 39.55228944608937 38
      vertex 52.17341336116494 43.95100838337128 38
      vertex 51.85828291310288 44.37291581859421 38
    endloop
  endfacet
  facet normal 0 0 1
    outer loop
      vertex 52.45955837071046 40.069316515059725 38
      vertex 52.46410161513776 40.07206139190292 38
      vertex 52.17341336116494 43.95100838337128 38
    endloop
  endfacet
  facet normal 0 0 1
    outer loop
      vertex 52.68796795855744 40.584459627182895 38
      vertex 52.695518130045144 40.59163846690111 38
      vertex 52.695518130045144 43.26311419479317 38
    endloop
  endfacet
  facet normal 0 0 1
    outer loop
      vertex 52.46410161513776 40.07206139190292 38
      vertex 52.68796795855744 40.584459627182895 38
      vertex 52.17341336116494 43.95100838337128 38
    endloop
  endfacet
  facet normal 0 0 1
    outer loop
      vertex 52.695518130045144 40.59163846690111 38
      vertex 52.84483543436699 41.25259189946942 38
      vertex 52.695518130045144 43.26311419479317 38
    endloop
  endfacet
  facet normal 0 0 1
    outer loop
      vertex 52.84483543436699 41.25259189946942 38
      vertex 52.86370330515627 41.27839794829936 38
      vertex 52.86370330515627 43.014611872293735 38
    endloop
  endfacet
  facet normal 0 0 1
    outer loop
      vertex 52.68796795855744 40.584459627182895 38
      vertex 52.695518130045144 43.26311419479317 38
      vertex 52.48031124891544 43.75268877960602 38
    endloop
  endfacet
  facet normal 0 0 1
    outer loop
      vertex 52.86370330515627 41.27839794829936 38
      vertex 52.93520385345771 41.94438861923578 38
      vertex 52.86370330515627 43.014611872293735 38
    endloop
  endfacet
  facet normal 0 0 1
    outer loop
      vertex 52.93520385345771 41.94438861923578 38
      vertex 52.965779445495244 41.96601471108991 38
      vertex 52.965779445495244 42.494029399647296 38
    endloop
  endfacet
  facet normal 0 0 1
    outer loop
      vertex 52.84483543436699 41.25259189946942 38
      vertex 52.86370330515627 43.014611872293735 38
      vertex 52.72190765455543 43.128107389978204 38
    endloop
  endfacet
  facet normal 0 0 1
    outer loop
      vertex 52.84483543436699 41.25259189946942 38
      vertex 52.72190765455543 43.128107389978204 38
      vertex 52.695518130045144 43.26311419479317 38
    endloop
  endfacet
  facet normal 0 0 1
    outer loop
      vertex 52.93520385345771 41.94438861923578 38
      vertex 52.965779445495244 42.494029399647296 38
      vertex 52.8650219164992 43.0151580589942 38
    endloop
  endfacet
  facet normal 0 0 1
    outer loop
      vertex 52.68796795855744 40.584459627182895 38
      vertex 52.48031124891544 43.75268877960602 38
      vertex 52.17341336116494 43.95100838337128 38
    endloop
  endfacet
  facet normal 0 0 1
    outer loop
      vertex 52.72190765455543 43.128107389978204 38
      vertex 52.713014220724546 43.26379496962212 38
      vertex 52.695518130045144 43.26311419479317 38
    endloop
  endfacet
  facet normal 0 0 1
    outer loop
      vertex 52.93520385345771 41.94438861923578 38
      vertex 52.8650219164992 43.0151580589942 38
      vertex 52.86370330515627 43.014611872293735 38
    endloop
  endfacet
  facet normal 0 0 1
    outer loop
      vertex 52.17341336116494 43.95100838337128 38
      vertex 52.48031124891544 43.75268877960602 38
      vertex 52.46639283160459 43.96504279193661 38
    endloop
  endfacet
  facet normal 0 0 1
    outer loop
      vertex 51 45.054415589302536 38
      vertex 51.43990004313665 45.09935064166149 38
      vertex 51.438491898711725 45.120834773937226 38
    endloop
  endfacet
  facet normal 0 -1 0
    outer loop
      vertex -51.600000001490116 -38.75 5.1
      vertex -51.320425711011154 -38.75 5.1
      vertex -51.320425711011154 -38.75 8
    endloop
  endfacet
  facet normal 0 -1 0
    outer loop
      vertex -51.600000001490116 -38.75 5.1
      vertex -51.320425711011154 -38.75 8
      vertex -51.600000001490116 -38.75 7.7
    endloop
  endfacet
  facet normal 0 -1 0
    outer loop
      vertex -51.8 -38.75 7.7
      vertex -51.600000001490116 -38.75 7.7
      vertex -51.8 -38.75 8
    endloop
  endfacet
  facet normal 0 -1 0
    outer loop
      vertex -51.600000001490116 -38.75 7.7
      vertex -51.320425711011154 -38.75 8
      vertex -51.8 -38.75 8
    endloop
  endfacet
  facet normal 0 0 1
    outer loop
      vertex -51.8 -38.75 8
      vertex -51.238470658762466 -38.59971957636726 8
      vertex -51.20356514130129 -38.540648700663716 8
    endloop
  endfacet
  facet normal 0 0 1
    outer loop
      vertex -49.83030427312478 -36.032835476429696 8
      vertex -49.80399986549024 -35.900594289111595 8
      vertex -49.83929936588229 -36.04106566200249 8
    endloop
  endfacet
  facet normal 0 0 1
    outer loop
      vertex -49.83929936588229 -36.04106566200249 8
      vertex -49.80399986549024 -35.900594289111595 8
      vertex -49.82156845088977 -35.2364860126163 8
    endloop
  endfacet
  facet normal 0 0 1
    outer loop
      vertex -49.80399986549024 -35.900594289111595 8
      vertex -49.74723736889024 -35.73337736630713 8
      vertex -49.82156845088977 -35.2364860126163 8
    endloop
  endfacet
  facet normal 0 0 1
    outer loop
      vertex -49.74723736889024 -35.73337736630713 8
      vertex -49.66913429510899 -35.575 8
      vertex -49.82156845088977 -35.2364860126163 8
    endloop
  endfacet
  facet normal 0 0 1
    outer loop
      vertex -49.66913429510899 -35.575 8
      vertex -49.57102700939317 -35.42817207083823 8
      vertex -49.82156845088977 -35.2364860126163 8
    endloop
  endfacet
  facet normal 0 0 1
    outer loop
      vertex -49.57102700939317 -35.42817207083823 8
      vertex -49.57113169707476 -35.424650587609285 8
      vertex -49.82156845088977 -35.2364860126163 8
    endloop
  endfacet
  facet normal 0 0 1
    outer loop
      vertex -49.45459415460184 -35.29540584539816 8
      vertex -49.57113169707476 -35.424650587609285 8
      vertex -49.57102700939317 -35.42817207083823 8
    endloop
  endfacet
  facet normal 0.5555702330196012 -0.8314696123025459 0
    outer loop
      vertex -47.24788906371376 -38.41365302692862 5.1
      vertex -46.9780964274782 -38.23338335072809 5.1
      vertex -47.24788906371376 -38.41365302692862 8
    endloop
  endfacet
  facet normal 0.5555702330196012 -0.8314696123025459 0
    outer loop
      vertex -46.9780964274782 -38.23338335072809 5.1
      vertex -46.9780964274782 -38.23338335072809 8
      vertex -47.24788906371376 -38.41365302692862 8
    endloop
  endfacet
  facet normal 0.831469612302541 -0.5555702330196087 0
    outer loop
      vertex -46.51661664927191 -37.7719035725218 5.1
      vertex -46.411242157206765 -37.61419950045916 5.1
      vertex -46.51661664927191 -37.7719035725218 5.5
    endloop
  endfacet
  facet normal 0.9807852804032258 0.19509032201615223 -3.852774972152479e-15
    outer loop
      vertex -46.021387846565474 -35.92368451944987 5.1
      vertex -46.058390447438356 -35.73765988277029 5.1
      vertex -46.053286640421405 -35.763318453346784 5.5
    endloop
  endfacet
  facet normal 0.6593458151000708 -0.7518398074789757 0
    outer loop
      vertex -46.9780964274782 -38.23338335072809 5.1
      vertex -46.73223304703363 -38.01776695296637 5.1
      vertex -46.9780964274782 -38.23338335072809 8
    endloop
  endfacet
  facet normal 0.831469612302541 -0.5555702330196086 0
    outer loop
      vertex -46.411242157206765 -37.61419950045916 5.1
      vertex -46.51661664927191 -37.7719035725218 8
      vertex -46.51661664927191 -37.7719035725218 5.5
    endloop
  endfacet
  facet normal 0.7518398074789663 -0.6593458151000816 0
    outer loop
      vertex -46.62442484815277 -37.89483526274408 5.5
      vertex -46.51661664927191 -37.7719035725218 5.5
      vertex -46.51661664927191 -37.7719035725218 8
    endloop
  endfacet
  facet normal 0.8968727415326887 -0.4422886902190004 0
    outer loop
      vertex -46.3349364905389 -37.5 5.1
      vertex -46.19030116872178 -37.206708580912725 5.1
      vertex -46.3349364905389 -37.5 8
    endloop
  endfacet
  facet normal 0.946930129495106 -0.32143946530316103 0
    outer loop
      vertex -46.19030116872178 -37.206708580912725 5.1
      vertex -46.129334042744 -37.027105219382 5.1
      vertex -46.19030116872178 -37.206708580912725 8
    endloop
  endfacet
  facet normal 0.9807852804032317 -0.19509032201612206 0
    outer loop
      vertex -46.08518543427733 -36.8970476127563 5.1
      vertex -46.021387846565474 -36.57631548055013 5.1
      vertex -46.08518543427733 -36.8970476127563 8
    endloop
  endfacet
  facet normal 0.6593458151000708 -0.7518398074789757 0
    outer loop
      vertex -46.73223304703363 -38.01776695296637 5.1
      vertex -46.73223304703363 -38.01776695296637 8
      vertex -46.9780964274782 -38.23338335072809 8
    endloop
  endfacet
  facet normal 0.8968727415326887 -0.4422886902190004 0
    outer loop
      vertex -46.19030116872178 -37.206708580912725 5.1
      vertex -46.19030116872178 -37.206708580912725 8
      vertex -46.3349364905389 -37.5 8
    endloop
  endfacet
  facet normal 0.9978589232386035 -0.06540312923014452 0
    outer loop
      vertex -46.021387846565474 -36.57631548055013 5.1
      vertex -46 -36.25 5.1
      vertex -46.021387846565474 -36.57631548055013 8
    endloop
  endfacet
  facet normal 0.997858923238604 0.0654031292301337 0
    outer loop
      vertex -46.0089828955575 -36.11294749816894 5.1
      vertex -46.021387846565474 -35.92368451944987 5.1
      vertex -46.021387846565474 -35.92368451944987 8
    endloop
  endfacet
  facet normal 0.9807852804032274 0.19509032201614293 0
    outer loop
      vertex -46.021387846565474 -35.92368451944987 5.1
      vertex -46.053286640421405 -35.763318453346784 5.5
      vertex -46.021387846565474 -35.92368451944987 8
    endloop
  endfacet
  facet normal 0.9469301294951059 0.3214394653031609 0
    outer loop
      vertex -46.08518543427733 -35.6029523872437 5.1
      vertex -46.19030116872178 -35.293291419087275 5.1
      vertex -46.08518543427733 -35.6029523872437 8
    endloop
  endfacet
  facet normal 0.9807852804032317 -0.19509032201612206 0
    outer loop
      vertex -46.021387846565474 -36.57631548055013 5.1
      vertex -46.021387846565474 -36.57631548055013 8
      vertex -46.08518543427733 -36.8970476127563 8
    endloop
  endfacet
  facet normal 0.9978589232386035 -0.06540312923014452 0
    outer loop
      vertex -46 -36.25 5.1
      vertex -46 -36.25 8
      vertex -46.021387846565474 -36.57631548055013 8
    endloop
  endfacet
  facet normal 0.9469301294951059 0.3214394653031609 0
    outer loop
      vertex -46.19030116872178 -35.293291419087275 5.1
      vertex -46.19030116872178 -35.293291419087275 8
      vertex -46.08518543427733 -35.6029523872437 8
    endloop
  endfacet
  facet normal 0.7518398074789757 -0.6593458151000708 -9.378728943487484e-16
    outer loop
      vertex -46.62442484815277 -37.89483526274408 5.5
      vertex -46.51661664927191 -37.7719035725218 8
      vertex -46.73223304703363 -38.01776695296637 8
    endloop
  endfacet
  facet normal 0.9807852804032317 0.19509032201612206 -1.3940780352649988e-15
    outer loop
      vertex -46.053286640421405 -35.763318453346784 5.5
      vertex -46.08518543427733 -35.6029523872437 8
      vertex -46.021387846565474 -35.92368451944987 8
    endloop
  endfacet
  facet normal 0.19509032201615223 0.9807852804032258 -3.849916830481743e-15
    outer loop
      vertex -47.98765988277029 -33.808390447438356 5.1
      vertex -48.17368451944987 -33.771387846565474 5.1
      vertex -48.013318453346784 -33.803286640421405 5.5
    endloop
  endfacet
  facet normal 0 1 0
    outer loop
      vertex -51.600000001490116 -33.75 5.1
      vertex -48.5 -33.75 8
      vertex -48.5 -33.75 5.1
    endloop
  endfacet
  facet normal 0 1 0
    outer loop
      vertex -51.600000001490116 -33.75 5.1
      vertex -51.600000001490116 -33.75 7.7
      vertex -48.5 -33.75 8
    endloop
  endfacet
  facet normal 0.19509032201614293 0.9807852804032274 0
    outer loop
      vertex -48.013318453346784 -33.803286640421405 5.5
      vertex -48.17368451944987 -33.771387846565474 5.1
      vertex -48.17368451944987 -33.771387846565474 8
    endloop
  endfacet
  facet normal 0.3214394653031609 0.9469301294951059 0
    outer loop
      vertex -47.8529523872437 -33.83518543427733 5.1
      vertex -47.543291419087275 -33.94030116872178 8
      vertex -47.543291419087275 -33.94030116872178 5.1
    endloop
  endfacet
  facet normal 0.3214394653031609 0.9469301294951059 0
    outer loop
      vertex -47.8529523872437 -33.83518543427733 5.1
      vertex -47.8529523872437 -33.83518543427733 8
      vertex -47.543291419087275 -33.94030116872178 8
    endloop
  endfacet
  facet normal 0.06540312923014452 0.9978589232386035 0
    outer loop
      vertex -48.5 -33.75 5.1
      vertex -48.17368451944987 -33.771387846565474 8
      vertex -48.17368451944987 -33.771387846565474 5.1
    endloop
  endfacet
  facet normal 0.06540312923014452 0.9978589232386035 0
    outer loop
      vertex -48.5 -33.75 5.1
      vertex -48.5 -33.75 8
      vertex -48.17368451944987 -33.771387846565474 8
    endloop
  endfacet
  facet normal 0 1 0
    outer loop
      vertex -51.8 -33.75 7.7
      vertex -51.8 -33.75 8
      vertex -51.600000001490116 -33.75 7.7
    endloop
  endfacet
  facet normal 0 1 0
    outer loop
      vertex -51.600000001490116 -33.75 7.7
      vertex -51.8 -33.75 8
      vertex -49.89872562025446 -33.75 8
    endloop
  endfacet
  facet normal 0 0 1
    outer loop
      vertex -51.8 -33.75 8
      vertex -49.87714752662537 -35.19472691374211 8
      vertex -49.91185987429753 -33.845395655511524 8
    endloop
  endfacet
  facet normal 0 0 1
    outer loop
      vertex -49.57113169707476 -35.424650587609285 8
      vertex -49.45459415460184 -35.29540584539816 8
      vertex -49.49937959060728 -33.86623564853564 8
    endloop
  endfacet
  facet normal 0 0 1
    outer loop
      vertex -49.33044604066263 -35.186530871548534 8
      vertex -49.49937959060728 -33.86623564853564 8
      vertex -49.45459415460184 -35.29540584539816 8
    endloop
  endfacet
  facet normal 0 1 0
    outer loop
      vertex -51.600000001490116 -33.75 7.7
      vertex -49.89872562025446 -33.75 8
      vertex -49.36921572018292 -33.75 8
    endloop
  endfacet
  facet normal 0 1 0
    outer loop
      vertex -51.600000001490116 -33.75 7.7
      vertex -49.36921572018292 -33.75 8
      vertex -48.5 -33.75 8
    endloop
  endfacet
  facet normal 0.19509032201612206 0.9807852804032317 -1.3940780352649988e-15
    outer loop
      vertex -48.013318453346784 -33.803286640421405 5.5
      vertex -48.17368451944987 -33.771387846565474 8
      vertex -47.8529523872437 -33.83518543427733 8
    endloop
  endfacet
  facet normal 0.5555702330196043 0.8314696123025439 0
    outer loop
      vertex -46.9780964274782 -34.26661664927191 5.1
      vertex -47.25 -34.0849364905389 5.1
      vertex -46.9780964274782 -34.26661664927191 8
    endloop
  endfacet
  facet normal 0.6593458151000708 0.7518398074789757 0
    outer loop
      vertex -46.9780964274782 -34.26661664927191 5.1
      vertex -46.73223304703363 -34.48223304703363 8
      vertex -46.73223304703363 -34.48223304703363 5.1
    endloop
  endfacet
  facet normal 0.8968727415326887 0.4422886902190004 0
    outer loop
      vertex -46.19030116872178 -35.293291419087275 5.1
      vertex -46.3349364905389 -35 5.1
      vertex -46.19030116872178 -35.293291419087275 8
    endloop
  endfacet
  facet normal 0.8314696123025439 0.5555702330196043 0
    outer loop
      vertex -46.51661664927191 -34.7280964274782 5.1
      vertex -46.3349364905389 -35 8
      vertex -46.3349364905389 -35 5.1
    endloop
  endfacet
  facet normal 0.8314696123025439 0.5555702330196043 0
    outer loop
      vertex -46.51661664927191 -34.7280964274782 5.1
      vertex -46.51661664927191 -34.7280964274782 8
      vertex -46.3349364905389 -35 8
    endloop
  endfacet
  facet normal 0.6593458151000708 0.7518398074789757 0
    outer loop
      vertex -46.9780964274782 -34.26661664927191 5.1
      vertex -46.9780964274782 -34.26661664927191 8
      vertex -46.73223304703363 -34.48223304703363 8
    endloop
  endfacet
  facet normal 0.5555702330196043 0.8314696123025439 0
    outer loop
      vertex -47.25 -34.0849364905389 5.1
      vertex -47.25 -34.0849364905389 8
      vertex -46.9780964274782 -34.26661664927191 8
    endloop
  endfacet
  facet normal 0.8968727415326887 0.4422886902190004 0
    outer loop
      vertex -46.3349364905389 -35 5.1
      vertex -46.3349364905389 -35 8
      vertex -46.19030116872178 -35.293291419087275 8
    endloop
  endfacet
  facet normal 0 -1 0
    outer loop
      vertex -51.600000001490116 33.75 5.1
      vertex -48.5 33.75 5.1
      vertex -48.5 33.75 8
    endloop
  endfacet
  facet normal 0 -1 0
    outer loop
      vertex -51.600000001490116 33.75 5.1
      vertex -48.5 33.75 8
      vertex -51.600000001490116 33.75 7.7
    endloop
  endfacet
  facet normal 0.32143946530316103 -0.946930129495106 0
    outer loop
      vertex -47.722894780618 33.879334042744 5.1
      vertex -47.543291419087275 33.94030116872178 5.1
      vertex -47.543291419087275 33.94030116872178 8
    endloop
  endfacet
  facet normal 0 -1 0
    outer loop
      vertex -51.8 33.75 7.7
      vertex -51.600000001490116 33.75 7.7
      vertex -51.8 33.75 8
    endloop
  endfacet
  facet normal 0 -1 0
    outer loop
      vertex -51.600000001490116 33.75 7.7
      vertex -51.65079155672823 33.75 8
      vertex -51.8 33.75 8
    endloop
  endfacet
  facet normal 0 0 1
    outer loop
      vertex -51.8 33.75 8
      vertex -51.650814192452295 33.75087989122256 8
      vertex -51.682347472027274 34.976635066496065 8
    endloop
  endfacet
  facet normal 0 -1 0
    outer loop
      vertex -51.600000001490116 33.75 7.7
      vertex -48.5 33.75 8
      vertex -51.65079155672823 33.75 8
    endloop
  endfacet
  facet normal 0 0 1
    outer loop
      vertex -49.42018010783994 34.09385613766387 8
      vertex -49.32182792916177 35.17897299060683 8
      vertex -49.45459415460184 35.29540584539816 8
    endloop
  endfacet
  facet normal 0 0 1
    outer loop
      vertex -49.54737942544469 35.401207169331315 8
      vertex -49.42018010783994 34.09385613766387 8
      vertex -49.45459415460184 35.29540584539816 8
    endloop
  endfacet
  facet normal 0 0 1
    outer loop
      vertex -49.42018010783994 34.09385613766387 8
      vertex -49.175 35.08086570489101 8
      vertex -49.32182792916177 35.17897299060683 8
    endloop
  endfacet
  facet normal 0 0 1
    outer loop
      vertex -49.42018010783994 34.09385613766387 8
      vertex -49.01662263369287 35.00276263110976 8
      vertex -49.175 35.08086570489101 8
    endloop
  endfacet
  facet normal 0 0 1
    outer loop
      vertex -49.42018010783994 34.09385613766387 8
      vertex -48.849405710888405 34.94600013450976 8
      vertex -49.01662263369287 35.00276263110976 8
    endloop
  endfacet
  facet normal 0 0 1
    outer loop
      vertex -49.42018010783994 34.09385613766387 8
      vertex -48.67621035949707 34.911549437145354 8
      vertex -48.849405710888405 34.94600013450976 8
    endloop
  endfacet
  facet normal 0 0 1
    outer loop
      vertex -49.42018010783994 34.09385613766387 8
      vertex -48.5 34.9 8
      vertex -48.67621035949707 34.911549437145354 8
    endloop
  endfacet
  facet normal 0 0 1
    outer loop
      vertex -49.42018010783994 34.09385613766387 8
      vertex -48.32378964050293 34.911549437145354 8
      vertex -48.5 34.9 8
    endloop
  endfacet
  facet normal 0 0 1
    outer loop
      vertex -49.42018010783994 34.09385613766387 8
      vertex -48.150594289111595 34.94600013450976 8
      vertex -48.32378964050293 34.911549437145354 8
    endloop
  endfacet
  facet normal 0 0 1
    outer loop
      vertex -49.42018010783994 34.09385613766387 8
      vertex -47.98337736630713 35.00276263110976 8
      vertex -48.150594289111595 34.94600013450976 8
    endloop
  endfacet
  facet normal 0 0 1
    outer loop
      vertex -49.42018010783994 34.09385613766387 8
      vertex -47.825 35.08086570489101 8
      vertex -47.98337736630713 35.00276263110976 8
    endloop
  endfacet
  facet normal 0 0 1
    outer loop
      vertex -49.42018010783994 34.09385613766387 8
      vertex -46.7477957691823 34.47998441572031 8
      vertex -47.825 35.08086570489101 8
    endloop
  endfacet
  facet normal 0 0 1
    outer loop
      vertex -47.825 35.08086570489101 8
      vertex -46.7477957691823 34.47998441572031 8
      vertex -47.67817207083823 35.17897299060683 8
    endloop
  endfacet
  facet normal 0 0 1
    outer loop
      vertex -47.67817207083823 35.17897299060683 8
      vertex -46.7477957691823 34.47998441572031 8
      vertex -47.54540584539816 35.29540584539816 8
    endloop
  endfacet
  facet normal 0 0 1
    outer loop
      vertex -47.54540584539816 35.29540584539816 8
      vertex -46.779119780575705 34.717948574226476 8
      vertex -47.42897299060683 35.42817207083823 8
    endloop
  endfacet
  facet normal 0.6593458151000599 -0.7518398074789853 0
    outer loop
      vertex -46.9780964274782 34.26661664927191 5.1
      vertex -46.87483380769148 34.35717553633183 5.1
      vertex -46.9780964274782 34.26661664927191 8
    endloop
  endfacet
  facet normal 0.8968727415326887 -0.4422886902190004 0
    outer loop
      vertex -46.3349364905389 35 5.1
      vertex -46.19030116872178 35.293291419087275 5.1
      vertex -46.3349364905389 35 8
    endloop
  endfacet
  facet normal 0.659345815100071 -0.7518398074789756 6.951000543230698e-16
    outer loop
      vertex -46.87483380769148 34.35717553633183 5.1
      vertex -46.73223304703363 34.48223304703363 8
      vertex -46.9780964274782 34.26661664927191 8
    endloop
  endfacet
  facet normal 0.8968727415326887 -0.4422886902190004 0
    outer loop
      vertex -46.19030116872178 35.293291419087275 5.1
      vertex -46.19030116872178 35.293291419087275 8
      vertex -46.3349364905389 35 8
    endloop
  endfacet
  facet normal 0 0 1
    outer loop
      vertex -47.54540584539816 35.29540584539816 8
      vertex -46.7477957691823 34.47998441572031 8
      vertex -46.779119780575705 34.717948574226476 8
    endloop
  endfacet
  facet normal 0 0 1
    outer loop
      vertex -47.42897299060683 35.42817207083823 8
      vertex -46.779119780575705 34.717948574226476 8
      vertex -47.33086570489101 35.575 8
    endloop
  endfacet
  facet normal 0 1 0
    outer loop
      vertex -51.600000001490116 38.75 5.1
      vertex -51.600000001490116 38.75 7.7
      vertex -51.320425711011154 38.75 5.1
    endloop
  endfacet
  facet normal 0 1 0
    outer loop
      vertex -51.320425711011154 38.75 5.1
      vertex -51.600000001490116 38.75 7.7
      vertex -51.320425711011154 38.75 8
    endloop
  endfacet
  facet normal 0 1 0
    outer loop
      vertex -51.8 38.75 7.7
      vertex -51.320425711011154 38.75 8
      vertex -51.600000001490116 38.75 7.7
    endloop
  endfacet
  facet normal 0 1 0
    outer loop
      vertex -51.8 38.75 7.7
      vertex -51.8 38.75 8
      vertex -51.320425711011154 38.75 8
    endloop
  endfacet
  facet normal 0 0 1
    outer loop
      vertex -49.82541847981868 36.008272934791556 8
      vertex -49.78165384754055 35.22948024393377 8
      vertex -49.80399986549024 35.900594289111595 8
    endloop
  endfacet
  facet normal 0 0 1
    outer loop
      vertex -49.82541847981868 36.008272934791556 8
      vertex -49.838450562854646 36.07378964050293 8
      vertex -49.84122476043139 35.99019573952634 8
    endloop
  endfacet
  facet normal 0 0 1
    outer loop
      vertex -49.84122476043139 35.99019573952634 8
      vertex -49.838450562854646 36.07378964050293 8
      vertex -49.85494316100397 36.25836534939134 8
    endloop
  endfacet
  facet normal 0 0 1
    outer loop
      vertex -49.838450562854646 36.07378964050293 8
      vertex -49.85 36.25 8
      vertex -49.85494316100397 36.25836534939134 8
    endloop
  endfacet
  facet normal 0 0 1
    outer loop
      vertex -49.838450562854646 36.42621035949707 8
      vertex -49.85494316100397 36.25836534939134 8
      vertex -49.85 36.25 8
    endloop
  endfacet
  facet normal 0 0 1
    outer loop
      vertex -49.85494316100397 36.25836534939134 8
      vertex -49.838450562854646 36.42621035949707 8
      vertex -49.9352691457507 36.5803950466284 8
    endloop
  endfacet
  facet normal 0 0 1
    outer loop
      vertex -49.838450562854646 36.42621035949707 8
      vertex -49.80399986549024 36.599405710888405 8
      vertex -49.9352691457507 36.5803950466284 8
    endloop
  endfacet
  facet normal 0 0 1
    outer loop
      vertex -49.80399986549024 36.599405710888405 8
      vertex -49.74723736889024 36.76662263369287 8
      vertex -49.9352691457507 36.5803950466284 8
    endloop
  endfacet
  facet normal 0 0 1
    outer loop
      vertex -49.54737942544469 35.401207169331315 8
      vertex -49.57102700939317 35.42817207083823 8
      vertex -49.78165384754055 35.22948024393377 8
    endloop
  endfacet
  facet normal 0 0 1
    outer loop
      vertex -49.78165384754055 35.22948024393377 8
      vertex -49.57102700939317 35.42817207083823 8
      vertex -49.66913429510899 35.575 8
    endloop
  endfacet
  facet normal 0 0 1
    outer loop
      vertex -49.78165384754055 35.22948024393377 8
      vertex -49.66913429510899 35.575 8
      vertex -49.74723736889024 35.73337736630713 8
    endloop
  endfacet
  facet normal 0 0 1
    outer loop
      vertex -49.78165384754055 35.22948024393377 8
      vertex -49.74723736889024 35.73337736630713 8
      vertex -49.80399986549024 35.900594289111595 8
    endloop
  endfacet
  facet normal 0 0 1
    outer loop
      vertex -49.74723736889024 36.76662263369287 8
      vertex -49.66913429510899 36.925 8
      vertex -49.9352691457507 36.5803950466284 8
    endloop
  endfacet
  facet normal 0 0 1
    outer loop
      vertex -49.66913429510899 36.925 8
      vertex -49.228354150019605 37.65339102229168 8
      vertex -49.9352691457507 36.5803950466284 8
    endloop
  endfacet
  facet normal 0 0 1
    outer loop
      vertex -49.66913429510899 36.925 8
      vertex -49.57102700939317 37.07182792916177 8
      vertex -49.228354150019605 37.65339102229168 8
    endloop
  endfacet
  facet normal 0 0 1
    outer loop
      vertex -49.57102700939317 37.07182792916177 8
      vertex -49.45459415460184 37.20459415460184 8
      vertex -49.228354150019605 37.65339102229168 8
    endloop
  endfacet
  facet normal 0 0 1
    outer loop
      vertex -49.45459415460184 37.20459415460184 8
      vertex -49.32182792916177 37.32102700939317 8
      vertex -49.228354150019605 37.65339102229168 8
    endloop
  endfacet
  facet normal 0 0 1
    outer loop
      vertex -49.32182792916177 37.32102700939317 8
      vertex -49.175 37.41913429510899 8
      vertex -49.228354150019605 37.65339102229168 8
    endloop
  endfacet
  facet normal 0 0 1
    outer loop
      vertex -49.175 37.41913429510899 8
      vertex -49.01662263369287 37.49723736889024 8
      vertex -49.228354150019605 37.65339102229168 8
    endloop
  endfacet
  facet normal 0 0 1
    outer loop
      vertex -48.85058124909831 37.55360082403843 8
      vertex -49.228354150019605 37.65339102229168 8
      vertex -49.01662263369287 37.49723736889024 8
    endloop
  endfacet
  facet normal 0 0 1
    outer loop
      vertex -48.849405710888405 37.55399986549024 8
      vertex -48.715745722652315 37.727486108840004 8
      vertex -48.85058124909831 37.55360082403843 8
    endloop
  endfacet
  facet normal 0 0 1
    outer loop
      vertex -48.849405710888405 37.55399986549024 8
      vertex -48.67621035949707 37.588450562854646 8
      vertex -48.715745722652315 37.727486108840004 8
    endloop
  endfacet
  facet normal 0 0 1
    outer loop
      vertex -48.67621035949707 37.588450562854646 8
      vertex -48.5 37.6 8
      vertex -48.715745722652315 37.727486108840004 8
    endloop
  endfacet
  facet normal 0 0 1
    outer loop
      vertex -48.5 37.6 8
      vertex -48.432501795631815 37.60131227815073 8
      vertex -48.715745722652315 37.727486108840004 8
    endloop
  endfacet
  facet normal 0 0 1
    outer loop
      vertex -48.32378964050293 37.588450562854646 8
      vertex -48.432501795631815 37.60131227815073 8
      vertex -48.5 37.6 8
    endloop
  endfacet
  facet normal 0 0 1
    outer loop
      vertex -48.432501795631815 37.60131227815073 8
      vertex -48.32378964050293 37.588450562854646 8
      vertex -47.60180979043853 37.60259504513612 8
    endloop
  endfacet
  facet normal 0 0 1
    outer loop
      vertex -47.67817207083823 37.32102700939317 8
      vertex -47.60180979043853 37.60259504513612 8
      vertex -47.825 37.41913429510899 8
    endloop
  endfacet
  facet normal 0 0 1
    outer loop
      vertex -47.25276263110976 36.76662263369287 8
      vertex -47.21812960460496 36.925 8
      vertex -47.33086570489101 36.925 8
    endloop
  endfacet
  facet normal 0 0 1
    outer loop
      vertex -47.376141289191224 36.99275970037176 8
      vertex -47.268274316303646 37.07182792916177 8
      vertex -47.42897299060683 37.07182792916177 8
    endloop
  endfacet
  facet normal 0 0 1
    outer loop
      vertex -47.376141289191224 36.99275970037176 8
      vertex -47.33086570489101 36.925 8
      vertex -47.21812960460496 36.925 8
    endloop
  endfacet
  facet normal 0 0 1
    outer loop
      vertex -47.67817207083823 37.32102700939317 8
      vertex -47.54540584539816 37.20459415460184 8
      vertex -47.60180979043853 37.60259504513612 8
    endloop
  endfacet
  facet normal 0 0 1
    outer loop
      vertex -47.54540584539816 37.20459415460184 8
      vertex -47.33096765160551 37.20429438797079 8
      vertex -47.60180979043853 37.60259504513612 8
    endloop
  endfacet
  facet normal 0 0 1
    outer loop
      vertex -47.42897299060683 37.07182792916177 8
      vertex -47.33096765160551 37.20429438797079 8
      vertex -47.54540584539816 37.20459415460184 8
    endloop
  endfacet
  facet normal 0 0 1
    outer loop
      vertex -47.42897299060683 37.07182792916177 8
      vertex -47.268274316303646 37.07182792916177 8
      vertex -47.33096765160551 37.20429438797079 8
    endloop
  endfacet
  facet normal 0 0 1
    outer loop
      vertex -48.32378964050293 37.588450562854646 8
      vertex -48.150594289111595 37.55399986549024 8
      vertex -47.60180979043853 37.60259504513612 8
    endloop
  endfacet
  facet normal 0 0 1
    outer loop
      vertex -48.150594289111595 37.55399986549024 8
      vertex -47.98337736630713 37.49723736889024 8
      vertex -47.60180979043853 37.60259504513612 8
    endloop
  endfacet
  facet normal 0 0 1
    outer loop
      vertex -47.98337736630713 37.49723736889024 8
      vertex -47.825 37.41913429510899 8
      vertex -47.60180979043853 37.60259504513612 8
    endloop
  endfacet
  facet normal 0.8968727415326742 0.44228869021902983 0
    outer loop
      vertex -46.27418965537571 37.37681760398335 5.1
      vertex -46.3349364905389 37.5 5.1
      vertex -46.3349364905389 37.5 8
    endloop
  endfacet
  facet normal 0.8968727415326887 0.4422886902190004 1.5529998582112928e-15
    outer loop
      vertex -46.27418965537571 37.37681760398335 5.1
      vertex -46.3349364905389 37.5 8
      vertex -46.19030116872178 37.206708580912725 8
    endloop
  endfacet
  facet normal 0.5555702330195909 0.8314696123025529 0
    outer loop
      vertex -47.13580049954084 38.338757842793235 5.1
      vertex -47.24788906371376 38.41365302692862 5.1
      vertex -47.24788906371376 38.41365302692862 8
    endloop
  endfacet
  facet normal 0.5555702330196012 0.8314696123025459 5.788662054021972e-16
    outer loop
      vertex -47.13580049954084 38.338757842793235 5.1
      vertex -47.24788906371376 38.41365302692862 8
      vertex -46.9780964274782 38.23338335072809 8
    endloop
  endfacet
  facet normal 0.9807852804032317 -0.19509032201612206 -1.3940780352649988e-15
    outer loop
      vertex -46.053286640421405 35.763318453346784 5.5
      vertex -46.021387846565474 35.92368451944987 8
      vertex -46.08518543427733 35.6029523872437 8
    endloop
  endfacet
  facet normal 0 0 1
    outer loop
      vertex -47.33086570489101 35.575 8
      vertex -46.779119780575705 34.717948574226476 8
      vertex -47.25276263110976 35.73337736630713 8
    endloop
  endfacet
  facet normal 0 0 1
    outer loop
      vertex -47.25276263110976 35.73337736630713 8
      vertex -46.779119780575705 34.717948574226476 8
      vertex -47.19600013450976 35.900594289111595 8
    endloop
  endfacet
  facet normal 0 0 1
    outer loop
      vertex -47.19600013450976 35.900594289111595 8
      vertex -46.779119780575705 34.717948574226476 8
      vertex -47.161549437145354 36.07378964050293 8
    endloop
  endfacet
  facet normal 0 0 1
    outer loop
      vertex -47.161549437145354 36.07378964050293 8
      vertex -46.779119780575705 34.717948574226476 8
      vertex -47.15 36.25 8
    endloop
  endfacet
  facet normal 0 0 1
    outer loop
      vertex -47.15 36.25 8
      vertex -46.779119780575705 34.717948574226476 8
      vertex -47.161549437145354 36.42621035949707 8
    endloop
  endfacet
  facet normal 0 0 1
    outer loop
      vertex -47.161549437145354 36.42621035949707 8
      vertex -46.779119780575705 34.717948574226476 8
      vertex -47.21812960460496 36.925 8
    endloop
  endfacet
  facet normal 0 0 1
    outer loop
      vertex -47.161549437145354 36.42621035949707 8
      vertex -47.21812960460496 36.925 8
      vertex -47.19600013450976 36.599405710888405 8
    endloop
  endfacet
  facet normal 0 0 1
    outer loop
      vertex -47.19600013450976 36.599405710888405 8
      vertex -47.21812960460496 36.925 8
      vertex -47.25276263110976 36.76662263369287 8
    endloop
  endfacet
  facet normal -0.5555702330196012 -0.8314696123025459 0
    outer loop
      vertex 46.9780964274782 -38.23338335072809 5.1
      vertex 47.24788906371376 -38.41365302692862 5.1
      vertex 46.9780964274782 -38.23338335072809 8
    endloop
  endfacet
  facet normal -0.5555702330196012 -0.8314696123025459 0
    outer loop
      vertex 47.24788906371376 -38.41365302692862 5.1
      vertex 47.24788906371376 -38.41365302692862 8
      vertex 46.9780964274782 -38.23338335072809 8
    endloop
  endfacet
  facet normal -0.9469301294951059 -0.3214394653031609 0
    outer loop
      vertex 46.19030116872178 -37.206708580912725 5.1
      vertex 46.08518543427733 -36.8970476127563 8
      vertex 46.08518543427733 -36.8970476127563 5.1
    endloop
  endfacet
  facet normal -0.8314696123025478 -0.5555702330195983 0
    outer loop
      vertex 46.440310982604046 -37.65770407206264 5.1
      vertex 46.51661664927191 -37.7719035725218 5.1
      vertex 46.51661664927191 -37.7719035725218 8
    endloop
  endfacet
  facet normal -0.9469301294951059 -0.3214394653031609 0
    outer loop
      vertex 46.19030116872178 -37.206708580912725 5.1
      vertex 46.19030116872178 -37.206708580912725 8
      vertex 46.08518543427733 -36.8970476127563 8
    endloop
  endfacet
  facet normal -0.8314696123025439 -0.5555702330196042 -3.4023318448445275e-16
    outer loop
      vertex 46.440310982604046 -37.65770407206264 5.1
      vertex 46.51661664927191 -37.7719035725218 8
      vertex 46.3349364905389 -37.5 8
    endloop
  endfacet
  facet normal -0.9469301294951059 0.3214394653031609 0
    outer loop
      vertex 46.08518543427733 -35.6029523872437 5.1
      vertex 46.19030116872178 -35.293291419087275 8
      vertex 46.19030116872178 -35.293291419087275 5.1
    endloop
  endfacet
  facet normal -0.9469301294951059 0.3214394653031609 0
    outer loop
      vertex 46.08518543427733 -35.6029523872437 5.1
      vertex 46.08518543427733 -35.6029523872437 8
      vertex 46.19030116872178 -35.293291419087275 8
    endloop
  endfacet
  facet normal 0 0 1
    outer loop
      vertex 47.21919500744617 -36.924813010863865 8
      vertex 47.00707332676309 -37.07182792916177 8
      vertex 47.102993366396724 -37.20397569901788 8
    endloop
  endfacet
  facet normal 0 0 1
    outer loop
      vertex 47.21919500744617 -36.924813010863865 8
      vertex 47.102993366396724 -37.20397569901788 8
      vertex 47.33086570489101 -36.925 8
    endloop
  endfacet
  facet normal 0 0 1
    outer loop
      vertex 47.21919500744617 -36.924813010863865 8
      vertex 47.25276263110976 -36.76662263369287 8
      vertex 47.0281270023067 -36.76662263369287 8
    endloop
  endfacet
  facet normal 0 0 1
    outer loop
      vertex 47.0281270023067 -36.76662263369287 8
      vertex 47.19600013450976 -36.599405710888405 8
      vertex 47.161549437145354 -36.42621035949707 8
    endloop
  endfacet
  facet normal 0 0 1
    outer loop
      vertex 47.0281270023067 -36.76662263369287 8
      vertex 47.25276263110976 -36.76662263369287 8
      vertex 47.19600013450976 -36.599405710888405 8
    endloop
  endfacet
  facet normal 0 0 1
    outer loop
      vertex 47.14303687434526 -36.412347671309654 8
      vertex 47.0281270023067 -36.76662263369287 8
      vertex 47.161549437145354 -36.42621035949707 8
    endloop
  endfacet
  facet normal 0 0 1
    outer loop
      vertex 47.15 -36.25 8
      vertex 47.14303687434526 -36.412347671309654 8
      vertex 47.161549437145354 -36.42621035949707 8
    endloop
  endfacet
  facet normal 0 0 1
    outer loop
      vertex 47.14303687434526 -36.412347671309654 8
      vertex 47.15 -36.25 8
      vertex 47.09242017673927 -36.206983971241776 8
    endloop
  endfacet
  facet normal 0 0 1
    outer loop
      vertex 47.09242017673927 -36.206983971241776 8
      vertex 47.15 -36.25 8
      vertex 47.161549437145354 -36.07378964050293 8
    endloop
  endfacet
  facet normal 0 0 1
    outer loop
      vertex 47.09242017673927 -36.206983971241776 8
      vertex 47.161549437145354 -36.07378964050293 8
      vertex 47.27107676175249 -35.30881666587647 8
    endloop
  endfacet
  facet normal 0 0 1
    outer loop
      vertex 47.27107676175249 -35.30881666587647 8
      vertex 47.161549437145354 -36.07378964050293 8
      vertex 47.19600013450976 -35.900594289111595 8
    endloop
  endfacet
  facet normal 0 0 1
    outer loop
      vertex 47.27107676175249 -35.30881666587647 8
      vertex 47.19600013450976 -35.900594289111595 8
      vertex 47.25276263110976 -35.73337736630713 8
    endloop
  endfacet
  facet normal 0 -1 0
    outer loop
      vertex 51.320425711011154 -38.75 5.1
      vertex 51.600000001490116 -38.75 5.1
      vertex 51.600000001490116 -38.75 7.7
    endloop
  endfacet
  facet normal 0 -1 0
    outer loop
      vertex 51.320425711011154 -38.75 5.1
      vertex 51.600000001490116 -38.75 7.7
      vertex 51.320425711011154 -38.75 8
    endloop
  endfacet
  facet normal 0 0 1
    outer loop
      vertex 47.90721603048398 -37.459678754488614 8
      vertex 47.950750936416064 -37.4979085660158 8
      vertex 47.98337736630713 -37.49723736889024 8
    endloop
  endfacet
  facet normal 0 0 1
    outer loop
      vertex 47.950750936416064 -37.4979085660158 8
      vertex 48.11705653099251 -37.554669610079486 8
      vertex 47.98337736630713 -37.49723736889024 8
    endloop
  endfacet
  facet normal 0 0 1
    outer loop
      vertex 48.11705653099251 -37.554669610079486 8
      vertex 48.150594289111595 -37.55399986549024 8
      vertex 47.98337736630713 -37.49723736889024 8
    endloop
  endfacet
  facet normal 0 0 1
    outer loop
      vertex 47.102993366396724 -37.20397569901788 8
      vertex 47.67817207083823 -37.32102700939317 8
      vertex 47.54540584539816 -37.20459415460184 8
    endloop
  endfacet
  facet normal 0 0 1
    outer loop
      vertex 47.102993366396724 -37.20397569901788 8
      vertex 47.54540584539816 -37.20459415460184 8
      vertex 47.42897299060683 -37.07182792916177 8
    endloop
  endfacet
  facet normal 0 0 1
    outer loop
      vertex 47.102993366396724 -37.20397569901788 8
      vertex 47.825 -37.41913429510899 8
      vertex 47.67817207083823 -37.32102700939317 8
    endloop
  endfacet
  facet normal 0 0 1
    outer loop
      vertex 47.90721603048398 -37.459678754488614 8
      vertex 47.825 -37.41913429510899 8
      vertex 47.102993366396724 -37.20397569901788 8
    endloop
  endfacet
  facet normal 0 0 1
    outer loop
      vertex 47.102993366396724 -37.20397569901788 8
      vertex 47.42897299060683 -37.07182792916177 8
      vertex 47.33086570489101 -36.925 8
    endloop
  endfacet
  facet normal 0 0 1
    outer loop
      vertex 47.25276263110976 -36.76662263369287 8
      vertex 47.21919500744617 -36.924813010863865 8
      vertex 47.33086570489101 -36.925 8
    endloop
  endfacet
  facet normal 0 0 1
    outer loop
      vertex 48.312893186303725 -37.58866403793063 8
      vertex 48.150594289111595 -37.55399986549024 8
      vertex 48.11705653099251 -37.554669610079486 8
    endloop
  endfacet
  facet normal 0 0 1
    outer loop
      vertex 48.150594289111595 -37.55399986549024 8
      vertex 48.312893186303725 -37.58866403793063 8
      vertex 48.32378964050293 -37.588450562854646 8
    endloop
  endfacet
  facet normal 0 0 1
    outer loop
      vertex 49.767837954842264 -38.051264558246366 8
      vertex 48.32378964050293 -37.588450562854646 8
      vertex 48.312893186303725 -37.58866403793063 8
    endloop
  endfacet
  facet normal 0 0 1
    outer loop
      vertex 49.767837954842264 -38.051264558246366 8
      vertex 48.5 -37.6 8
      vertex 48.32378964050293 -37.588450562854646 8
    endloop
  endfacet
  facet normal 0 0 1
    outer loop
      vertex 47.27107676175249 -35.30881666587647 8
      vertex 47.25276263110976 -35.73337736630713 8
      vertex 47.33086570489101 -35.575 8
    endloop
  endfacet
  facet normal 0 0 1
    outer loop
      vertex 47.27107676175249 -35.30881666587647 8
      vertex 47.33086570489101 -35.575 8
      vertex 47.42897299060683 -35.42817207083823 8
    endloop
  endfacet
  facet normal 0 0 1
    outer loop
      vertex 47.48179149114585 -35.36794411402537 8
      vertex 47.27107676175249 -35.30881666587647 8
      vertex 47.42897299060683 -35.42817207083823 8
    endloop
  endfacet
  facet normal 0 0 1
    outer loop
      vertex 49.767837954842264 -38.051264558246366 8
      vertex 48.67621035949707 -37.588450562854646 8
      vertex 48.5 -37.6 8
    endloop
  endfacet
  facet normal 0 0 1
    outer loop
      vertex 49.767837954842264 -38.051264558246366 8
      vertex 48.849405710888405 -37.55399986549024 8
      vertex 48.67621035949707 -37.588450562854646 8
    endloop
  endfacet
  facet normal 0 0 1
    outer loop
      vertex 48.849405710888405 -37.55399986549024 8
      vertex 49.767837954842264 -38.051264558246366 8
      vertex 49.01662263369287 -37.49723736889024 8
    endloop
  endfacet
  facet normal 0 0 1
    outer loop
      vertex 49.01662263369287 -37.49723736889024 8
      vertex 49.767837954842264 -38.051264558246366 8
      vertex 49.175 -37.41913429510899 8
    endloop
  endfacet
  facet normal 0 0 1
    outer loop
      vertex 49.175 -37.41913429510899 8
      vertex 49.767837954842264 -38.051264558246366 8
      vertex 49.32182792916177 -37.32102700939317 8
    endloop
  endfacet
  facet normal 0 0 1
    outer loop
      vertex 49.32182792916177 -37.32102700939317 8
      vertex 49.767837954842264 -38.051264558246366 8
      vertex 49.45459415460184 -37.20459415460184 8
    endloop
  endfacet
  facet normal 0 0 1
    outer loop
      vertex 49.45459415460184 -37.20459415460184 8
      vertex 49.767837954842264 -38.051264558246366 8
      vertex 50.040985702786735 -38.12210543224963 8
    endloop
  endfacet
  facet normal 0 0 1
    outer loop
      vertex 49.45459415460184 -37.20459415460184 8
      vertex 50.040985702786735 -38.12210543224963 8
      vertex 49.57102700939317 -37.07182792916177 8
    endloop
  endfacet
  facet normal 0 0 1
    outer loop
      vertex 49.57102700939317 -37.07182792916177 8
      vertex 50.040985702786735 -38.12210543224963 8
      vertex 49.66913429510899 -36.925 8
    endloop
  endfacet
  facet normal 0 0 1
    outer loop
      vertex 49.66913429510899 -36.925 8
      vertex 50.040985702786735 -38.12210543224963 8
      vertex 50.41172631158064 -37.20061375805954 8
    endloop
  endfacet
  facet normal 0 0 1
    outer loop
      vertex 49.66913429510899 -36.925 8
      vertex 50.41172631158064 -37.20061375805954 8
      vertex 49.74723736889024 -36.76662263369287 8
    endloop
  endfacet
  facet normal 0 0 1
    outer loop
      vertex 49.74723736889024 -36.76662263369287 8
      vertex 50.41172631158064 -37.20061375805954 8
      vertex 49.80399986549024 -36.599405710888405 8
    endloop
  endfacet
  facet normal 0 0 1
    outer loop
      vertex 49.80399986549024 -36.599405710888405 8
      vertex 50.41172631158064 -37.20061375805954 8
      vertex 49.838450562854646 -36.42621035949707 8
    endloop
  endfacet
  facet normal 0 0 1
    outer loop
      vertex 49.66913429510899 -35.575 8
      vertex 49.74723736889024 -35.73337736630713 8
      vertex 49.88008261305901 -35.080634835962705 8
    endloop
  endfacet
  facet normal 0 0 1
    outer loop
      vertex 49.57102700939317 -35.42817207083823 8
      vertex 49.88008261305901 -35.080634835962705 8
      vertex 49.49829653216317 -35.34523885620918 8
    endloop
  endfacet
  facet normal 0 0 1
    outer loop
      vertex 49.66913429510899 -35.575 8
      vertex 49.88008261305901 -35.080634835962705 8
      vertex 49.57102700939317 -35.42817207083823 8
    endloop
  endfacet
  facet normal 0 0 1
    outer loop
      vertex 49.838450562854646 -36.42621035949707 8
      vertex 50.41172631158064 -37.20061375805954 8
      vertex 49.85 -36.25 8
    endloop
  endfacet
  facet normal 0 0 1
    outer loop
      vertex 49.85 -36.25 8
      vertex 50.41172631158064 -37.20061375805954 8
      vertex 49.838450562854646 -36.07378964050293 8
    endloop
  endfacet
  facet normal 0 0 1
    outer loop
      vertex 49.838450562854646 -36.07378964050293 8
      vertex 50.41172631158064 -37.20061375805954 8
      vertex 49.80399986549024 -35.900594289111595 8
    endloop
  endfacet
  facet normal 0 0 1
    outer loop
      vertex 49.80399986549024 -35.900594289111595 8
      vertex 50.41172631158064 -37.20061375805954 8
      vertex 49.88008261305901 -35.080634835962705 8
    endloop
  endfacet
  facet normal 0 0 1
    outer loop
      vertex 49.80399986549024 -35.900594289111595 8
      vertex 49.88008261305901 -35.080634835962705 8
      vertex 49.74723736889024 -35.73337736630713 8
    endloop
  endfacet
  facet normal 0 -1 0
    outer loop
      vertex 51.600000001490116 -38.75 7.7
      vertex 51.8 -38.75 7.7
      vertex 51.320425711011154 -38.75 8
    endloop
  endfacet
  facet normal 0 -1 0
    outer loop
      vertex 51.8 -38.75 7.7
      vertex 51.8 -38.75 8
      vertex 51.320425711011154 -38.75 8
    endloop
  endfacet
  facet normal -0.6593458151000599 0.7518398074789853 0
    outer loop
      vertex 46.73223304703363 -34.48223304703363 5.1
      vertex 46.73223304703363 -34.48223304703363 8
      vertex 46.83549566682035 -34.39167415997371 5.1
    endloop
  endfacet
  facet normal -0.659345815100071 0.7518398074789756 -6.951000543230698e-16
    outer loop
      vertex 46.83549566682035 -34.39167415997371 5.1
      vertex 46.73223304703363 -34.48223304703363 8
      vertex 46.9780964274782 -34.26661664927191 8
    endloop
  endfacet
  facet normal -0.3214394653031609 0.9469301294951059 0
    outer loop
      vertex 47.543291419087275 -33.94030116872178 5.1
      vertex 47.698121903165486 -33.887743301499555 5.5
      vertex 47.722894780618 -33.879334042744 5.1
    endloop
  endfacet
  facet normal -0.32143946530316087 0.9469301294951058 0
    outer loop
      vertex 47.543291419087275 -33.94030116872178 5.1
      vertex 47.543291419087275 -33.94030116872178 5.5
      vertex 47.698121903165486 -33.887743301499555 5.5
    endloop
  endfacet
  facet normal 0 1 0
    outer loop
      vertex 48.5 -33.75 5.1
      vertex 48.5 -33.75 8
      vertex 51.600000001490116 -33.75 5.1
    endloop
  endfacet
  facet normal 0 1 0
    outer loop
      vertex 51.600000001490116 -33.75 5.1
      vertex 48.5 -33.75 8
      vertex 51.600000001490116 -33.75 7.7
    endloop
  endfacet
  facet normal 0 0 1
    outer loop
      vertex 47.48179149114585 -35.36794411402537 8
      vertex 47.54540584539816 -35.29540584539816 8
      vertex 47.82675468566066 -34.304399088761514 8
    endloop
  endfacet
  facet normal 0 0 1
    outer loop
      vertex 47.54540584539816 -35.29540584539816 8
      vertex 47.67817207083823 -35.17897299060683 8
      vertex 47.82675468566066 -34.304399088761514 8
    endloop
  endfacet
  facet normal 0 0 1
    outer loop
      vertex 47.67817207083823 -35.17897299060683 8
      vertex 47.825 -35.08086570489101 8
      vertex 47.82675468566066 -34.304399088761514 8
    endloop
  endfacet
  facet normal 0 0 1
    outer loop
      vertex 47.825 -35.08086570489101 8
      vertex 47.98337736630713 -35.00276263110976 8
      vertex 47.82675468566066 -34.304399088761514 8
    endloop
  endfacet
  facet normal 0 0 1
    outer loop
      vertex 47.98337736630713 -35.00276263110976 8
      vertex 48.150594289111595 -34.94600013450976 8
      vertex 47.82675468566066 -34.304399088761514 8
    endloop
  endfacet
  facet normal 0 0 1
    outer loop
      vertex 48.32378964050293 -34.911549437145354 8
      vertex 47.98337736630713 -34.20797931904186 8
      vertex 47.82675468566066 -34.304399088761514 8
    endloop
  endfacet
  facet normal 0 0 1
    outer loop
      vertex 48.150594289111595 -34.94600013450976 8
      vertex 48.32378964050293 -34.911549437145354 8
      vertex 47.82675468566066 -34.304399088761514 8
    endloop
  endfacet
  facet normal 0 0 1
    outer loop
      vertex 48.32378964050293 -34.911549437145354 8
      vertex 48.5 -34.9 8
      vertex 47.98337736630713 -34.20797931904186 8
    endloop
  endfacet
  facet normal 0 0 1
    outer loop
      vertex 48.5 -34.9 8
      vertex 48.67621035949707 -34.911549437145354 8
      vertex 47.98337736630713 -34.20797931904186 8
    endloop
  endfacet
  facet normal 0 0 1
    outer loop
      vertex 48.67621035949707 -34.911549437145354 8
      vertex 48.849405710888405 -34.94600013450976 8
      vertex 47.98337736630713 -34.20797931904186 8
    endloop
  endfacet
  facet normal 0 0 1
    outer loop
      vertex 48.849405710888405 -34.94600013450976 8
      vertex 49.01662263369287 -35.00276263110976 8
      vertex 47.98337736630713 -34.20797931904186 8
    endloop
  endfacet
  facet normal 0 0 1
    outer loop
      vertex 49.01662263369287 -35.00276263110976 8
      vertex 49.175 -35.08086570489101 8
      vertex 47.98337736630713 -34.20797931904186 8
    endloop
  endfacet
  facet normal 0 0 1
    outer loop
      vertex 49.175 -35.08086570489101 8
      vertex 49.45667544521671 -34.03118949314497 8
      vertex 47.98337736630713 -34.20797931904186 8
    endloop
  endfacet
  facet normal 0 0 1
    outer loop
      vertex 49.175 -35.08086570489101 8
      vertex 49.32182792916177 -35.17897299060683 8
      vertex 49.45667544521671 -34.03118949314497 8
    endloop
  endfacet
  facet normal 0 0 1
    outer loop
      vertex 49.49829653216317 -35.34523885620918 8
      vertex 49.45667544521671 -34.03118949314497 8
      vertex 49.45459415460184 -35.29540584539816 8
    endloop
  endfacet
  facet normal 0 0 1
    outer loop
      vertex 49.45459415460184 -35.29540584539816 8
      vertex 49.45667544521671 -34.03118949314497 8
      vertex 49.32182792916177 -35.17897299060683 8
    endloop
  endfacet
  facet normal 0 1 0
    outer loop
      vertex 51.600000001490116 -33.75 7.7
      vertex 48.5 -33.75 8
      vertex 51.8 -33.75 8
    endloop
  endfacet
  facet normal 0 1 0
    outer loop
      vertex 51.600000001490116 -33.75 7.7
      vertex 51.8 -33.75 8
      vertex 51.8 -33.75 7.7
    endloop
  endfacet
  facet normal -0.5555702330196043 -0.8314696123025439 0
    outer loop
      vertex 46.9780964274782 34.26661664927191 5.1
      vertex 47.25 34.0849364905389 5.1
      vertex 46.9780964274782 34.26661664927191 8
    endloop
  endfacet
  facet normal -0.8314696123025478 -0.5555702330195983 0
    outer loop
      vertex 46.440310982604046 34.84229592793736 5.1
      vertex 46.51661664927191 34.7280964274782 5.1
      vertex 46.51661664927191 34.7280964274782 8
    endloop
  endfacet
  facet normal -0.5555702330196043 -0.8314696123025439 0
    outer loop
      vertex 47.25 34.0849364905389 5.1
      vertex 47.25 34.0849364905389 8
      vertex 46.9780964274782 34.26661664927191 8
    endloop
  endfacet
  facet normal -0.8314696123025439 -0.5555702330196042 -3.4023318448445275e-16
    outer loop
      vertex 46.440310982604046 34.84229592793736 5.1
      vertex 46.51661664927191 34.7280964274782 8
      vertex 46.3349364905389 35 8
    endloop
  endfacet
  facet normal -0.3214394653031609 -0.946930129495106 -1.5787830181210107e-17
    outer loop
      vertex 47.543291419087275 33.94030116872178 5.1
      vertex 47.67334902571297 33.89615256025511 5.1
      vertex 47.698121903165486 33.887743301499555 5.5
    endloop
  endfacet
  facet normal -0.3214394653031609 -0.946930129495106 1.5787830181210107e-17
    outer loop
      vertex 47.722894780618 33.879334042744 5.1
      vertex 47.8529523872437 33.83518543427733 5.1
      vertex 47.698121903165486 33.887743301499555 5.5
    endloop
  endfacet
  facet normal -0.3214394653031609 -0.9469301294951059 0
    outer loop
      vertex 47.543291419087275 33.94030116872178 5.1
      vertex 47.698121903165486 33.887743301499555 5.5
      vertex 47.543291419087275 33.94030116872178 8
    endloop
  endfacet
  facet normal -0.3214394653031609 -0.9469301294951059 0
    outer loop
      vertex 47.8529523872437 33.83518543427733 5.1
      vertex 47.8529523872437 33.83518543427733 8
      vertex 47.698121903165486 33.887743301499555 5.5
    endloop
  endfacet
  facet normal 0 -1 0
    outer loop
      vertex 48.5 33.75 5.1
      vertex 51.600000001490116 33.75 5.1
      vertex 48.5 33.75 8
    endloop
  endfacet
  facet normal 0 -1 0
    outer loop
      vertex 51.600000001490116 33.75 5.1
      vertex 51.600000001490116 33.75 7.7
      vertex 48.5 33.75 8
    endloop
  endfacet
  facet normal -0.321439465303161 -0.9469301294951059 0
    outer loop
      vertex 47.698121903165486 33.887743301499555 5.5
      vertex 47.8529523872437 33.83518543427733 8
      vertex 47.543291419087275 33.94030116872178 8
    endloop
  endfacet
  facet normal 0 0 1
    outer loop
      vertex 47.165855111027106 35.27324945318623 8
      vertex 47.825 35.08086570489101 8
      vertex 47.67817207083823 35.17897299060683 8
    endloop
  endfacet
  facet normal 0 0 1
    outer loop
      vertex 47.165855111027106 35.27324945318623 8
      vertex 47.67817207083823 35.17897299060683 8
      vertex 47.54540584539816 35.29540584539816 8
    endloop
  endfacet
  facet normal 0 0 1
    outer loop
      vertex 47.972636980685806 35.008059203152726 8
      vertex 47.825 35.08086570489101 8
      vertex 47.165855111027106 35.27324945318623 8
    endloop
  endfacet
  facet normal 0 0 1
    outer loop
      vertex 47.972636980685806 35.008059203152726 8
      vertex 47.981470863945226 34.15911554902456 8
      vertex 47.98337736630713 35.00276263110976 8
    endloop
  endfacet
  facet normal 0 0 1
    outer loop
      vertex 47.981470863945226 34.15911554902456 8
      vertex 48.150594289111595 34.94600013450976 8
      vertex 47.98337736630713 35.00276263110976 8
    endloop
  endfacet
  facet normal 0 0 1
    outer loop
      vertex 47.981470863945226 34.15911554902456 8
      vertex 48.150594289111595 34.14099573888968 8
      vertex 48.150594289111595 34.94600013450976 8
    endloop
  endfacet
  facet normal 0 0 1
    outer loop
      vertex 48.32374278446324 34.89265026872621 8
      vertex 48.150594289111595 34.94600013450976 8
      vertex 48.150594289111595 34.14099573888968 8
    endloop
  endfacet
  facet normal 0 0 1
    outer loop
      vertex 48.150594289111595 34.94600013450976 8
      vertex 48.32374278446324 34.89265026872621 8
      vertex 48.32378964050293 34.911549437145354 8
    endloop
  endfacet
  facet normal 0 0 1
    outer loop
      vertex 48.32374278446324 34.89265026872621 8
      vertex 48.5 34.9 8
      vertex 48.32378964050293 34.911549437145354 8
    endloop
  endfacet
  facet normal 0 0 1
    outer loop
      vertex 48.32374278446324 34.89265026872621 8
      vertex 49.57102700939317 34.4826663215015 8
      vertex 48.5 34.9 8
    endloop
  endfacet
  facet normal 0 0 1
    outer loop
      vertex 49.57102700939317 34.4826663215015 8
      vertex 48.67621035949707 34.911549437145354 8
      vertex 48.5 34.9 8
    endloop
  endfacet
  facet normal 0 0 1
    outer loop
      vertex 49.57102700939317 34.4826663215015 8
      vertex 48.849405710888405 34.94600013450976 8
      vertex 48.67621035949707 34.911549437145354 8
    endloop
  endfacet
  facet normal 0 0 1
    outer loop
      vertex 49.57102700939317 34.4826663215015 8
      vertex 49.01662263369287 35.00276263110976 8
      vertex 48.849405710888405 34.94600013450976 8
    endloop
  endfacet
  facet normal 0 0 1
    outer loop
      vertex 49.57102700939317 34.4826663215015 8
      vertex 49.175 35.08086570489101 8
      vertex 49.01662263369287 35.00276263110976 8
    endloop
  endfacet
  facet normal 0 0 1
    outer loop
      vertex 49.57102700939317 34.4826663215015 8
      vertex 49.32182792916177 35.17897299060683 8
      vertex 49.175 35.08086570489101 8
    endloop
  endfacet
  facet normal 0 0 1
    outer loop
      vertex 49.57102700939317 34.4826663215015 8
      vertex 49.45459415460184 35.29540584539816 8
      vertex 49.32182792916177 35.17897299060683 8
    endloop
  endfacet
  facet normal 0 0 1
    outer loop
      vertex 49.57102700939317 34.4826663215015 8
      vertex 49.57102700939317 35.42817207083823 8
      vertex 49.45459415460184 35.29540584539816 8
    endloop
  endfacet
  facet normal 0 0 1
    outer loop
      vertex 49.669018919908275 35.491499522239494 8
      vertex 49.57102700939317 35.42817207083823 8
      vertex 49.57102700939317 34.4826663215015 8
    endloop
  endfacet
  facet normal 0 -1 0
    outer loop
      vertex 51.600000001490116 33.75 7.7
      vertex 51.8 33.75 8
      vertex 48.5 33.75 8
    endloop
  endfacet
  facet normal 0 -1 0
    outer loop
      vertex 51.600000001490116 33.75 7.7
      vertex 51.8 33.75 7.7
      vertex 51.8 33.75 8
    endloop
  endfacet
  facet normal -0.9469301294951059 -0.3214394653031609 0
    outer loop
      vertex 46.19030116872178 35.293291419087275 5.1
      vertex 46.08518543427733 35.6029523872437 8
      vertex 46.08518543427733 35.6029523872437 5.1
    endloop
  endfacet
  facet normal -0.980785280403233 -0.19509032201611617 0
    outer loop
      vertex 46.05839044743835 35.73765988277029 5.1
      vertex 46.021387846565474 35.92368451944987 8
      vertex 46.021387846565474 35.92368451944987 5.1
    endloop
  endfacet
  facet normal -0.9469301294951059 -0.3214394653031609 0
    outer loop
      vertex 46.19030116872178 35.293291419087275 5.1
      vertex 46.19030116872178 35.293291419087275 8
      vertex 46.08518543427733 35.6029523872437 8
    endloop
  endfacet
  facet normal -0.9469301294951059 0.3214394653031609 0
    outer loop
      vertex 46.08518543427733 36.8970476127563 5.1
      vertex 46.19030116872178 37.206708580912725 8
      vertex 46.19030116872178 37.206708580912725 5.1
    endloop
  endfacet
  facet normal -0.8314696123025478 0.5555702330195983 0
    outer loop
      vertex 46.440310982604046 37.65770407206264 5.1
      vertex 46.51661664927191 37.7719035725218 8
      vertex 46.51661664927191 37.7719035725218 5.1
    endloop
  endfacet
  facet normal -0.6593458151000599 0.7518398074789853 0
    outer loop
      vertex 46.73223304703363 38.01776695296637 5.1
      vertex 46.73223304703363 38.01776695296637 8
      vertex 46.83549566682035 38.10832584002629 5.1
    endloop
  endfacet
  facet normal -0.9469301294951059 0.3214394653031609 0
    outer loop
      vertex 46.08518543427733 36.8970476127563 5.1
      vertex 46.08518543427733 36.8970476127563 8
      vertex 46.19030116872178 37.206708580912725 8
    endloop
  endfacet
  facet normal -0.8314696123025439 0.5555702330196042 -3.4023318448445275e-16
    outer loop
      vertex 46.440310982604046 37.65770407206264 5.1
      vertex 46.3349364905389 37.5 8
      vertex 46.51661664927191 37.7719035725218 8
    endloop
  endfacet
  facet normal -0.659345815100071 0.7518398074789756 -6.951000543230698e-16
    outer loop
      vertex 46.83549566682035 38.10832584002629 5.1
      vertex 46.73223304703363 38.01776695296637 8
      vertex 46.9780964274782 38.23338335072809 8
    endloop
  endfacet
  facet normal 0 0 1
    outer loop
      vertex 47.165855111027106 35.27324945318623 8
      vertex 47.33086570489101 35.575 8
      vertex 47.25276263110976 35.73337736630713 8
    endloop
  endfacet
  facet normal 0 0 1
    outer loop
      vertex 47.04881333685931 36.07378964050293 8
      vertex 47.165855111027106 35.27324945318623 8
      vertex 47.19600013450976 35.900594289111595 8
    endloop
  endfacet
  facet normal 0 0 1
    outer loop
      vertex 47.165855111027106 35.27324945318623 8
      vertex 47.25276263110976 35.73337736630713 8
      vertex 47.19600013450976 35.900594289111595 8
    endloop
  endfacet
  facet normal 0 0 1
    outer loop
      vertex 47.04881333685931 36.07378964050293 8
      vertex 47.19600013450976 35.900594289111595 8
      vertex 47.161549437145354 36.07378964050293 8
    endloop
  endfacet
  facet normal 0 0 1
    outer loop
      vertex 47.04881333685931 36.07378964050293 8
      vertex 47.161549437145354 36.07378964050293 8
      vertex 47.15 36.25 8
    endloop
  endfacet
  facet normal 0 0 1
    outer loop
      vertex 47.04881333685931 36.07378964050293 8
      vertex 47.15 36.25 8
      vertex 47.161549437145354 36.42621035949707 8
    endloop
  endfacet
  facet normal 0 0 1
    outer loop
      vertex 47.04881333685931 36.07378964050293 8
      vertex 47.161549437145354 36.42621035949707 8
      vertex 47.19600013450976 36.599405710888405 8
    endloop
  endfacet
  facet normal 0 0 1
    outer loop
      vertex 47.04881333685931 36.07378964050293 8
      vertex 47.19600013450976 36.599405710888405 8
      vertex 47.27381039626679 37.204926242874336 8
    endloop
  endfacet
  facet normal 0 0 1
    outer loop
      vertex 47.27381039626679 37.204926242874336 8
      vertex 47.19600013450976 36.599405710888405 8
      vertex 47.25276263110976 36.76662263369287 8
    endloop
  endfacet
  facet normal 0 1 0
    outer loop
      vertex 51.320425711011154 38.75 5.1
      vertex 51.320425711011154 38.75 8
      vertex 51.600000001490116 38.75 5.1
    endloop
  endfacet
  facet normal 0 1 0
    outer loop
      vertex 51.600000001490116 38.75 5.1
      vertex 51.320425711011154 38.75 8
      vertex 51.600000001490116 38.75 7.7
    endloop
  endfacet
  facet normal 0 0 1
    outer loop
      vertex 47.165855111027106 35.27324945318623 8
      vertex 47.42897299060683 35.42817207083823 8
      vertex 47.33086570489101 35.575 8
    endloop
  endfacet
  facet normal 0 0 1
    outer loop
      vertex 47.165855111027106 35.27324945318623 8
      vertex 47.54540584539816 35.29540584539816 8
      vertex 47.42897299060683 35.42817207083823 8
    endloop
  endfacet
  facet normal 0 0 1
    outer loop
      vertex 47.27381039626679 37.204926242874336 8
      vertex 47.25276263110976 36.76662263369287 8
      vertex 47.33086570489101 36.925 8
    endloop
  endfacet
  facet normal 0 0 1
    outer loop
      vertex 47.27381039626679 37.204926242874336 8
      vertex 47.33086570489101 36.925 8
      vertex 47.42897299060683 37.07182792916177 8
    endloop
  endfacet
  facet normal 0 0 1
    outer loop
      vertex 47.27381039626679 37.204926242874336 8
      vertex 47.42897299060683 37.07182792916177 8
      vertex 47.54540584539816 37.20459415460184 8
    endloop
  endfacet
  facet normal 0 0 1
    outer loop
      vertex 47.55861766809391 37.216180612139254 8
      vertex 47.27381039626679 37.204926242874336 8
      vertex 47.54540584539816 37.20459415460184 8
    endloop
  endfacet
  facet normal 0 0 1
    outer loop
      vertex 47.55861766809391 37.216180612139254 8
      vertex 47.67817207083823 37.32102700939317 8
      vertex 47.43032266369646 37.32102700939317 8
    endloop
  endfacet
  facet normal 0 0 1
    outer loop
      vertex 47.43032266369646 37.32102700939317 8
      vertex 47.67817207083823 37.32102700939317 8
      vertex 47.318978804067434 37.418614476081295 8
    endloop
  endfacet
  facet normal 0 0 1
    outer loop
      vertex 47.318978804067434 37.418614476081295 8
      vertex 47.67817207083823 37.32102700939317 8
      vertex 47.825 37.41913429510899 8
    endloop
  endfacet
  facet normal 0 0 1
    outer loop
      vertex 47.318978804067434 37.418614476081295 8
      vertex 47.825 37.41913429510899 8
      vertex 47.98337736630713 37.49723736889024 8
    endloop
  endfacet
  facet normal 0 0 1
    outer loop
      vertex 47.318978804067434 37.418614476081295 8
      vertex 47.98337736630713 37.49723736889024 8
      vertex 48.150594289111595 37.55399986549024 8
    endloop
  endfacet
  facet normal 0 0 1
    outer loop
      vertex 47.318978804067434 37.418614476081295 8
      vertex 48.150594289111595 37.55399986549024 8
      vertex 48.34708160284579 37.69900493225581 8
    endloop
  endfacet
  facet normal 0 0 1
    outer loop
      vertex 48.150594289111595 37.55399986549024 8
      vertex 48.32378964050293 37.588450562854646 8
      vertex 48.34708160284579 37.69900493225581 8
    endloop
  endfacet
  facet normal 0 0 1
    outer loop
      vertex 48.5 37.6 8
      vertex 48.40411561271554 37.63377675122853 8
      vertex 48.32378964050293 37.588450562854646 8
    endloop
  endfacet
  facet normal 0 0 1
    outer loop
      vertex 48.32378964050293 37.588450562854646 8
      vertex 48.40411561271554 37.63377675122853 8
      vertex 48.34708160284579 37.69900493225581 8
    endloop
  endfacet
  facet normal 0 0 1
    outer loop
      vertex 48.5 37.6 8
      vertex 48.715745722652315 37.727486108840004 8
      vertex 48.40411561271554 37.63377675122853 8
    endloop
  endfacet
  facet normal 0 0 1
    outer loop
      vertex 48.5 37.6 8
      vertex 48.67621035949707 37.588450562854646 8
      vertex 48.715745722652315 37.727486108840004 8
    endloop
  endfacet
  facet normal 0 0 1
    outer loop
      vertex 48.849405710888405 37.55399986549024 8
      vertex 48.84997381713521 37.55438417455951 8
      vertex 48.715745722652315 37.727486108840004 8
    endloop
  endfacet
  facet normal 0 0 1
    outer loop
      vertex 48.67621035949707 37.588450562854646 8
      vertex 48.849405710888405 37.55399986549024 8
      vertex 48.715745722652315 37.727486108840004 8
    endloop
  endfacet
  facet normal 0 0 1
    outer loop
      vertex 49.01662263369287 37.49723736889024 8
      vertex 48.84997381713521 37.55438417455951 8
      vertex 48.849405710888405 37.55399986549024 8
    endloop
  endfacet
  facet normal 0 0 1
    outer loop
      vertex 49.57102700939317 35.42817207083823 8
      vertex 49.669018919908275 35.491499522239494 8
      vertex 49.66913429510899 35.575 8
    endloop
  endfacet
  facet normal 0 0 1
    outer loop
      vertex 49.669018919908275 35.491499522239494 8
      vertex 49.80230790917779 35.382571895757394 8
      vertex 49.66913429510899 35.575 8
    endloop
  endfacet
  facet normal 0 0 1
    outer loop
      vertex 49.80230790917779 35.382571895757394 8
      vertex 49.74723736889024 35.73337736630713 8
      vertex 49.66913429510899 35.575 8
    endloop
  endfacet
  facet normal 0 0 1
    outer loop
      vertex 49.80230790917779 35.382571895757394 8
      vertex 49.80399986549024 35.900594289111595 8
      vertex 49.74723736889024 35.73337736630713 8
    endloop
  endfacet
  facet normal 0 0 1
    outer loop
      vertex 49.83815106193168 35.993711041407096 8
      vertex 49.80399986549024 35.900594289111595 8
      vertex 49.80230790917779 35.382571895757394 8
    endloop
  endfacet
  facet normal 0 0 1
    outer loop
      vertex 49.80399986549024 35.900594289111595 8
      vertex 49.83815106193168 35.993711041407096 8
      vertex 49.838450562854646 36.07378964050293 8
    endloop
  endfacet
  facet normal 0 0 1
    outer loop
      vertex 49.83815106193168 35.993711041407096 8
      vertex 49.84895442995403 35.98135553551377 8
      vertex 49.838450562854646 36.07378964050293 8
    endloop
  endfacet
  facet normal 0 0 1
    outer loop
      vertex 49.84895442995403 35.98135553551377 8
      vertex 49.85494316100397 36.25836534939134 8
      vertex 49.838450562854646 36.07378964050293 8
    endloop
  endfacet
  facet normal 0 0 1
    outer loop
      vertex 49.84894468139329 36.266101050530146 8
      vertex 49.85 36.25 8
      vertex 49.85494316100397 36.25836534939134 8
    endloop
  endfacet
  facet normal 0 0 1
    outer loop
      vertex 49.85494316100397 36.25836534939134 8
      vertex 49.85 36.25 8
      vertex 49.838450562854646 36.07378964050293 8
    endloop
  endfacet
  facet normal 0 0 1
    outer loop
      vertex 49.84894468139329 36.266101050530146 8
      vertex 49.9352691457507 36.5803950466284 8
      vertex 49.838450562854646 36.42621035949707 8
    endloop
  endfacet
  facet normal 0 0 1
    outer loop
      vertex 49.838450562854646 36.42621035949707 8
      vertex 49.9352691457507 36.5803950466284 8
      vertex 49.80399986549024 36.599405710888405 8
    endloop
  endfacet
  facet normal 0 0 1
    outer loop
      vertex 49.80399986549024 36.599405710888405 8
      vertex 49.9352691457507 36.5803950466284 8
      vertex 49.74723736889024 36.76662263369287 8
    endloop
  endfacet
  facet normal 0 0 1
    outer loop
      vertex 49.32182792916177 37.32102700939317 8
      vertex 49.45459415460184 37.20459415460184 8
      vertex 49.228354150019605 37.65339102229168 8
    endloop
  endfacet
  facet normal 0 0 1
    outer loop
      vertex 49.66913429510899 36.925 8
      vertex 49.9352691457507 36.5803950466284 8
      vertex 49.57102700939317 37.07182792916177 8
    endloop
  endfacet
  facet normal 0 0 1
    outer loop
      vertex 49.45459415460184 37.20459415460184 8
      vertex 49.57102700939317 37.07182792916177 8
      vertex 49.228354150019605 37.65339102229168 8
    endloop
  endfacet
  facet normal 0 0 1
    outer loop
      vertex 49.57102700939317 37.07182792916177 8
      vertex 49.9352691457507 36.5803950466284 8
      vertex 49.228354150019605 37.65339102229168 8
    endloop
  endfacet
  facet normal 0 0 1
    outer loop
      vertex 48.84997381713521 37.55438417455951 8
      vertex 49.01662263369287 37.49723736889024 8
      vertex 49.228354150019605 37.65339102229168 8
    endloop
  endfacet
  facet normal 0 0 1
    outer loop
      vertex 49.01662263369287 37.49723736889024 8
      vertex 49.175 37.41913429510899 8
      vertex 49.228354150019605 37.65339102229168 8
    endloop
  endfacet
  facet normal 0 0 1
    outer loop
      vertex 49.175 37.41913429510899 8
      vertex 49.32182792916177 37.32102700939317 8
      vertex 49.228354150019605 37.65339102229168 8
    endloop
  endfacet
  facet normal 0 0 1
    outer loop
      vertex 49.66913429510899 36.925 8
      vertex 49.74723736889024 36.76662263369287 8
      vertex 49.9352691457507 36.5803950466284 8
    endloop
  endfacet
  facet normal 0 1 0
    outer loop
      vertex 51.600000001490116 38.75 7.7
      vertex 51.8 38.75 8
      vertex 51.8 38.75 7.7
    endloop
  endfacet
  facet normal 0 1 0
    outer loop
      vertex 51.600000001490116 38.75 7.7
      vertex 51.320425711011154 38.75 8
      vertex 51.8 38.75 8
    endloop
  endfacet
  facet normal 0 0 1
    outer loop
      vertex -49.175 -37.41913429510899 8
      vertex -49.32182792916177 -37.32102700939317 8
      vertex -49.20675649015446 -37.63746257880167 8
    endloop
  endfacet
  facet normal 0 0 1
    outer loop
      vertex -49.175 -37.41913429510899 8
      vertex -49.20675649015446 -37.63746257880167 8
      vertex -49.01662263369287 -37.49723736889024 8
    endloop
  endfacet
  facet normal 0 0 1
    outer loop
      vertex -49.01662263369287 -37.49723736889024 8
      vertex -49.20675649015446 -37.63746257880167 8
      vertex -48.871372644928385 -37.568859923838616 8
    endloop
  endfacet
  facet normal 0 0 1
    outer loop
      vertex -49.57102700939317 -37.07182792916177 8
      vertex -49.685872881892564 -37.435872881892564 8
      vertex -49.45459415460184 -37.20459415460184 8
    endloop
  endfacet
  facet normal 0 0 1
    outer loop
      vertex -49.57102700939317 -37.07182792916177 8
      vertex -49.66913429510899 -36.925 8
      vertex -49.685872881892564 -37.435872881892564 8
    endloop
  endfacet
  facet normal 0 0 1
    outer loop
      vertex -49.45459415460184 -37.20459415460184 8
      vertex -49.685872881892564 -37.435872881892564 8
      vertex -49.365049946514134 -37.359902723639024 8
    endloop
  endfacet
  facet normal 0 0 1
    outer loop
      vertex -49.45459415460184 -37.20459415460184 8
      vertex -49.365049946514134 -37.359902723639024 8
      vertex -49.32182792916177 -37.32102700939317 8
    endloop
  endfacet
  facet normal 0 0 1
    outer loop
      vertex -49.74723736889024 -36.76662263369287 8
      vertex -49.685872881892564 -37.435872881892564 8
      vertex -49.66913429510899 -36.925 8
    endloop
  endfacet
  facet normal 0 0 1
    outer loop
      vertex -49.74723736889024 -36.76662263369287 8
      vertex -49.88289397499905 -36.71603120852065 8
      vertex -49.685872881892564 -37.435872881892564 8
    endloop
  endfacet
  facet normal 0 0 1
    outer loop
      vertex -49.32182792916177 -37.32102700939317 8
      vertex -49.365049946514134 -37.359902723639024 8
      vertex -49.20675649015446 -37.63746257880167 8
    endloop
  endfacet
  facet normal 0 0 1
    outer loop
      vertex -49.80680395047995 -36.58530862368035 8
      vertex -49.88289397499905 -36.71603120852065 8
      vertex -49.80399986549024 -36.599405710888405 8
    endloop
  endfacet
  facet normal 0 0 1
    outer loop
      vertex -49.74723736889024 -36.76662263369287 8
      vertex -49.80399986549024 -36.599405710888405 8
      vertex -49.88289397499905 -36.71603120852065 8
    endloop
  endfacet
  facet normal 0 0 1
    outer loop
      vertex -49.80680395047995 -36.58530862368035 8
      vertex -49.838450562854646 -36.42621035949707 8
      vertex -49.8694154861473 -36.475522349686486 8
    endloop
  endfacet
  facet normal 0 0 1
    outer loop
      vertex -49.83852878579715 -36.42501690802003 8
      vertex -49.8694154861473 -36.475522349686486 8
      vertex -49.838450562854646 -36.42621035949707 8
    endloop
  endfacet
  facet normal 0 0 1
    outer loop
      vertex -49.83852878579715 -36.42501690802003 8
      vertex -49.85 -36.25 8
      vertex -49.906156643025696 -36.34503431896656 8
    endloop
  endfacet
  facet normal 0 0 1
    outer loop
      vertex -49.85 -36.25 8
      vertex -49.855005274354646 -36.05543600200915 8
      vertex -49.906156643025696 -36.34503431896656 8
    endloop
  endfacet
  facet normal 0 0 1
    outer loop
      vertex -49.85 -36.25 8
      vertex -49.838450562854646 -36.07378964050293 8
      vertex -49.855005274354646 -36.05543600200915 8
    endloop
  endfacet
  facet normal 0 0 1
    outer loop
      vertex -49.83030427312478 -36.032835476429696 8
      vertex -49.83929936588229 -36.04106566200249 8
      vertex -49.838450562854646 -36.07378964050293 8
    endloop
  endfacet
  facet normal 0 0 1
    outer loop
      vertex -49.838450562854646 -36.07378964050293 8
      vertex -49.83929936588229 -36.04106566200249 8
      vertex -49.855005274354646 -36.05543600200915 8
    endloop
  endfacet
  facet normal 0 0 1
    outer loop
      vertex -48.849405710888405 -37.55399986549024 8
      vertex -48.871372644928385 -37.568859923838616 8
      vertex -48.79286904939138 -37.66170510744154 8
    endloop
  endfacet
  facet normal 0 0 1
    outer loop
      vertex -49.01662263369287 -37.49723736889024 8
      vertex -48.871372644928385 -37.568859923838616 8
      vertex -48.849405710888405 -37.55399986549024 8
    endloop
  endfacet
  facet normal 0 0 1
    outer loop
      vertex -48.849405710888405 -37.55399986549024 8
      vertex -48.79286904939138 -37.66170510744154 8
      vertex -48.67621035949707 -37.588450562854646 8
    endloop
  endfacet
  facet normal 0 0 1
    outer loop
      vertex -48.60959194565344 -37.66475887697704 8
      vertex -48.67621035949707 -37.588450562854646 8
      vertex -48.79286904939138 -37.66170510744154 8
    endloop
  endfacet
  facet normal 0 0 1
    outer loop
      vertex -48.55470764385261 -37.632327244094725 8
      vertex -48.67621035949707 -37.588450562854646 8
      vertex -48.60959194565344 -37.66475887697704 8
    endloop
  endfacet
  facet normal 0 0 1
    outer loop
      vertex -48.67621035949707 -37.588450562854646 8
      vertex -48.55470764385261 -37.632327244094725 8
      vertex -48.5 -37.6 8
    endloop
  endfacet
  facet normal 0 0 1
    outer loop
      vertex -48.5 -37.6 8
      vertex -48.55470764385261 -37.632327244094725 8
      vertex -48.32378964050293 -37.588450562854646 8
    endloop
  endfacet
  facet normal 0 0 1
    outer loop
      vertex -48.32378964050293 -37.588450562854646 8
      vertex -48.55470764385261 -37.632327244094725 8
      vertex -48.12972235225299 -37.598925978103736 8
    endloop
  endfacet
  facet normal 0 0 1
    outer loop
      vertex -48.32378964050293 -37.588450562854646 8
      vertex -48.143522098545056 -37.553982672026336 8
      vertex -48.150594289111595 -37.55399986549024 8
    endloop
  endfacet
  facet normal 0 0 1
    outer loop
      vertex -48.32378964050293 -37.588450562854646 8
      vertex -48.12972235225299 -37.598925978103736 8
      vertex -48.143522098545056 -37.553982672026336 8
    endloop
  endfacet
  facet normal 0 0 1
    outer loop
      vertex -48.143522098545056 -37.553982672026336 8
      vertex -47.98337736630713 -37.49723736889024 8
      vertex -48.150594289111595 -37.55399986549024 8
    endloop
  endfacet
  facet normal 0 0 1
    outer loop
      vertex -48.143522098545056 -37.553982672026336 8
      vertex -47.992756954427946 -37.55361614131162 8
      vertex -47.98337736630713 -37.49723736889024 8
    endloop
  endfacet
  facet normal 0 0 1
    outer loop
      vertex -47.94811512665992 -37.497172415186675 8
      vertex -47.94794534734075 -37.49717210245 8
      vertex -47.825 -37.41913429510899 8
    endloop
  endfacet
  facet normal 0 0 1
    outer loop
      vertex -47.992756954427946 -37.55361614131162 8
      vertex -47.94811512665992 -37.497172415186675 8
      vertex -47.98337736630713 -37.49723736889024 8
    endloop
  endfacet
  facet normal 0 0 1
    outer loop
      vertex -47.98337736630713 -37.49723736889024 8
      vertex -47.94811512665992 -37.497172415186675 8
      vertex -47.825 -37.41913429510899 8
    endloop
  endfacet
  facet normal 0 0 1
    outer loop
      vertex -47.825 -37.41913429510899 8
      vertex -47.54604501285441 -37.41884773377252 8
      vertex -47.67817207083823 -37.32102700939317 8
    endloop
  endfacet
  facet normal 0 0 1
    outer loop
      vertex -47.94794534734075 -37.49717210245 8
      vertex -47.54604501285441 -37.41884773377252 8
      vertex -47.825 -37.41913429510899 8
    endloop
  endfacet
  facet normal 0 0 1
    outer loop
      vertex -47.5545254359584 -37.32102700939317 8
      vertex -47.67817207083823 -37.32102700939317 8
      vertex -47.54604501285441 -37.41884773377252 8
    endloop
  endfacet
  facet normal 0 0 1
    outer loop
      vertex -47.67817207083823 -37.32102700939317 8
      vertex -47.5545254359584 -37.32102700939317 8
      vertex -47.54540584539816 -37.20459415460184 8
    endloop
  endfacet
  facet normal 0 0 1
    outer loop
      vertex -47.487922544669566 -37.20459415460184 8
      vertex -47.54540584539816 -37.20459415460184 8
      vertex -47.4879213524443 -37.20466444269401 8
    endloop
  endfacet
  facet normal 0 0 1
    outer loop
      vertex -47.5545254359584 -37.32102700939317 8
      vertex -47.4879213524443 -37.20466444269401 8
      vertex -47.54540584539816 -37.20459415460184 8
    endloop
  endfacet
  facet normal 0 0 1
    outer loop
      vertex -47.54540584539816 -37.20459415460184 8
      vertex -47.487922544669566 -37.20459415460184 8
      vertex -47.36657672802977 -37.071915153909806 8
    endloop
  endfacet
  facet normal 0 0 1
    outer loop
      vertex -47.54540584539816 -37.20459415460184 8
      vertex -47.36657672802977 -37.071915153909806 8
      vertex -47.42897299060683 -37.07182792916177 8
    endloop
  endfacet
  facet normal 0 0 1
    outer loop
      vertex -47.42897299060683 -37.07182792916177 8
      vertex -47.36657672802977 -37.071915153909806 8
      vertex -47.37144041265574 -36.985724341459154 8
    endloop
  endfacet
  facet normal 0 0 1
    outer loop
      vertex -47.34408210402813 -36.9447797391103 8
      vertex -47.25 -36.92512529932672 8
      vertex -47.33086570489101 -36.925 8
    endloop
  endfacet
  facet normal 0 0 1
    outer loop
      vertex -47.33086570489101 -36.925 8
      vertex -47.25 -36.92512529932672 8
      vertex -47.25276263110976 -36.76662263369287 8
    endloop
  endfacet
  facet normal 0 0 1
    outer loop
      vertex -47.25276263110976 -36.76662263369287 8
      vertex -47.25 -36.92512529932672 8
      vertex -47.25 -36.75848418488091 8
    endloop
  endfacet
  facet normal 0 0 1
    outer loop
      vertex -47.25 -35.74151581511909 8
      vertex -47.25 -35.43038733368414 8
      vertex -47.25276263110976 -35.73337736630713 8
    endloop
  endfacet
  facet normal 0 0 1
    outer loop
      vertex -47.25276263110976 -35.73337736630713 8
      vertex -47.25 -35.43038733368414 8
      vertex -47.33086570489101 -35.575 8
    endloop
  endfacet
  facet normal 0 0 1
    outer loop
      vertex -47.42897299060683 -35.42817207083823 8
      vertex -47.33086570489101 -35.575 8
      vertex -47.25 -35.43038733368414 8
    endloop
  endfacet
  facet normal 0.7518398074789756 -0.6593458151000708 5.8617055896796715e-15
    outer loop
      vertex -46.73223304703363 -38.01776695296637 5.1
      vertex -46.51661664927191 -37.7719035725218 5.1
      vertex -46.62442484815277 -37.89483526274408 5.5
    endloop
  endfacet
  facet normal 0.7518398074789663 -0.6593458151000816 0
    outer loop
      vertex -46.51661664927191 -37.7719035725218 5.1
      vertex -46.51661664927191 -37.7719035725218 5.5
      vertex -46.62442484815277 -37.89483526274408 5.5
    endloop
  endfacet
  facet normal 0.98078528040324 0.19509032201608045 -8.635943109122148e-15
    outer loop
      vertex -46.058390447438356 -35.73765988277029 5.1
      vertex -46.08518543427733 -35.6029523872437 5.1
      vertex -46.053286640421405 -35.763318453346784 5.5
    endloop
  endfacet
  facet normal 0.7518398074789852 -0.6593458151000601 0
    outer loop
      vertex -46.73223304703363 -38.01776695296637 5.1
      vertex -46.62442484815277 -37.89483526274408 5.5
      vertex -46.73223304703363 -38.01776695296637 8
    endloop
  endfacet
  facet normal 0.8314696123025478 -0.5555702330195983 0
    outer loop
      vertex -46.411242157206765 -37.61419950045916 5.1
      vertex -46.3349364905389 -37.5 5.1
      vertex -46.3349364905389 -37.5 8
    endloop
  endfacet
  facet normal 0.9469301294951059 -0.32143946530316087 0
    outer loop
      vertex -46.129334042744 -37.027105219382 5.1
      vertex -46.08518543427733 -36.8970476127563 5.1
      vertex -46.08518543427733 -36.8970476127563 8
    endloop
  endfacet
  facet normal 0.8314696123025439 -0.5555702330196042 3.4023318448445275e-16
    outer loop
      vertex -46.411242157206765 -37.61419950045916 5.1
      vertex -46.3349364905389 -37.5 8
      vertex -46.51661664927191 -37.7719035725218 8
    endloop
  endfacet
  facet normal 0.9469301294951059 -0.3214394653031609 1.829210669271253e-18
    outer loop
      vertex -46.129334042744 -37.027105219382 5.1
      vertex -46.08518543427733 -36.8970476127563 8
      vertex -46.19030116872178 -37.206708580912725 8
    endloop
  endfacet
  facet normal 0.9978589232386024 0.06540312923015945 0
    outer loop
      vertex -46 -36.25 5.1
      vertex -46.0089828955575 -36.11294749816894 5.1
      vertex -46 -36.25 8
    endloop
  endfacet
  facet normal 0.9807852804032359 0.19509032201610116 0
    outer loop
      vertex -46.08518543427733 -35.6029523872437 5.1
      vertex -46.08518543427733 -35.6029523872437 8
      vertex -46.053286640421405 -35.763318453346784 5.5
    endloop
  endfacet
  facet normal 0.9978589232386035 0.06540312923014452 -7.085904830089502e-16
    outer loop
      vertex -46.0089828955575 -36.11294749816894 5.1
      vertex -46.021387846565474 -35.92368451944987 8
      vertex -46 -36.25 8
    endloop
  endfacet
  facet normal 0 0 1
    outer loop
      vertex -47.25 -36.75848418488091 8
      vertex -47.08582150441613 -36.599600776773265 8
      vertex -47.19600013450976 -36.599405710888405 8
    endloop
  endfacet
  facet normal 0 0 1
    outer loop
      vertex -47.19600013450976 -36.599405710888405 8
      vertex -47.08582150441613 -36.599600776773265 8
      vertex -47.161549437145354 -36.42621035949707 8
    endloop
  endfacet
  facet normal 0 0 1
    outer loop
      vertex -47.161549437145354 -36.42621035949707 8
      vertex -47.08582150441613 -36.599600776773265 8
      vertex -47.15 -36.25 8
    endloop
  endfacet
  facet normal 0 0 1
    outer loop
      vertex -47.15 -36.25 8
      vertex -47.08582150441613 -36.599600776773265 8
      vertex -47.13187989167208 -35.90106898991181 8
    endloop
  endfacet
  facet normal 0 0 1
    outer loop
      vertex -47.15 -36.25 8
      vertex -47.13187989167208 -35.90106898991181 8
      vertex -47.161549437145354 -36.07378964050293 8
    endloop
  endfacet
  facet normal 0 0 1
    outer loop
      vertex -47.161549437145354 -36.07378964050293 8
      vertex -47.13187989167208 -35.90106898991181 8
      vertex -47.19600013450976 -35.900594289111595 8
    endloop
  endfacet
  facet normal 0 0 1
    outer loop
      vertex -47.25 -35.74151581511909 8
      vertex -47.19600013450976 -35.900594289111595 8
      vertex -47.13187989167208 -35.90106898991181 8
    endloop
  endfacet
  facet normal 0.19509032201608045 0.98078528040324 -8.635943109122148e-15
    outer loop
      vertex -47.98765988277029 -33.808390447438356 5.1
      vertex -48.013318453346784 -33.803286640421405 5.5
      vertex -47.8529523872437 -33.83518543427733 5.1
    endloop
  endfacet
  facet normal 0.19509032201610116 0.9807852804032359 0
    outer loop
      vertex -47.8529523872437 -33.83518543427733 5.1
      vertex -48.013318453346784 -33.803286640421405 5.5
      vertex -47.8529523872437 -33.83518543427733 8
    endloop
  endfacet
  facet normal 0.4422886902190004 0.8968727415326887 0
    outer loop
      vertex -47.543291419087275 -33.94030116872178 5.1
      vertex -47.25 -34.0849364905389 8
      vertex -47.25 -34.0849364905389 5.1
    endloop
  endfacet
  facet normal 0.4422886902190004 0.8968727415326887 0
    outer loop
      vertex -47.543291419087275 -33.94030116872178 5.1
      vertex -47.543291419087275 -33.94030116872178 8
      vertex -47.25 -34.0849364905389 8
    endloop
  endfacet
  facet normal 0 0 1
    outer loop
      vertex -49.33044604066263 -35.186530871548534 8
      vertex -49.32182792916177 -35.17897299060683 8
      vertex -49.32536843623472 -35.07220943671936 8
    endloop
  endfacet
  facet normal 0 0 1
    outer loop
      vertex -49.32182792916177 -35.17897299060683 8
      vertex -49.175 -35.08086570489101 8
      vertex -49.32536843623472 -35.07220943671936 8
    endloop
  endfacet
  facet normal 0 0 1
    outer loop
      vertex -49.175 -35.08086570489101 8
      vertex -49.20491529865545 -34.23034965289981 8
      vertex -49.32536843623472 -35.07220943671936 8
    endloop
  endfacet
  facet normal 0 0 1
    outer loop
      vertex -49.01662263369287 -35.00276263110976 8
      vertex -49.20491529865545 -34.23034965289981 8
      vertex -49.175 -35.08086570489101 8
    endloop
  endfacet
  facet normal 0 0 1
    outer loop
      vertex -48.849405710888405 -34.94600013450976 8
      vertex -49.02904655659044 -34.66998785685822 8
      vertex -49.01662263369287 -35.00276263110976 8
    endloop
  endfacet
  facet normal 0 0 1
    outer loop
      vertex -49.01662263369287 -35.00276263110976 8
      vertex -49.02904655659044 -34.66998785685822 8
      vertex -49.20491529865545 -34.23034965289981 8
    endloop
  endfacet
  facet normal 0 0 1
    outer loop
      vertex -49.02904655659044 -34.66998785685822 8
      vertex -48.849405710888405 -34.94600013450976 8
      vertex -48.67621035949707 -34.911549437145354 8
    endloop
  endfacet
  facet normal 0 0 1
    outer loop
      vertex -48.67621035949707 -34.911549437145354 8
      vertex -48.5 -34.9 8
      vertex -48.54414470521259 -33.90406869603721 8
    endloop
  endfacet
  facet normal 0 0 1
    outer loop
      vertex -48.365308937030804 -34.90882811867726 8
      vertex -48.54414470521259 -33.90406869603721 8
      vertex -48.5 -34.9 8
    endloop
  endfacet
  facet normal 0 0 1
    outer loop
      vertex -48.365308937030804 -34.90882811867726 8
      vertex -48.32378964050293 -34.911549437145354 8
      vertex -48.37268705456942 -33.86415102383782 8
    endloop
  endfacet
  facet normal 0 0 1
    outer loop
      vertex -48.32378964050293 -34.911549437145354 8
      vertex -48.150594289111595 -34.94600013450976 8
      vertex -48.37268705456942 -33.86415102383782 8
    endloop
  endfacet
  facet normal 0 0 1
    outer loop
      vertex -48.117673388447585 -34.957175274445774 8
      vertex -48.206504180208476 -33.80470108895647 8
      vertex -48.150594289111595 -34.94600013450976 8
    endloop
  endfacet
  facet normal 0 0 1
    outer loop
      vertex -49.02904655659044 -34.66998785685822 8
      vertex -48.67621035949707 -34.911549437145354 8
      vertex -48.89117151072836 -33.89150577655043 8
    endloop
  endfacet
  facet normal 0 0 1
    outer loop
      vertex -48.67621035949707 -34.911549437145354 8
      vertex -48.54414470521259 -33.90406869603721 8
      vertex -48.89117151072836 -33.89150577655043 8
    endloop
  endfacet
  facet normal 0 0 1
    outer loop
      vertex -48.150594289111595 -34.94600013450976 8
      vertex -48.206504180208476 -33.80470108895647 8
      vertex -48.37268705456942 -33.86415102383782 8
    endloop
  endfacet
  facet normal 0 0 1
    outer loop
      vertex -48.117673388447585 -34.957175274445774 8
      vertex -47.98337736630713 -35.00276263110976 8
      vertex -48.044440403776036 -33.80997555864279 8
    endloop
  endfacet
  facet normal 0 0 1
    outer loop
      vertex -47.88456015777857 -35.051493885508805 8
      vertex -48.044440403776036 -33.80997555864279 8
      vertex -47.98337736630713 -35.00276263110976 8
    endloop
  endfacet
  facet normal 0 0 1
    outer loop
      vertex -47.744043352677906 -35.1349592072292 8
      vertex -47.864863550807904 -34.33242512454779 8
      vertex -47.825 -35.08086570489101 8
    endloop
  endfacet
  facet normal 0 0 1
    outer loop
      vertex -47.883751211832006 -35.05189281350226 8
      vertex -47.825 -35.08086570489101 8
      vertex -47.864863550807904 -34.33242512454779 8
    endloop
  endfacet
  facet normal 0 0 1
    outer loop
      vertex -47.744043352677906 -35.1349592072292 8
      vertex -47.67817207083823 -35.17897299060683 8
      vertex -47.62334204639096 -33.92437810893458 8
    endloop
  endfacet
  facet normal 0 0 1
    outer loop
      vertex -47.42897299060683 -35.42817207083823 8
      vertex -47.25 -35.43038733368414 8
      vertex -47.45081869845905 -33.993690318869184 8
    endloop
  endfacet
  facet normal 0 0 1
    outer loop
      vertex -47.44592078901297 -35.40884681055894 8
      vertex -47.42897299060683 -35.42817207083823 8
      vertex -47.45081869845905 -33.993690318869184 8
    endloop
  endfacet
  facet normal 0 0 1
    outer loop
      vertex -47.67817207083823 -35.17897299060683 8
      vertex -47.54540584539816 -35.29540584539816 8
      vertex -47.62334204639096 -33.92437810893458 8
    endloop
  endfacet
  facet normal 0 0 1
    outer loop
      vertex -47.51981112118302 -35.324591034847586 8
      vertex -47.62334204639096 -33.92437810893458 8
      vertex -47.54540584539816 -35.29540584539816 8
    endloop
  endfacet
  facet normal 0 0 1
    outer loop
      vertex -47.744043352677906 -35.1349592072292 8
      vertex -47.62334204639096 -33.92437810893458 8
      vertex -47.74874767084075 -33.89943337929255 8
    endloop
  endfacet
  facet normal 0 0 1
    outer loop
      vertex -47.44592078901297 -35.40884681055894 8
      vertex -47.45081869845905 -33.993690318869184 8
      vertex -47.51475128377955 -33.9567788235244 8
    endloop
  endfacet
  facet normal 0.7518398074789757 0.6593458151000708 0
    outer loop
      vertex -46.51661664927191 -34.7280964274782 5.1
      vertex -46.73223304703363 -34.48223304703363 5.1
      vertex -46.51661664927191 -34.7280964274782 8
    endloop
  endfacet
  facet normal 0.7518398074789757 0.6593458151000708 0
    outer loop
      vertex -46.73223304703363 -34.48223304703363 5.1
      vertex -46.73223304703363 -34.48223304703363 8
      vertex -46.51661664927191 -34.7280964274782 8
    endloop
  endfacet
  facet normal 0.06540312923014452 -0.9978589232386035 0
    outer loop
      vertex -48.5 33.75 5.1
      vertex -48.17368451944987 33.771387846565474 5.1
      vertex -48.5 33.75 8
    endloop
  endfacet
  facet normal 0.06540312923014452 -0.9978589232386035 0
    outer loop
      vertex -48.17368451944987 33.771387846565474 5.1
      vertex -48.17368451944987 33.771387846565474 8
      vertex -48.5 33.75 8
    endloop
  endfacet
  facet normal 0.19509032201612206 -0.9807852804032317 0
    outer loop
      vertex -48.17368451944987 33.771387846565474 5.1
      vertex -47.8529523872437 33.83518543427733 5.1
      vertex -48.17368451944987 33.771387846565474 8
    endloop
  endfacet
  facet normal 0.32143946530316087 -0.9469301294951059 0
    outer loop
      vertex -47.8529523872437 33.83518543427733 5.1
      vertex -47.722894780618 33.879334042744 5.1
      vertex -47.8529523872437 33.83518543427733 8
    endloop
  endfacet
  facet normal 0.4422886902190004 -0.8968727415326887 0
    outer loop
      vertex -47.543291419087275 33.94030116872178 5.1
      vertex -47.25 34.0849364905389 5.1
      vertex -47.543291419087275 33.94030116872178 8
    endloop
  endfacet
  facet normal 0.19509032201612206 -0.9807852804032317 0
    outer loop
      vertex -47.8529523872437 33.83518543427733 5.1
      vertex -47.8529523872437 33.83518543427733 8
      vertex -48.17368451944987 33.771387846565474 8
    endloop
  endfacet
  facet normal 0.3214394653031609 -0.9469301294951059 1.829210669271253e-18
    outer loop
      vertex -47.722894780618 33.879334042744 5.1
      vertex -47.543291419087275 33.94030116872178 8
      vertex -47.8529523872437 33.83518543427733 8
    endloop
  endfacet
  facet normal 0.4422886902190004 -0.8968727415326887 0
    outer loop
      vertex -47.25 34.0849364905389 5.1
      vertex -47.25 34.0849364905389 8
      vertex -47.543291419087275 33.94030116872178 8
    endloop
  endfacet
  facet normal 0.5555702330196043 -0.8314696123025439 0
    outer loop
      vertex -47.25 34.0849364905389 5.1
      vertex -46.9780964274782 34.26661664927191 5.1
      vertex -47.25 34.0849364905389 8
    endloop
  endfacet
  facet normal 0.6593458151000787 -0.7518398074789686 0
    outer loop
      vertex -46.87483380769148 34.35717553633183 5.1
      vertex -46.73223304703363 34.48223304703363 5.1
      vertex -46.73223304703363 34.48223304703363 8
    endloop
  endfacet
  facet normal 0.7518398074789757 -0.6593458151000708 0
    outer loop
      vertex -46.73223304703363 34.48223304703363 5.1
      vertex -46.51661664927191 34.7280964274782 5.1
      vertex -46.73223304703363 34.48223304703363 8
    endloop
  endfacet
  facet normal 0.8314696123025439 -0.5555702330196043 0
    outer loop
      vertex -46.51661664927191 34.7280964274782 5.1
      vertex -46.3349364905389 35 5.1
      vertex -46.51661664927191 34.7280964274782 8
    endloop
  endfacet
  facet normal 0.5555702330196043 -0.8314696123025439 0
    outer loop
      vertex -46.9780964274782 34.26661664927191 5.1
      vertex -46.9780964274782 34.26661664927191 8
      vertex -47.25 34.0849364905389 8
    endloop
  endfacet
  facet normal 0.7518398074789757 -0.6593458151000708 0
    outer loop
      vertex -46.51661664927191 34.7280964274782 5.1
      vertex -46.51661664927191 34.7280964274782 8
      vertex -46.73223304703363 34.48223304703363 8
    endloop
  endfacet
  facet normal 0.8314696123025439 -0.5555702330196043 0
    outer loop
      vertex -46.3349364905389 35 5.1
      vertex -46.3349364905389 35 8
      vertex -46.51661664927191 34.7280964274782 8
    endloop
  endfacet
  facet normal 0.9807852804032317 -0.19509032201612206 8.712987720406233e-15
    outer loop
      vertex -46.08518543427733 35.6029523872437 5.1
      vertex -46.021387846565474 35.92368451944987 5.1
      vertex -46.053286640421405 35.763318453346784 5.5
    endloop
  endfacet
  facet normal 0.9469301294951059 -0.3214394653031609 0
    outer loop
      vertex -46.19030116872178 35.293291419087275 5.1
      vertex -46.08518543427733 35.6029523872437 5.1
      vertex -46.19030116872178 35.293291419087275 8
    endloop
  endfacet
  facet normal 0.9807852804032359 -0.19509032201610116 0
    outer loop
      vertex -46.08518543427733 35.6029523872437 5.1
      vertex -46.053286640421405 35.763318453346784 5.5
      vertex -46.08518543427733 35.6029523872437 8
    endloop
  endfacet
  facet normal 0.9807852804032274 -0.19509032201614293 0
    outer loop
      vertex -46.021387846565474 35.92368451944987 5.1
      vertex -46.021387846565474 35.92368451944987 8
      vertex -46.053286640421405 35.763318453346784 5.5
    endloop
  endfacet
  facet normal 0.9978589232386035 -0.06540312923014452 0
    outer loop
      vertex -46.021387846565474 35.92368451944987 5.1
      vertex -46 36.25 5.1
      vertex -46.021387846565474 35.92368451944987 8
    endloop
  endfacet
  facet normal 0.9978589232386035 0.06540312923014452 0
    outer loop
      vertex -46 36.25 5.1
      vertex -46.021387846565474 36.57631548055013 5.1
      vertex -46 36.25 8
    endloop
  endfacet
  facet normal 0.9807852804032317 0.19509032201612206 0
    outer loop
      vertex -46.021387846565474 36.57631548055013 5.1
      vertex -46.08518543427733 36.8970476127563 5.1
      vertex -46.021387846565474 36.57631548055013 8
    endloop
  endfacet
  facet normal 0.9469301294951059 -0.3214394653031609 0
    outer loop
      vertex -46.08518543427733 35.6029523872437 5.1
      vertex -46.08518543427733 35.6029523872437 8
      vertex -46.19030116872178 35.293291419087275 8
    endloop
  endfacet
  facet normal 0.9978589232386035 -0.06540312923014452 0
    outer loop
      vertex -46 36.25 5.1
      vertex -46 36.25 8
      vertex -46.021387846565474 35.92368451944987 8
    endloop
  endfacet
  facet normal 0.9978589232386035 0.06540312923014452 0
    outer loop
      vertex -46.021387846565474 36.57631548055013 5.1
      vertex -46.021387846565474 36.57631548055013 8
      vertex -46 36.25 8
    endloop
  endfacet
  facet normal 0.6593458151000708 0.7518398074789757 0
    outer loop
      vertex -46.73223304703363 38.01776695296637 5.1
      vertex -46.9780964274782 38.23338335072809 5.1
      vertex -46.73223304703363 38.01776695296637 8
    endloop
  endfacet
  facet normal 0.7518398074789757 0.6593458151000708 0
    outer loop
      vertex -46.51661664927191 37.7719035725218 5.1
      vertex -46.73223304703363 38.01776695296637 5.1
      vertex -46.51661664927191 37.7719035725218 8
    endloop
  endfacet
  facet normal 0.9469301294951059 0.3214394653031609 0
    outer loop
      vertex -46.08518543427733 36.8970476127563 5.1
      vertex -46.19030116872178 37.206708580912725 5.1
      vertex -46.08518543427733 36.8970476127563 8
    endloop
  endfacet
  facet normal 0.8968727415326991 0.4422886902189791 0
    outer loop
      vertex -46.27418965537571 37.37681760398335 5.1
      vertex -46.19030116872178 37.206708580912725 8
      vertex -46.19030116872178 37.206708580912725 5.1
    endloop
  endfacet
  facet normal 0.8314696123025439 0.5555702330196043 0
    outer loop
      vertex -46.51661664927191 37.7719035725218 5.1
      vertex -46.3349364905389 37.5 8
      vertex -46.3349364905389 37.5 5.1
    endloop
  endfacet
  facet normal 0.6593458151000708 0.7518398074789757 0
    outer loop
      vertex -46.9780964274782 38.23338335072809 5.1
      vertex -46.9780964274782 38.23338335072809 8
      vertex -46.73223304703363 38.01776695296637 8
    endloop
  endfacet
  facet normal 0.8314696123025439 0.5555702330196043 0
    outer loop
      vertex -46.51661664927191 37.7719035725218 5.1
      vertex -46.51661664927191 37.7719035725218 8
      vertex -46.3349364905389 37.5 8
    endloop
  endfacet
  facet normal 0.7518398074789757 0.6593458151000708 0
    outer loop
      vertex -46.73223304703363 38.01776695296637 5.1
      vertex -46.73223304703363 38.01776695296637 8
      vertex -46.51661664927191 37.7719035725218 8
    endloop
  endfacet
  facet normal 0.9807852804032317 0.19509032201612206 0
    outer loop
      vertex -46.08518543427733 36.8970476127563 5.1
      vertex -46.08518543427733 36.8970476127563 8
      vertex -46.021387846565474 36.57631548055013 8
    endloop
  endfacet
  facet normal 0.9469301294951059 0.3214394653031609 0
    outer loop
      vertex -46.19030116872178 37.206708580912725 5.1
      vertex -46.19030116872178 37.206708580912725 8
      vertex -46.08518543427733 36.8970476127563 8
    endloop
  endfacet
  facet normal 0.5555702330196085 0.831469612302541 0
    outer loop
      vertex -47.13580049954084 38.338757842793235 5.1
      vertex -46.9780964274782 38.23338335072809 8
      vertex -46.9780964274782 38.23338335072809 5.1
    endloop
  endfacet
  facet normal -0.831469612302541 -0.5555702330196085 0
    outer loop
      vertex 46.3349364905389 -37.5 5.1
      vertex 46.440310982604046 -37.65770407206264 5.1
      vertex 46.3349364905389 -37.5 8
    endloop
  endfacet
  facet normal -0.8968727415326887 -0.4422886902190004 0
    outer loop
      vertex 46.3349364905389 -37.5 5.1
      vertex 46.19030116872178 -37.206708580912725 8
      vertex 46.19030116872178 -37.206708580912725 5.1
    endloop
  endfacet
  facet normal -0.7518398074789757 -0.6593458151000708 0
    outer loop
      vertex 46.73223304703363 -38.01776695296637 5.1
      vertex 46.51661664927191 -37.7719035725218 8
      vertex 46.51661664927191 -37.7719035725218 5.1
    endloop
  endfacet
  facet normal -0.6593458151000708 -0.7518398074789757 0
    outer loop
      vertex 46.9780964274782 -38.23338335072809 5.1
      vertex 46.73223304703363 -38.01776695296637 8
      vertex 46.73223304703363 -38.01776695296637 5.1
    endloop
  endfacet
  facet normal -0.8968727415326887 -0.4422886902190004 0
    outer loop
      vertex 46.3349364905389 -37.5 5.1
      vertex 46.3349364905389 -37.5 8
      vertex 46.19030116872178 -37.206708580912725 8
    endloop
  endfacet
  facet normal -0.9807852804032317 -0.19509032201612206 0
    outer loop
      vertex 46.08518543427733 -36.8970476127563 5.1
      vertex 46.08518543427733 -36.8970476127563 8
      vertex 46.021387846565474 -36.57631548055013 8
    endloop
  endfacet
  facet normal -0.7518398074789757 -0.6593458151000708 0
    outer loop
      vertex 46.73223304703363 -38.01776695296637 5.1
      vertex 46.73223304703363 -38.01776695296637 8
      vertex 46.51661664927191 -37.7719035725218 8
    endloop
  endfacet
  facet normal -0.6593458151000708 -0.7518398074789757 0
    outer loop
      vertex 46.9780964274782 -38.23338335072809 5.1
      vertex 46.9780964274782 -38.23338335072809 8
      vertex 46.73223304703363 -38.01776695296637 8
    endloop
  endfacet
  facet normal -0.9807852804032317 -0.19509032201612206 0
    outer loop
      vertex 46.08518543427733 -36.8970476127563 5.1
      vertex 46.021387846565474 -36.57631548055013 8
      vertex 46.021387846565474 -36.57631548055013 5.1
    endloop
  endfacet
  facet normal -0.9978589232386035 -0.06540312923014452 0
    outer loop
      vertex 46.021387846565474 -36.57631548055013 5.1
      vertex 46 -36.25 8
      vertex 46 -36.25 5.1
    endloop
  endfacet
  facet normal -0.9978589232386035 0.06540312923014452 0
    outer loop
      vertex 46 -36.25 5.1
      vertex 46.021387846565474 -35.92368451944987 8
      vertex 46.021387846565474 -35.92368451944987 5.1
    endloop
  endfacet
  facet normal -0.9807852804032317 0.19509032201612206 0
    outer loop
      vertex 46.021387846565474 -35.92368451944987 5.1
      vertex 46.08518543427733 -35.6029523872437 8
      vertex 46.08518543427733 -35.6029523872437 5.1
    endloop
  endfacet
  facet normal -0.9978589232386035 -0.06540312923014452 0
    outer loop
      vertex 46.021387846565474 -36.57631548055013 5.1
      vertex 46.021387846565474 -36.57631548055013 8
      vertex 46 -36.25 8
    endloop
  endfacet
  facet normal -0.9978589232386035 0.06540312923014452 0
    outer loop
      vertex 46 -36.25 5.1
      vertex 46 -36.25 8
      vertex 46.021387846565474 -35.92368451944987 8
    endloop
  endfacet
  facet normal -0.9807852804032317 0.19509032201612206 0
    outer loop
      vertex 46.021387846565474 -35.92368451944987 5.1
      vertex 46.021387846565474 -35.92368451944987 8
      vertex 46.08518543427733 -35.6029523872437 8
    endloop
  endfacet
  facet normal -0.8968727415326887 0.4422886902190004 0
    outer loop
      vertex 46.19030116872178 -35.293291419087275 5.1
      vertex 46.3349364905389 -35 8
      vertex 46.3349364905389 -35 5.1
    endloop
  endfacet
  facet normal -0.8314696123025439 0.5555702330196043 0
    outer loop
      vertex 46.3349364905389 -35 5.1
      vertex 46.51661664927191 -34.7280964274782 8
      vertex 46.51661664927191 -34.7280964274782 5.1
    endloop
  endfacet
  facet normal -0.7518398074789757 0.6593458151000708 0
    outer loop
      vertex 46.51661664927191 -34.7280964274782 5.1
      vertex 46.73223304703363 -34.48223304703363 8
      vertex 46.73223304703363 -34.48223304703363 5.1
    endloop
  endfacet
  facet normal -0.6593458151000787 0.7518398074789686 0
    outer loop
      vertex 46.83549566682035 -34.39167415997371 5.1
      vertex 46.9780964274782 -34.26661664927191 8
      vertex 46.9780964274782 -34.26661664927191 5.1
    endloop
  endfacet
  facet normal -0.5555702330196043 0.8314696123025439 0
    outer loop
      vertex 46.9780964274782 -34.26661664927191 5.1
      vertex 47.25 -34.0849364905389 8
      vertex 47.25 -34.0849364905389 5.1
    endloop
  endfacet
  facet normal -0.8968727415326887 0.4422886902190004 0
    outer loop
      vertex 46.19030116872178 -35.293291419087275 5.1
      vertex 46.19030116872178 -35.293291419087275 8
      vertex 46.3349364905389 -35 8
    endloop
  endfacet
  facet normal -0.8314696123025439 0.5555702330196043 0
    outer loop
      vertex 46.3349364905389 -35 5.1
      vertex 46.3349364905389 -35 8
      vertex 46.51661664927191 -34.7280964274782 8
    endloop
  endfacet
  facet normal -0.7518398074789757 0.6593458151000708 0
    outer loop
      vertex 46.51661664927191 -34.7280964274782 5.1
      vertex 46.51661664927191 -34.7280964274782 8
      vertex 46.73223304703363 -34.48223304703363 8
    endloop
  endfacet
  facet normal -0.5555702330196043 0.8314696123025439 0
    outer loop
      vertex 46.9780964274782 -34.26661664927191 5.1
      vertex 46.9780964274782 -34.26661664927191 8
      vertex 47.25 -34.0849364905389 8
    endloop
  endfacet
  facet normal -0.44228869021900047 0.8968727415326888 0
    outer loop
      vertex 47.25 -34.0849364905389 5.1
      vertex 47.543291419087275 -33.94030116872178 5.5
      vertex 47.543291419087275 -33.94030116872178 5.1
    endloop
  endfacet
  facet normal -0.3214394653031609 0.946930129495106 1.5787830181210107e-17
    outer loop
      vertex 47.722894780618 -33.879334042744 5.1
      vertex 47.698121903165486 -33.887743301499555 5.5
      vertex 47.8529523872437 -33.83518543427733 5.1
    endloop
  endfacet
  facet normal -0.4422886902190004 0.8968727415326887 0
    outer loop
      vertex 47.25 -34.0849364905389 5.1
      vertex 47.25 -34.0849364905389 8
      vertex 47.543291419087275 -33.94030116872178 5.5
    endloop
  endfacet
  facet normal -0.19509032201612206 0.9807852804032317 0
    outer loop
      vertex 47.8529523872437 -33.83518543427733 5.1
      vertex 48.17368451944987 -33.771387846565474 8
      vertex 48.17368451944987 -33.771387846565474 5.1
    endloop
  endfacet
  facet normal -0.3214394653031609 0.9469301294951059 0
    outer loop
      vertex 47.8529523872437 -33.83518543427733 5.1
      vertex 47.698121903165486 -33.887743301499555 5.5
      vertex 47.8529523872437 -33.83518543427733 8
    endloop
  endfacet
  facet normal -0.321439465303161 0.9469301294951059 0
    outer loop
      vertex 47.543291419087275 -33.94030116872178 5.5
      vertex 47.543291419087275 -33.94030116872178 8
      vertex 47.698121903165486 -33.887743301499555 5.5
    endloop
  endfacet
  facet normal -0.19509032201612206 0.9807852804032317 0
    outer loop
      vertex 47.8529523872437 -33.83518543427733 5.1
      vertex 47.8529523872437 -33.83518543427733 8
      vertex 48.17368451944987 -33.771387846565474 8
    endloop
  endfacet
  facet normal -0.06540312923014452 0.9978589232386035 0
    outer loop
      vertex 48.17368451944987 -33.771387846565474 5.1
      vertex 48.5 -33.75 8
      vertex 48.5 -33.75 5.1
    endloop
  endfacet
  facet normal -0.06540312923014452 0.9978589232386035 0
    outer loop
      vertex 48.17368451944987 -33.771387846565474 5.1
      vertex 48.17368451944987 -33.771387846565474 8
      vertex 48.5 -33.75 8
    endloop
  endfacet
  facet normal -0.4422886902190004 0.8968727415326887 0
    outer loop
      vertex 47.543291419087275 -33.94030116872178 5.5
      vertex 47.25 -34.0849364905389 8
      vertex 47.543291419087275 -33.94030116872178 8
    endloop
  endfacet
  facet normal -0.321439465303161 0.9469301294951059 0
    outer loop
      vertex 47.698121903165486 -33.887743301499555 5.5
      vertex 47.543291419087275 -33.94030116872178 8
      vertex 47.8529523872437 -33.83518543427733 8
    endloop
  endfacet
  facet normal -0.831469612302541 -0.5555702330196085 0
    outer loop
      vertex 46.3349364905389 35 5.1
      vertex 46.440310982604046 34.84229592793736 5.1
      vertex 46.3349364905389 35 8
    endloop
  endfacet
  facet normal -0.8968727415326887 -0.4422886902190004 0
    outer loop
      vertex 46.3349364905389 35 5.1
      vertex 46.19030116872178 35.293291419087275 8
      vertex 46.19030116872178 35.293291419087275 5.1
    endloop
  endfacet
  facet normal -0.6593458151000708 -0.7518398074789757 0
    outer loop
      vertex 46.73223304703363 34.48223304703363 5.1
      vertex 46.9780964274782 34.26661664927191 5.1
      vertex 46.73223304703363 34.48223304703363 8
    endloop
  endfacet
  facet normal -0.7518398074789757 -0.6593458151000708 0
    outer loop
      vertex 46.73223304703363 34.48223304703363 5.1
      vertex 46.51661664927191 34.7280964274782 8
      vertex 46.51661664927191 34.7280964274782 5.1
    endloop
  endfacet
  facet normal -0.8968727415326887 -0.4422886902190004 0
    outer loop
      vertex 46.3349364905389 35 5.1
      vertex 46.3349364905389 35 8
      vertex 46.19030116872178 35.293291419087275 8
    endloop
  endfacet
  facet normal -0.6593458151000708 -0.7518398074789757 0
    outer loop
      vertex 46.9780964274782 34.26661664927191 5.1
      vertex 46.9780964274782 34.26661664927191 8
      vertex 46.73223304703363 34.48223304703363 8
    endloop
  endfacet
  facet normal -0.7518398074789757 -0.6593458151000708 0
    outer loop
      vertex 46.73223304703363 34.48223304703363 5.1
      vertex 46.73223304703363 34.48223304703363 8
      vertex 46.51661664927191 34.7280964274782 8
    endloop
  endfacet
  facet normal -0.32143946530316114 -0.9469301294951058 0
    outer loop
      vertex 47.722894780618 33.879334042744 5.1
      vertex 47.698121903165486 33.887743301499555 5.5
      vertex 47.67334902571297 33.89615256025511 5.1
    endloop
  endfacet
  facet normal -0.06540312923014452 -0.9978589232386035 0
    outer loop
      vertex 48.17368451944987 33.771387846565474 5.1
      vertex 48.5 33.75 5.1
      vertex 48.17368451944987 33.771387846565474 8
    endloop
  endfacet
  facet normal -0.06540312923014452 -0.9978589232386035 0
    outer loop
      vertex 48.5 33.75 5.1
      vertex 48.5 33.75 8
      vertex 48.17368451944987 33.771387846565474 8
    endloop
  endfacet
  facet normal -0.4422886902190004 -0.8968727415326887 0
    outer loop
      vertex 47.25 34.0849364905389 5.1
      vertex 47.543291419087275 33.94030116872178 5.1
      vertex 47.25 34.0849364905389 8
    endloop
  endfacet
  facet normal -0.19509032201612206 -0.9807852804032317 0
    outer loop
      vertex 48.17368451944987 33.771387846565474 5.1
      vertex 47.8529523872437 33.83518543427733 8
      vertex 47.8529523872437 33.83518543427733 5.1
    endloop
  endfacet
  facet normal -0.4422886902190004 -0.8968727415326887 0
    outer loop
      vertex 47.543291419087275 33.94030116872178 5.1
      vertex 47.543291419087275 33.94030116872178 8
      vertex 47.25 34.0849364905389 8
    endloop
  endfacet
  facet normal -0.19509032201612206 -0.9807852804032317 0
    outer loop
      vertex 48.17368451944987 33.771387846565474 5.1
      vertex 48.17368451944987 33.771387846565474 8
      vertex 47.8529523872437 33.83518543427733 8
    endloop
  endfacet
  facet normal -0.9807852804032302 -0.19509032201613022 0
    outer loop
      vertex 46.08518543427733 35.6029523872437 5.1
      vertex 46.08518543427733 35.6029523872437 8
      vertex 46.05839044743835 35.73765988277029 5.1
    endloop
  endfacet
  facet normal -0.9978589232386035 -0.06540312923014452 0
    outer loop
      vertex 46.021387846565474 35.92368451944987 5.1
      vertex 46 36.25 8
      vertex 46 36.25 5.1
    endloop
  endfacet
  facet normal -0.9978589232386035 0.06540312923014452 0
    outer loop
      vertex 46 36.25 5.1
      vertex 46.021387846565474 36.57631548055013 8
      vertex 46.021387846565474 36.57631548055013 5.1
    endloop
  endfacet
  facet normal -0.9807852804032318 -0.19509032201612203 3.9328029389331695e-16
    outer loop
      vertex 46.05839044743835 35.73765988277029 5.1
      vertex 46.08518543427733 35.6029523872437 8
      vertex 46.021387846565474 35.92368451944987 8
    endloop
  endfacet
  facet normal -0.9978589232386035 -0.06540312923014452 0
    outer loop
      vertex 46.021387846565474 35.92368451944987 5.1
      vertex 46.021387846565474 35.92368451944987 8
      vertex 46 36.25 8
    endloop
  endfacet
  facet normal -0.9978589232386035 0.06540312923014452 0
    outer loop
      vertex 46 36.25 5.1
      vertex 46 36.25 8
      vertex 46.021387846565474 36.57631548055013 8
    endloop
  endfacet
  facet normal -0.9807852804032317 0.19509032201612206 0
    outer loop
      vertex 46.021387846565474 36.57631548055013 5.1
      vertex 46.021387846565474 36.57631548055013 8
      vertex 46.08518543427733 36.8970476127563 8
    endloop
  endfacet
  facet normal -0.9807852804032317 0.19509032201612206 0
    outer loop
      vertex 46.021387846565474 36.57631548055013 5.1
      vertex 46.08518543427733 36.8970476127563 8
      vertex 46.08518543427733 36.8970476127563 5.1
    endloop
  endfacet
  facet normal -0.8968727415326887 0.4422886902190004 0
    outer loop
      vertex 46.19030116872178 37.206708580912725 5.1
      vertex 46.3349364905389 37.5 8
      vertex 46.3349364905389 37.5 5.1
    endloop
  endfacet
  facet normal -0.831469612302541 0.5555702330196085 0
    outer loop
      vertex 46.3349364905389 37.5 5.1
      vertex 46.3349364905389 37.5 8
      vertex 46.440310982604046 37.65770407206264 5.1
    endloop
  endfacet
  facet normal -0.7518398074789757 0.6593458151000708 0
    outer loop
      vertex 46.51661664927191 37.7719035725218 5.1
      vertex 46.73223304703363 38.01776695296637 8
      vertex 46.73223304703363 38.01776695296637 5.1
    endloop
  endfacet
  facet normal -0.8968727415326887 0.4422886902190004 0
    outer loop
      vertex 46.19030116872178 37.206708580912725 5.1
      vertex 46.19030116872178 37.206708580912725 8
      vertex 46.3349364905389 37.5 8
    endloop
  endfacet
  facet normal -0.7518398074789757 0.6593458151000708 0
    outer loop
      vertex 46.51661664927191 37.7719035725218 5.1
      vertex 46.51661664927191 37.7719035725218 8
      vertex 46.73223304703363 38.01776695296637 8
    endloop
  endfacet
  facet normal -0.6593458151000787 0.7518398074789686 0
    outer loop
      vertex 46.83549566682035 38.10832584002629 5.1
      vertex 46.9780964274782 38.23338335072809 8
      vertex 46.9780964274782 38.23338335072809 5.1
    endloop
  endfacet
  facet normal -0.5555702330196012 0.8314696123025459 0
    outer loop
      vertex 46.9780964274782 38.23338335072809 5.1
      vertex 47.24788906371376 38.41365302692862 8
      vertex 47.24788906371376 38.41365302692862 5.1
    endloop
  endfacet
  facet normal -0.5555702330196012 0.8314696123025459 0
    outer loop
      vertex 46.9780964274782 38.23338335072809 5.1
      vertex 46.9780964274782 38.23338335072809 8
      vertex 47.24788906371376 38.41365302692862 8
    endloop
  endfacet
  facet normal 0 0 1
    outer loop
      vertex -50.20740728286133 -42.32352380637815 29
      vertex -50.20740728286133 -41.67647619362185 29
      vertex -50.23930607671726 -42.16315774027507 29
    endloop
  endfacet
  facet normal 0 0 1
    outer loop
      vertex -50.23930607671726 -42.16315774027507 29
      vertex -50.23930607671726 -41.83684225972493 29
      vertex -50.25 -42 29
    endloop
  endfacet
  facet normal 0 0 1
    outer loop
      vertex -50.23930607671726 -42.16315774027507 29
      vertex -50.20740728286133 -41.67647619362185 29
      vertex -50.23930607671726 -41.83684225972493 29
    endloop
  endfacet
  facet normal 0 0 1
    outer loop
      vertex -49.991691675364045 -42.760951786260904 29
      vertex -49.883883476483184 -42.883883476483184 29
      vertex -49.883883476483184 -41.116116523516816 29
    endloop
  endfacet
  facet normal 0 0 1
    outer loop
      vertex -49.760951786260904 -42.991691675364045 29
      vertex -49.760951786260904 -41.008308324635955 29
      vertex -49.883883476483184 -42.883883476483184 29
    endloop
  endfacet
  facet normal 0 0 1
    outer loop
      vertex -50.082531754730546 -42.625 29
      vertex -50.082531754730546 -41.375 29
      vertex -50.154849415639106 -42.47835429045636 29
    endloop
  endfacet
  facet normal 0 0 1
    outer loop
      vertex -50.20740728286133 -42.32352380637815 29
      vertex -50.154849415639106 -42.47835429045636 29
      vertex -50.154849415639106 -41.52164570954364 29
    endloop
  endfacet
  facet normal 0 0 1
    outer loop
      vertex -50.082531754730546 -42.625 29
      vertex -49.991691675364045 -42.760951786260904 29
      vertex -49.991691675364045 -41.239048213739096 29
    endloop
  endfacet
  facet normal 0 0 1
    outer loop
      vertex -50.20740728286133 -42.32352380637815 29
      vertex -50.154849415639106 -41.52164570954364 29
      vertex -50.20740728286133 -41.67647619362185 29
    endloop
  endfacet
  facet normal 0 0 1
    outer loop
      vertex -50.154849415639106 -42.47835429045636 29
      vertex -50.082531754730546 -41.375 29
      vertex -50.154849415639106 -41.52164570954364 29
    endloop
  endfacet
  facet normal 0 0 1
    outer loop
      vertex -50.082531754730546 -42.625 29
      vertex -49.991691675364045 -41.239048213739096 29
      vertex -50.082531754730546 -41.375 29
    endloop
  endfacet
  facet normal 0 0 1
    outer loop
      vertex -49.991691675364045 -42.760951786260904 29
      vertex -49.883883476483184 -41.116116523516816 29
      vertex -49.991691675364045 -41.239048213739096 29
    endloop
  endfacet
  facet normal 0 0 1
    outer loop
      vertex -49.883883476483184 -42.883883476483184 29
      vertex -49.760951786260904 -41.008308324635955 29
      vertex -49.883883476483184 -41.116116523516816 29
    endloop
  endfacet
  facet normal 0 0 1
    outer loop
      vertex -49.760951786260904 -42.991691675364045 29
      vertex -49.625 -43.082531754730546 29
      vertex -49.625 -40.917468245269454 29
    endloop
  endfacet
  facet normal 0 0 1
    outer loop
      vertex -49.625 -43.082531754730546 29
      vertex -49.47835429045636 -43.154849415639106 29
      vertex -49.47835429045636 -40.845150584360894 29
    endloop
  endfacet
  facet normal 0 0 1
    outer loop
      vertex -49.47835429045636 -43.154849415639106 29
      vertex -49.32352380637815 -43.20740728286133 29
      vertex -49.32352380637815 -40.79259271713867 29
    endloop
  endfacet
  facet normal 0 0 1
    outer loop
      vertex -49.32352380637815 -43.20740728286133 29
      vertex -49.16315774027507 -43.23930607671726 29
      vertex -49.16315774027507 -40.76069392328274 29
    endloop
  endfacet
  facet normal 0 0 1
    outer loop
      vertex -49.16315774027507 -43.23930607671726 29
      vertex -49 -43.25 29
      vertex -49 -40.75 29
    endloop
  endfacet
  facet normal 0 0 1
    outer loop
      vertex -49.760951786260904 -42.991691675364045 29
      vertex -49.625 -40.917468245269454 29
      vertex -49.760951786260904 -41.008308324635955 29
    endloop
  endfacet
  facet normal 0 0 1
    outer loop
      vertex -49.625 -43.082531754730546 29
      vertex -49.47835429045636 -40.845150584360894 29
      vertex -49.625 -40.917468245269454 29
    endloop
  endfacet
  facet normal 0 0 1
    outer loop
      vertex -49.47835429045636 -43.154849415639106 29
      vertex -49.32352380637815 -40.79259271713867 29
      vertex -49.47835429045636 -40.845150584360894 29
    endloop
  endfacet
  facet normal 0 0 1
    outer loop
      vertex -49.32352380637815 -43.20740728286133 29
      vertex -49.16315774027507 -40.76069392328274 29
      vertex -49.32352380637815 -40.79259271713867 29
    endloop
  endfacet
  facet normal 0 0 1
    outer loop
      vertex -49.16315774027507 -43.23930607671726 29
      vertex -49 -40.75 29
      vertex -49.16315774027507 -40.76069392328274 29
    endloop
  endfacet
  facet normal 0 0 1
    outer loop
      vertex -49 -43.25 29
      vertex -48.83684225972493 -40.76069392328274 29
      vertex -49 -40.75 29
    endloop
  endfacet
  facet normal 0 0 1
    outer loop
      vertex -49 -43.25 29
      vertex -48.83684225972493 -43.23930607671726 29
      vertex -48.83684225972493 -40.76069392328274 29
    endloop
  endfacet
  facet normal 0 0 1
    outer loop
      vertex -48.83684225972493 -43.23930607671726 29
      vertex -48.67647619362185 -43.20740728286133 29
      vertex -48.67647619362185 -40.79259271713867 29
    endloop
  endfacet
  facet normal 0 0 1
    outer loop
      vertex -48.67647619362185 -43.20740728286133 29
      vertex -48.52164570954364 -43.154849415639106 29
      vertex -48.52164570954364 -40.845150584360894 29
    endloop
  endfacet
  facet normal 0 0 1
    outer loop
      vertex -48.52164570954364 -43.154849415639106 29
      vertex -48.375 -43.082531754730546 29
      vertex -48.375 -40.917468245269454 29
    endloop
  endfacet
  facet normal 0 0 1
    outer loop
      vertex -48.375 -43.082531754730546 29
      vertex -48.239048213739096 -42.991691675364045 29
      vertex -48.239048213739096 -41.008308324635955 29
    endloop
  endfacet
  facet normal 0 0 1
    outer loop
      vertex -48.239048213739096 -42.991691675364045 29
      vertex -48.116116523516816 -42.883883476483184 29
      vertex -48.116116523516816 -41.116116523516816 29
    endloop
  endfacet
  facet normal 0 0 1
    outer loop
      vertex -48.83684225972493 -43.23930607671726 29
      vertex -48.67647619362185 -40.79259271713867 29
      vertex -48.83684225972493 -40.76069392328274 29
    endloop
  endfacet
  facet normal 0 0 1
    outer loop
      vertex -48.67647619362185 -43.20740728286133 29
      vertex -48.52164570954364 -40.845150584360894 29
      vertex -48.67647619362185 -40.79259271713867 29
    endloop
  endfacet
  facet normal 0 0 1
    outer loop
      vertex -48.52164570954364 -43.154849415639106 29
      vertex -48.375 -40.917468245269454 29
      vertex -48.52164570954364 -40.845150584360894 29
    endloop
  endfacet
  facet normal 0 0 1
    outer loop
      vertex -48.375 -43.082531754730546 29
      vertex -48.239048213739096 -41.008308324635955 29
      vertex -48.375 -40.917468245269454 29
    endloop
  endfacet
  facet normal 0 0 1
    outer loop
      vertex -48.239048213739096 -42.991691675364045 29
      vertex -48.116116523516816 -41.116116523516816 29
      vertex -48.239048213739096 -41.008308324635955 29
    endloop
  endfacet
  facet normal 0 0 1
    outer loop
      vertex -48.116116523516816 -42.883883476483184 29
      vertex -48.008308324635955 -42.760951786260904 29
      vertex -48.008308324635955 -41.239048213739096 29
    endloop
  endfacet
  facet normal 0 0 1
    outer loop
      vertex -48.008308324635955 -42.760951786260904 29
      vertex -47.917468245269454 -42.625 29
      vertex -47.917468245269454 -41.375 29
    endloop
  endfacet
  facet normal 0 0 1
    outer loop
      vertex -47.917468245269454 -42.625 29
      vertex -47.845150584360894 -42.47835429045636 29
      vertex -47.845150584360894 -41.52164570954364 29
    endloop
  endfacet
  facet normal 0 0 1
    outer loop
      vertex -47.845150584360894 -42.47835429045636 29
      vertex -47.79259271713867 -42.32352380637815 29
      vertex -47.79259271713867 -41.67647619362185 29
    endloop
  endfacet
  facet normal 0 0 1
    outer loop
      vertex -47.79259271713867 -42.32352380637815 29
      vertex -47.76069392328274 -42.16315774027507 29
      vertex -47.76069392328274 -41.83684225972493 29
    endloop
  endfacet
  facet normal 0 0 1
    outer loop
      vertex -47.79259271713867 -42.32352380637815 29
      vertex -47.76069392328274 -41.83684225972493 29
      vertex -47.79259271713867 -41.67647619362185 29
    endloop
  endfacet
  facet normal 0 0 1
    outer loop
      vertex -47.845150584360894 -42.47835429045636 29
      vertex -47.79259271713867 -41.67647619362185 29
      vertex -47.845150584360894 -41.52164570954364 29
    endloop
  endfacet
  facet normal 0 0 1
    outer loop
      vertex -47.76069392328274 -42.16315774027507 29
      vertex -47.75 -42 29
      vertex -47.76069392328274 -41.83684225972493 29
    endloop
  endfacet
  facet normal 0 0 1
    outer loop
      vertex -48.116116523516816 -42.883883476483184 29
      vertex -48.008308324635955 -41.239048213739096 29
      vertex -48.116116523516816 -41.116116523516816 29
    endloop
  endfacet
  facet normal 0 0 1
    outer loop
      vertex -48.008308324635955 -42.760951786260904 29
      vertex -47.917468245269454 -41.375 29
      vertex -48.008308324635955 -41.239048213739096 29
    endloop
  endfacet
  facet normal 0 0 1
    outer loop
      vertex -47.917468245269454 -42.625 29
      vertex -47.845150584360894 -41.52164570954364 29
      vertex -47.917468245269454 -41.375 29
    endloop
  endfacet
  facet normal 0.8314696123025607 0.5555702330195792 0
    outer loop
      vertex -50.082531754730546 -42.625 29
      vertex -50.082531754730546 -42.625 38
      vertex -49.991691675364045 -42.760951786260904 29
    endloop
  endfacet
  facet normal 0.7518398074789663 0.6593458151000817 0
    outer loop
      vertex -49.991691675364045 -42.760951786260904 29
      vertex -49.991691675364045 -42.760951786260904 38
      vertex -49.883883476483184 -42.883883476483184 29
    endloop
  endfacet
  facet normal 0.6593458151000817 0.7518398074789663 0
    outer loop
      vertex -49.760951786260904 -42.991691675364045 29
      vertex -49.883883476483184 -42.883883476483184 29
      vertex -49.883883476483184 -42.883883476483184 38
    endloop
  endfacet
  facet normal 0.5555702330195792 0.8314696123025607 0
    outer loop
      vertex -49.760951786260904 -42.991691675364045 29
      vertex -49.760951786260904 -42.991691675364045 38
      vertex -49.625 -43.082531754730546 29
    endloop
  endfacet
  facet normal 0.4422886902189918 0.8968727415326929 0
    outer loop
      vertex -49.625 -43.082531754730546 29
      vertex -49.625 -43.082531754730546 38
      vertex -49.47835429045636 -43.154849415639106 29
    endloop
  endfacet
  facet normal 0.3214394653031609 0.9469301294951059 0
    outer loop
      vertex -49.47835429045636 -43.154849415639106 29
      vertex -49.47835429045636 -43.154849415639106 38
      vertex -49.32352380637815 -43.20740728286133 29
    endloop
  endfacet
  facet normal 0.19509032201615126 0.9807852804032258 0
    outer loop
      vertex -49.32352380637815 -43.20740728286133 29
      vertex -49.32352380637815 -43.20740728286133 38
      vertex -49.16315774027507 -43.23930607671726 29
    endloop
  endfacet
  facet normal 0.0654031292301431 0.9978589232386035 0
    outer loop
      vertex -49.16315774027507 -43.23930607671726 29
      vertex -49.16315774027507 -43.23930607671726 38
      vertex -49 -43.25 29
    endloop
  endfacet
  facet normal -0.0654031292301431 0.9978589232386035 0
    outer loop
      vertex -49 -43.25 29
      vertex -49 -43.25 38
      vertex -48.83684225972493 -43.23930607671726 29
    endloop
  endfacet
  facet normal 0.9807852804032258 0.19509032201615126 0
    outer loop
      vertex -50.20740728286133 -42.32352380637815 29
      vertex -50.23930607671726 -42.16315774027507 29
      vertex -50.23930607671726 -42.16315774027507 38
    endloop
  endfacet
  facet normal 0.9978589232386035 0.0654031292301431 0
    outer loop
      vertex -50.23930607671726 -42.16315774027507 29
      vertex -50.25 -42 29
      vertex -50.25 -42 38
    endloop
  endfacet
  facet normal 0.9978589232386035 -0.0654031292301431 0
    outer loop
      vertex -50.25 -42 29
      vertex -50.23930607671726 -41.83684225972493 29
      vertex -50.23930607671726 -41.83684225972493 38
    endloop
  endfacet
  facet normal 0.8968727415326929 0.4422886902189918 0
    outer loop
      vertex -50.082531754730546 -42.625 29
      vertex -50.154849415639106 -42.47835429045636 29
      vertex -50.154849415639106 -42.47835429045636 38
    endloop
  endfacet
  facet normal 0.9469301294951059 0.3214394653031609 0
    outer loop
      vertex -50.20740728286133 -42.32352380637815 29
      vertex -50.20740728286133 -42.32352380637815 38
      vertex -50.154849415639106 -42.47835429045636 29
    endloop
  endfacet
  facet normal 0.9807852804032258 -0.19509032201615126 0
    outer loop
      vertex -50.23930607671726 -41.83684225972493 29
      vertex -50.20740728286133 -41.67647619362185 29
      vertex -50.20740728286133 -41.67647619362185 38
    endloop
  endfacet
  facet normal 0.9469301294951059 -0.3214394653031609 0
    outer loop
      vertex -50.20740728286133 -41.67647619362185 29
      vertex -50.154849415639106 -41.52164570954364 29
      vertex -50.154849415639106 -41.52164570954364 38
    endloop
  endfacet
  facet normal 0.8968727415326929 -0.4422886902189918 0
    outer loop
      vertex -50.154849415639106 -41.52164570954364 29
      vertex -50.082531754730546 -41.375 29
      vertex -50.082531754730546 -41.375 38
    endloop
  endfacet
  facet normal 0.8314696123025607 -0.5555702330195792 0
    outer loop
      vertex -50.082531754730546 -41.375 29
      vertex -49.991691675364045 -41.239048213739096 29
      vertex -49.991691675364045 -41.239048213739096 38
    endloop
  endfacet
  facet normal 0.7518398074789663 -0.6593458151000817 0
    outer loop
      vertex -49.991691675364045 -41.239048213739096 29
      vertex -49.883883476483184 -41.116116523516816 29
      vertex -49.883883476483184 -41.116116523516816 38
    endloop
  endfacet
  facet normal -0.19509032201615126 0.9807852804032258 0
    outer loop
      vertex -48.83684225972493 -43.23930607671726 29
      vertex -48.83684225972493 -43.23930607671726 38
      vertex -48.67647619362185 -43.20740728286133 29
    endloop
  endfacet
  facet normal -0.3214394653031609 0.9469301294951059 0
    outer loop
      vertex -48.67647619362185 -43.20740728286133 29
      vertex -48.67647619362185 -43.20740728286133 38
      vertex -48.52164570954364 -43.154849415639106 29
    endloop
  endfacet
  facet normal -0.4422886902189918 0.8968727415326929 0
    outer loop
      vertex -48.52164570954364 -43.154849415639106 29
      vertex -48.52164570954364 -43.154849415639106 38
      vertex -48.375 -43.082531754730546 29
    endloop
  endfacet
  facet normal -0.5555702330195792 0.8314696123025607 0
    outer loop
      vertex -48.375 -43.082531754730546 29
      vertex -48.375 -43.082531754730546 38
      vertex -48.239048213739096 -42.991691675364045 29
    endloop
  endfacet
  facet normal -0.6593458151000817 0.7518398074789663 0
    outer loop
      vertex -48.239048213739096 -42.991691675364045 29
      vertex -48.239048213739096 -42.991691675364045 38
      vertex -48.116116523516816 -42.883883476483184 29
    endloop
  endfacet
  facet normal -0.7518398074789663 0.6593458151000817 0
    outer loop
      vertex -48.116116523516816 -42.883883476483184 29
      vertex -48.116116523516816 -42.883883476483184 38
      vertex -48.008308324635955 -42.760951786260904 29
    endloop
  endfacet
  facet normal -0.8314696123025607 0.5555702330195792 0
    outer loop
      vertex -48.008308324635955 -42.760951786260904 29
      vertex -48.008308324635955 -42.760951786260904 38
      vertex -47.917468245269454 -42.625 29
    endloop
  endfacet
  facet normal -0.8968727415326929 0.4422886902189918 0
    outer loop
      vertex -47.917468245269454 -42.625 29
      vertex -47.917468245269454 -42.625 38
      vertex -47.845150584360894 -42.47835429045636 29
    endloop
  endfacet
  facet normal -0.9469301294951059 0.3214394653031609 0
    outer loop
      vertex -47.845150584360894 -42.47835429045636 29
      vertex -47.845150584360894 -42.47835429045636 38
      vertex -47.79259271713867 -42.32352380637815 29
    endloop
  endfacet
  facet normal -0.9807852804032258 0.19509032201615126 0
    outer loop
      vertex -47.79259271713867 -42.32352380637815 29
      vertex -47.79259271713867 -42.32352380637815 38
      vertex -47.76069392328274 -42.16315774027507 29
    endloop
  endfacet
  facet normal -0.9978589232386035 0.0654031292301431 0
    outer loop
      vertex -47.76069392328274 -42.16315774027507 29
      vertex -47.76069392328274 -42.16315774027507 38
      vertex -47.75 -42 29
    endloop
  endfacet
  facet normal -0.9978589232386035 -0.0654031292301431 0
    outer loop
      vertex -47.76069392328274 -41.83684225972493 29
      vertex -47.75 -42 29
      vertex -47.75 -42 38
    endloop
  endfacet
  facet normal -0.9807852804032258 -0.19509032201615126 0
    outer loop
      vertex -47.76069392328274 -41.83684225972493 29
      vertex -47.76069392328274 -41.83684225972493 38
      vertex -47.79259271713867 -41.67647619362185 29
    endloop
  endfacet
  facet normal -0.9469301294951059 -0.3214394653031609 0
    outer loop
      vertex -47.79259271713867 -41.67647619362185 29
      vertex -47.79259271713867 -41.67647619362185 38
      vertex -47.845150584360894 -41.52164570954364 29
    endloop
  endfacet
  facet normal -0.8314696123025607 -0.5555702330195792 0
    outer loop
      vertex -48.008308324635955 -41.239048213739096 29
      vertex -47.917468245269454 -41.375 29
      vertex -47.917468245269454 -41.375 38
    endloop
  endfacet
  facet normal -0.7518398074789663 -0.6593458151000817 0
    outer loop
      vertex -48.008308324635955 -41.239048213739096 29
      vertex -48.008308324635955 -41.239048213739096 38
      vertex -48.116116523516816 -41.116116523516816 29
    endloop
  endfacet
  facet normal -0.8968727415326929 -0.4422886902189918 0
    outer loop
      vertex -47.917468245269454 -41.375 29
      vertex -47.845150584360894 -41.52164570954364 29
      vertex -47.845150584360894 -41.52164570954364 38
    endloop
  endfacet
  facet normal 0.6593458151000817 -0.7518398074789663 0
    outer loop
      vertex -49.883883476483184 -41.116116523516816 29
      vertex -49.760951786260904 -41.008308324635955 29
      vertex -49.760951786260904 -41.008308324635955 38
    endloop
  endfacet
  facet normal 0.5555702330195792 -0.8314696123025607 0
    outer loop
      vertex -49.760951786260904 -41.008308324635955 29
      vertex -49.625 -40.917468245269454 29
      vertex -49.625 -40.917468245269454 38
    endloop
  endfacet
  facet normal 0.4422886902189918 -0.8968727415326929 0
    outer loop
      vertex -49.625 -40.917468245269454 29
      vertex -49.47835429045636 -40.845150584360894 29
      vertex -49.47835429045636 -40.845150584360894 38
    endloop
  endfacet
  facet normal 0.3214394653031609 -0.9469301294951059 0
    outer loop
      vertex -49.47835429045636 -40.845150584360894 29
      vertex -49.32352380637815 -40.79259271713867 29
      vertex -49.32352380637815 -40.79259271713867 38
    endloop
  endfacet
  facet normal 0.19509032201615126 -0.9807852804032258 0
    outer loop
      vertex -49.32352380637815 -40.79259271713867 29
      vertex -49.16315774027507 -40.76069392328274 29
      vertex -49.16315774027507 -40.76069392328274 38
    endloop
  endfacet
  facet normal 0.0654031292301431 -0.9978589232386035 0
    outer loop
      vertex -49.16315774027507 -40.76069392328274 29
      vertex -49 -40.75 29
      vertex -49 -40.75 38
    endloop
  endfacet
  facet normal -0.19509032201615126 -0.9807852804032258 0
    outer loop
      vertex -48.83684225972493 -40.76069392328274 29
      vertex -48.67647619362185 -40.79259271713867 29
      vertex -48.67647619362185 -40.79259271713867 38
    endloop
  endfacet
  facet normal -0.3214394653031609 -0.9469301294951059 0
    outer loop
      vertex -48.67647619362185 -40.79259271713867 29
      vertex -48.52164570954364 -40.845150584360894 29
      vertex -48.52164570954364 -40.845150584360894 38
    endloop
  endfacet
  facet normal -0.0654031292301431 -0.9978589232386035 0
    outer loop
      vertex -49 -40.75 29
      vertex -48.83684225972493 -40.76069392328274 29
      vertex -48.83684225972493 -40.76069392328274 38
    endloop
  endfacet
  facet normal -0.4422886902189918 -0.8968727415326929 0
    outer loop
      vertex -48.52164570954364 -40.845150584360894 29
      vertex -48.375 -40.917468245269454 29
      vertex -48.375 -40.917468245269454 38
    endloop
  endfacet
  facet normal -0.5555702330195792 -0.8314696123025607 0
    outer loop
      vertex -48.375 -40.917468245269454 29
      vertex -48.239048213739096 -41.008308324635955 29
      vertex -48.239048213739096 -41.008308324635955 38
    endloop
  endfacet
  facet normal -0.6593458151000817 -0.7518398074789663 0
    outer loop
      vertex -48.239048213739096 -41.008308324635955 29
      vertex -48.116116523516816 -41.116116523516816 29
      vertex -48.116116523516816 -41.116116523516816 38
    endloop
  endfacet
  facet normal 0.8314696123025607 0.5555702330195792 0
    outer loop
      vertex -49.991691675364045 -42.760951786260904 29
      vertex -50.082531754730546 -42.625 38
      vertex -49.991691675364045 -42.760951786260904 38
    endloop
  endfacet
  facet normal 0.7518398074789663 0.6593458151000817 0
    outer loop
      vertex -49.883883476483184 -42.883883476483184 29
      vertex -49.991691675364045 -42.760951786260904 38
      vertex -49.883883476483184 -42.883883476483184 38
    endloop
  endfacet
  facet normal 0.6593458151000817 0.7518398074789663 0
    outer loop
      vertex -49.760951786260904 -42.991691675364045 29
      vertex -49.883883476483184 -42.883883476483184 38
      vertex -49.760951786260904 -42.991691675364045 38
    endloop
  endfacet
  facet normal 0.5555702330195792 0.8314696123025607 0
    outer loop
      vertex -49.625 -43.082531754730546 29
      vertex -49.760951786260904 -42.991691675364045 38
      vertex -49.625 -43.082531754730546 38
    endloop
  endfacet
  facet normal 0.3214394653031609 0.9469301294951059 0
    outer loop
      vertex -49.32352380637815 -43.20740728286133 29
      vertex -49.47835429045636 -43.154849415639106 38
      vertex -49.32352380637815 -43.20740728286133 38
    endloop
  endfacet
  facet normal 0.4422886902189918 0.8968727415326929 0
    outer loop
      vertex -49.47835429045636 -43.154849415639106 29
      vertex -49.625 -43.082531754730546 38
      vertex -49.47835429045636 -43.154849415639106 38
    endloop
  endfacet
  facet normal 0.19509032201615126 0.9807852804032258 0
    outer loop
      vertex -49.16315774027507 -43.23930607671726 29
      vertex -49.32352380637815 -43.20740728286133 38
      vertex -49.16315774027507 -43.23930607671726 38
    endloop
  endfacet
  facet normal 0.0654031292301431 0.9978589232386035 0
    outer loop
      vertex -49 -43.25 29
      vertex -49.16315774027507 -43.23930607671726 38
      vertex -49 -43.25 38
    endloop
  endfacet
  facet normal 0.9807852804032258 0.19509032201615126 0
    outer loop
      vertex -50.20740728286133 -42.32352380637815 29
      vertex -50.23930607671726 -42.16315774027507 38
      vertex -50.20740728286133 -42.32352380637815 38
    endloop
  endfacet
  facet normal 0.9978589232386035 0.0654031292301431 0
    outer loop
      vertex -50.23930607671726 -42.16315774027507 29
      vertex -50.25 -42 38
      vertex -50.23930607671726 -42.16315774027507 38
    endloop
  endfacet
  facet normal 0.9978589232386035 -0.0654031292301431 0
    outer loop
      vertex -50.25 -42 29
      vertex -50.23930607671726 -41.83684225972493 38
      vertex -50.25 -42 38
    endloop
  endfacet
  facet normal 0.8968727415326929 0.4422886902189918 0
    outer loop
      vertex -50.082531754730546 -42.625 29
      vertex -50.154849415639106 -42.47835429045636 38
      vertex -50.082531754730546 -42.625 38
    endloop
  endfacet
  facet normal 0.9469301294951059 0.3214394653031609 0
    outer loop
      vertex -50.154849415639106 -42.47835429045636 29
      vertex -50.20740728286133 -42.32352380637815 38
      vertex -50.154849415639106 -42.47835429045636 38
    endloop
  endfacet
  facet normal 0.9807852804032258 -0.19509032201615126 0
    outer loop
      vertex -50.23930607671726 -41.83684225972493 29
      vertex -50.20740728286133 -41.67647619362185 38
      vertex -50.23930607671726 -41.83684225972493 38
    endloop
  endfacet
  facet normal 0.9469301294951059 -0.3214394653031609 0
    outer loop
      vertex -50.20740728286133 -41.67647619362185 29
      vertex -50.154849415639106 -41.52164570954364 38
      vertex -50.20740728286133 -41.67647619362185 38
    endloop
  endfacet
  facet normal 0.8968727415326929 -0.4422886902189918 0
    outer loop
      vertex -50.154849415639106 -41.52164570954364 29
      vertex -50.082531754730546 -41.375 38
      vertex -50.154849415639106 -41.52164570954364 38
    endloop
  endfacet
  facet normal 0.8314696123025607 -0.5555702330195792 0
    outer loop
      vertex -50.082531754730546 -41.375 29
      vertex -49.991691675364045 -41.239048213739096 38
      vertex -50.082531754730546 -41.375 38
    endloop
  endfacet
  facet normal 0.7518398074789663 -0.6593458151000817 0
    outer loop
      vertex -49.991691675364045 -41.239048213739096 29
      vertex -49.883883476483184 -41.116116523516816 38
      vertex -49.991691675364045 -41.239048213739096 38
    endloop
  endfacet
  facet normal -0.0654031292301431 0.9978589232386035 0
    outer loop
      vertex -48.83684225972493 -43.23930607671726 29
      vertex -49 -43.25 38
      vertex -48.83684225972493 -43.23930607671726 38
    endloop
  endfacet
  facet normal -0.19509032201615126 0.9807852804032258 0
    outer loop
      vertex -48.67647619362185 -43.20740728286133 29
      vertex -48.83684225972493 -43.23930607671726 38
      vertex -48.67647619362185 -43.20740728286133 38
    endloop
  endfacet
  facet normal -0.3214394653031609 0.9469301294951059 0
    outer loop
      vertex -48.52164570954364 -43.154849415639106 29
      vertex -48.67647619362185 -43.20740728286133 38
      vertex -48.52164570954364 -43.154849415639106 38
    endloop
  endfacet
  facet normal -0.4422886902189918 0.8968727415326929 0
    outer loop
      vertex -48.375 -43.082531754730546 29
      vertex -48.52164570954364 -43.154849415639106 38
      vertex -48.375 -43.082531754730546 38
    endloop
  endfacet
  facet normal -0.5555702330195792 0.8314696123025607 0
    outer loop
      vertex -48.239048213739096 -42.991691675364045 29
      vertex -48.375 -43.082531754730546 38
      vertex -48.239048213739096 -42.991691675364045 38
    endloop
  endfacet
  facet normal -0.6593458151000817 0.7518398074789663 0
    outer loop
      vertex -48.116116523516816 -42.883883476483184 29
      vertex -48.239048213739096 -42.991691675364045 38
      vertex -48.116116523516816 -42.883883476483184 38
    endloop
  endfacet
  facet normal -0.7518398074789663 0.6593458151000817 0
    outer loop
      vertex -48.008308324635955 -42.760951786260904 29
      vertex -48.116116523516816 -42.883883476483184 38
      vertex -48.008308324635955 -42.760951786260904 38
    endloop
  endfacet
  facet normal -0.8314696123025607 0.5555702330195792 0
    outer loop
      vertex -47.917468245269454 -42.625 29
      vertex -48.008308324635955 -42.760951786260904 38
      vertex -47.917468245269454 -42.625 38
    endloop
  endfacet
  facet normal -0.8968727415326929 0.4422886902189918 0
    outer loop
      vertex -47.845150584360894 -42.47835429045636 29
      vertex -47.917468245269454 -42.625 38
      vertex -47.845150584360894 -42.47835429045636 38
    endloop
  endfacet
  facet normal -0.9469301294951059 0.3214394653031609 0
    outer loop
      vertex -47.79259271713867 -42.32352380637815 29
      vertex -47.845150584360894 -42.47835429045636 38
      vertex -47.79259271713867 -42.32352380637815 38
    endloop
  endfacet
  facet normal -0.9807852804032258 0.19509032201615126 0
    outer loop
      vertex -47.76069392328274 -42.16315774027507 29
      vertex -47.79259271713867 -42.32352380637815 38
      vertex -47.76069392328274 -42.16315774027507 38
    endloop
  endfacet
  facet normal -0.9978589232386035 0.0654031292301431 0
    outer loop
      vertex -47.75 -42 29
      vertex -47.76069392328274 -42.16315774027507 38
      vertex -47.75 -42 38
    endloop
  endfacet
  facet normal -0.9978589232386035 -0.0654031292301431 0
    outer loop
      vertex -47.76069392328274 -41.83684225972493 29
      vertex -47.75 -42 38
      vertex -47.76069392328274 -41.83684225972493 38
    endloop
  endfacet
  facet normal -0.9807852804032258 -0.19509032201615126 0
    outer loop
      vertex -47.79259271713867 -41.67647619362185 29
      vertex -47.76069392328274 -41.83684225972493 38
      vertex -47.79259271713867 -41.67647619362185 38
    endloop
  endfacet
  facet normal -0.9469301294951059 -0.3214394653031609 0
    outer loop
      vertex -47.845150584360894 -41.52164570954364 29
      vertex -47.79259271713867 -41.67647619362185 38
      vertex -47.845150584360894 -41.52164570954364 38
    endloop
  endfacet
  facet normal -0.8968727415326929 -0.4422886902189918 0
    outer loop
      vertex -47.917468245269454 -41.375 29
      vertex -47.845150584360894 -41.52164570954364 38
      vertex -47.917468245269454 -41.375 38
    endloop
  endfacet
  facet normal -0.7518398074789663 -0.6593458151000817 0
    outer loop
      vertex -48.116116523516816 -41.116116523516816 29
      vertex -48.008308324635955 -41.239048213739096 38
      vertex -48.116116523516816 -41.116116523516816 38
    endloop
  endfacet
  facet normal -0.8314696123025607 -0.5555702330195792 0
    outer loop
      vertex -48.008308324635955 -41.239048213739096 29
      vertex -47.917468245269454 -41.375 38
      vertex -48.008308324635955 -41.239048213739096 38
    endloop
  endfacet
  facet normal 0.6593458151000817 -0.7518398074789663 0
    outer loop
      vertex -49.883883476483184 -41.116116523516816 29
      vertex -49.760951786260904 -41.008308324635955 38
      vertex -49.883883476483184 -41.116116523516816 38
    endloop
  endfacet
  facet normal 0.5555702330195792 -0.8314696123025607 0
    outer loop
      vertex -49.760951786260904 -41.008308324635955 29
      vertex -49.625 -40.917468245269454 38
      vertex -49.760951786260904 -41.008308324635955 38
    endloop
  endfacet
  facet normal 0.4422886902189918 -0.8968727415326929 0
    outer loop
      vertex -49.625 -40.917468245269454 29
      vertex -49.47835429045636 -40.845150584360894 38
      vertex -49.625 -40.917468245269454 38
    endloop
  endfacet
  facet normal 0.3214394653031609 -0.9469301294951059 0
    outer loop
      vertex -49.47835429045636 -40.845150584360894 29
      vertex -49.32352380637815 -40.79259271713867 38
      vertex -49.47835429045636 -40.845150584360894 38
    endloop
  endfacet
  facet normal 0.19509032201615126 -0.9807852804032258 0
    outer loop
      vertex -49.32352380637815 -40.79259271713867 29
      vertex -49.16315774027507 -40.76069392328274 38
      vertex -49.32352380637815 -40.79259271713867 38
    endloop
  endfacet
  facet normal 0.0654031292301431 -0.9978589232386035 0
    outer loop
      vertex -49.16315774027507 -40.76069392328274 29
      vertex -49 -40.75 38
      vertex -49.16315774027507 -40.76069392328274 38
    endloop
  endfacet
  facet normal -0.0654031292301431 -0.9978589232386035 0
    outer loop
      vertex -49 -40.75 29
      vertex -48.83684225972493 -40.76069392328274 38
      vertex -49 -40.75 38
    endloop
  endfacet
  facet normal -0.19509032201615126 -0.9807852804032258 0
    outer loop
      vertex -48.83684225972493 -40.76069392328274 29
      vertex -48.67647619362185 -40.79259271713867 38
      vertex -48.83684225972493 -40.76069392328274 38
    endloop
  endfacet
  facet normal -0.3214394653031609 -0.9469301294951059 0
    outer loop
      vertex -48.67647619362185 -40.79259271713867 29
      vertex -48.52164570954364 -40.845150584360894 38
      vertex -48.67647619362185 -40.79259271713867 38
    endloop
  endfacet
  facet normal -0.5555702330195792 -0.8314696123025607 0
    outer loop
      vertex -48.375 -40.917468245269454 29
      vertex -48.239048213739096 -41.008308324635955 38
      vertex -48.375 -40.917468245269454 38
    endloop
  endfacet
  facet normal -0.4422886902189918 -0.8968727415326929 0
    outer loop
      vertex -48.52164570954364 -40.845150584360894 29
      vertex -48.375 -40.917468245269454 38
      vertex -48.52164570954364 -40.845150584360894 38
    endloop
  endfacet
  facet normal -0.6593458151000817 -0.7518398074789663 0
    outer loop
      vertex -48.239048213739096 -41.008308324635955 29
      vertex -48.116116523516816 -41.116116523516816 38
      vertex -48.239048213739096 -41.008308324635955 38
    endloop
  endfacet
  facet normal 0.6593458151000817 0.7518398074789663 0
    outer loop
      vertex -49.883883476483184 41.116116523516816 29
      vertex -49.883883476483184 41.116116523516816 38
      vertex -49.760951786260904 41.008308324635955 29
    endloop
  endfacet
  facet normal 0.4422886902189918 0.8968727415326929 0
    outer loop
      vertex -49.625 40.917468245269454 29
      vertex -49.625 40.917468245269454 38
      vertex -49.47835429045636 40.845150584360894 29
    endloop
  endfacet
  facet normal 0.5555702330195792 0.8314696123025607 0
    outer loop
      vertex -49.625 40.917468245269454 29
      vertex -49.760951786260904 41.008308324635955 29
      vertex -49.760951786260904 41.008308324635955 38
    endloop
  endfacet
  facet normal 0.3214394653031609 0.9469301294951059 0
    outer loop
      vertex -49.47835429045636 40.845150584360894 29
      vertex -49.47835429045636 40.845150584360894 38
      vertex -49.32352380637815 40.79259271713867 29
    endloop
  endfacet
  facet normal 0.0654031292301431 0.9978589232386035 0
    outer loop
      vertex -49.16315774027507 40.76069392328274 29
      vertex -49.16315774027507 40.76069392328274 38
      vertex -49 40.75 29
    endloop
  endfacet
  facet normal -0.0654031292301431 0.9978589232386035 0
    outer loop
      vertex -49 40.75 29
      vertex -49 40.75 38
      vertex -48.83684225972493 40.76069392328274 29
    endloop
  endfacet
  facet normal 0.19509032201615126 0.9807852804032258 0
    outer loop
      vertex -49.16315774027507 40.76069392328274 29
      vertex -49.32352380637815 40.79259271713867 29
      vertex -49.32352380637815 40.79259271713867 38
    endloop
  endfacet
  facet normal -0.19509032201615126 0.9807852804032258 0
    outer loop
      vertex -48.83684225972493 40.76069392328274 29
      vertex -48.83684225972493 40.76069392328274 38
      vertex -48.67647619362185 40.79259271713867 29
    endloop
  endfacet
  facet normal -0.3214394653031609 0.9469301294951059 0
    outer loop
      vertex -48.67647619362185 40.79259271713867 29
      vertex -48.67647619362185 40.79259271713867 38
      vertex -48.52164570954364 40.845150584360894 29
    endloop
  endfacet
  facet normal -0.4422886902189918 0.8968727415326929 0
    outer loop
      vertex -48.52164570954364 40.845150584360894 29
      vertex -48.52164570954364 40.845150584360894 38
      vertex -48.375 40.917468245269454 29
    endloop
  endfacet
  facet normal -0.5555702330195792 0.8314696123025607 0
    outer loop
      vertex -48.375 40.917468245269454 29
      vertex -48.375 40.917468245269454 38
      vertex -48.239048213739096 41.008308324635955 29
    endloop
  endfacet
  facet normal -0.6593458151000817 0.7518398074789663 0
    outer loop
      vertex -48.239048213739096 41.008308324635955 29
      vertex -48.239048213739096 41.008308324635955 38
      vertex -48.116116523516816 41.116116523516816 29
    endloop
  endfacet
  facet normal 0 0 1
    outer loop
      vertex -50.082531754730546 41.375 29
      vertex -50.082531754730546 42.625 29
      vertex -50.154849415639106 41.52164570954364 29
    endloop
  endfacet
  facet normal 0 0 1
    outer loop
      vertex -49.991691675364045 41.239048213739096 29
      vertex -49.991691675364045 42.760951786260904 29
      vertex -50.082531754730546 41.375 29
    endloop
  endfacet
  facet normal 0 0 1
    outer loop
      vertex -49.883883476483184 41.116116523516816 29
      vertex -49.883883476483184 42.883883476483184 29
      vertex -49.991691675364045 41.239048213739096 29
    endloop
  endfacet
  facet normal 0 0 1
    outer loop
      vertex -49.883883476483184 41.116116523516816 29
      vertex -49.760951786260904 41.008308324635955 29
      vertex -49.760951786260904 42.991691675364045 29
    endloop
  endfacet
  facet normal 0 0 1
    outer loop
      vertex -50.20740728286133 41.67647619362185 29
      vertex -50.20740728286133 42.32352380637815 29
      vertex -50.23930607671726 41.83684225972493 29
    endloop
  endfacet
  facet normal 0 0 1
    outer loop
      vertex -50.23930607671726 41.83684225972493 29
      vertex -50.23930607671726 42.16315774027507 29
      vertex -50.25 42 29
    endloop
  endfacet
  facet normal 0 0 1
    outer loop
      vertex -50.23930607671726 41.83684225972493 29
      vertex -50.20740728286133 42.32352380637815 29
      vertex -50.23930607671726 42.16315774027507 29
    endloop
  endfacet
  facet normal 0 0 1
    outer loop
      vertex -50.20740728286133 41.67647619362185 29
      vertex -50.154849415639106 41.52164570954364 29
      vertex -50.154849415639106 42.47835429045636 29
    endloop
  endfacet
  facet normal 0 0 1
    outer loop
      vertex -50.20740728286133 41.67647619362185 29
      vertex -50.154849415639106 42.47835429045636 29
      vertex -50.20740728286133 42.32352380637815 29
    endloop
  endfacet
  facet normal 0 0 1
    outer loop
      vertex -50.154849415639106 41.52164570954364 29
      vertex -50.082531754730546 42.625 29
      vertex -50.154849415639106 42.47835429045636 29
    endloop
  endfacet
  facet normal 0 0 1
    outer loop
      vertex -50.082531754730546 41.375 29
      vertex -49.991691675364045 42.760951786260904 29
      vertex -50.082531754730546 42.625 29
    endloop
  endfacet
  facet normal 0 0 1
    outer loop
      vertex -49.991691675364045 41.239048213739096 29
      vertex -49.883883476483184 42.883883476483184 29
      vertex -49.991691675364045 42.760951786260904 29
    endloop
  endfacet
  facet normal 0 0 1
    outer loop
      vertex -49.883883476483184 41.116116523516816 29
      vertex -49.760951786260904 42.991691675364045 29
      vertex -49.883883476483184 42.883883476483184 29
    endloop
  endfacet
  facet normal 0 0 1
    outer loop
      vertex -49.625 40.917468245269454 29
      vertex -49.625 43.082531754730546 29
      vertex -49.760951786260904 41.008308324635955 29
    endloop
  endfacet
  facet normal 0 0 1
    outer loop
      vertex -49.625 40.917468245269454 29
      vertex -49.47835429045636 40.845150584360894 29
      vertex -49.47835429045636 43.154849415639106 29
    endloop
  endfacet
  facet normal 0 0 1
    outer loop
      vertex -49.47835429045636 40.845150584360894 29
      vertex -49.32352380637815 40.79259271713867 29
      vertex -49.32352380637815 43.20740728286133 29
    endloop
  endfacet
  facet normal 0 0 1
    outer loop
      vertex -49.16315774027507 40.76069392328274 29
      vertex -49.16315774027507 43.23930607671726 29
      vertex -49.32352380637815 40.79259271713867 29
    endloop
  endfacet
  facet normal 0 0 1
    outer loop
      vertex -49.16315774027507 40.76069392328274 29
      vertex -49 40.75 29
      vertex -49 43.25 29
    endloop
  endfacet
  facet normal 0 0 1
    outer loop
      vertex -49.760951786260904 41.008308324635955 29
      vertex -49.625 43.082531754730546 29
      vertex -49.760951786260904 42.991691675364045 29
    endloop
  endfacet
  facet normal 0 0 1
    outer loop
      vertex -49.625 40.917468245269454 29
      vertex -49.47835429045636 43.154849415639106 29
      vertex -49.625 43.082531754730546 29
    endloop
  endfacet
  facet normal 0 0 1
    outer loop
      vertex -49.47835429045636 40.845150584360894 29
      vertex -49.32352380637815 43.20740728286133 29
      vertex -49.47835429045636 43.154849415639106 29
    endloop
  endfacet
  facet normal 0 0 1
    outer loop
      vertex -49.32352380637815 40.79259271713867 29
      vertex -49.16315774027507 43.23930607671726 29
      vertex -49.32352380637815 43.20740728286133 29
    endloop
  endfacet
  facet normal 0 0 1
    outer loop
      vertex -49.16315774027507 40.76069392328274 29
      vertex -49 43.25 29
      vertex -49.16315774027507 43.23930607671726 29
    endloop
  endfacet
  facet normal 0 0 1
    outer loop
      vertex -49 40.75 29
      vertex -48.83684225972493 43.23930607671726 29
      vertex -49 43.25 29
    endloop
  endfacet
  facet normal 0 0 1
    outer loop
      vertex -49 40.75 29
      vertex -48.83684225972493 40.76069392328274 29
      vertex -48.83684225972493 43.23930607671726 29
    endloop
  endfacet
  facet normal 0 0 1
    outer loop
      vertex -48.83684225972493 40.76069392328274 29
      vertex -48.67647619362185 40.79259271713867 29
      vertex -48.67647619362185 43.20740728286133 29
    endloop
  endfacet
  facet normal 0 0 1
    outer loop
      vertex -48.67647619362185 40.79259271713867 29
      vertex -48.52164570954364 40.845150584360894 29
      vertex -48.52164570954364 43.154849415639106 29
    endloop
  endfacet
  facet normal 0 0 1
    outer loop
      vertex -48.52164570954364 40.845150584360894 29
      vertex -48.375 40.917468245269454 29
      vertex -48.375 43.082531754730546 29
    endloop
  endfacet
  facet normal 0 0 1
    outer loop
      vertex -48.375 40.917468245269454 29
      vertex -48.239048213739096 41.008308324635955 29
      vertex -48.239048213739096 42.991691675364045 29
    endloop
  endfacet
  facet normal 0 0 1
    outer loop
      vertex -48.239048213739096 41.008308324635955 29
      vertex -48.116116523516816 41.116116523516816 29
      vertex -48.116116523516816 42.883883476483184 29
    endloop
  endfacet
  facet normal 0 0 1
    outer loop
      vertex -48.83684225972493 40.76069392328274 29
      vertex -48.67647619362185 43.20740728286133 29
      vertex -48.83684225972493 43.23930607671726 29
    endloop
  endfacet
  facet normal 0 0 1
    outer loop
      vertex -48.67647619362185 40.79259271713867 29
      vertex -48.52164570954364 43.154849415639106 29
      vertex -48.67647619362185 43.20740728286133 29
    endloop
  endfacet
  facet normal 0 0 1
    outer loop
      vertex -48.52164570954364 40.845150584360894 29
      vertex -48.375 43.082531754730546 29
      vertex -48.52164570954364 43.154849415639106 29
    endloop
  endfacet
  facet normal 0 0 1
    outer loop
      vertex -48.375 40.917468245269454 29
      vertex -48.239048213739096 42.991691675364045 29
      vertex -48.375 43.082531754730546 29
    endloop
  endfacet
  facet normal 0 0 1
    outer loop
      vertex -48.239048213739096 41.008308324635955 29
      vertex -48.116116523516816 42.883883476483184 29
      vertex -48.239048213739096 42.991691675364045 29
    endloop
  endfacet
  facet normal 0 0 1
    outer loop
      vertex -48.116116523516816 41.116116523516816 29
      vertex -48.008308324635955 41.239048213739096 29
      vertex -48.008308324635955 42.760951786260904 29
    endloop
  endfacet
  facet normal 0 0 1
    outer loop
      vertex -48.008308324635955 41.239048213739096 29
      vertex -47.917468245269454 41.375 29
      vertex -47.917468245269454 42.625 29
    endloop
  endfacet
  facet normal 0 0 1
    outer loop
      vertex -47.917468245269454 41.375 29
      vertex -47.845150584360894 41.52164570954364 29
      vertex -47.845150584360894 42.47835429045636 29
    endloop
  endfacet
  facet normal 0 0 1
    outer loop
      vertex -47.845150584360894 41.52164570954364 29
      vertex -47.79259271713867 41.67647619362185 29
      vertex -47.79259271713867 42.32352380637815 29
    endloop
  endfacet
  facet normal 0 0 1
    outer loop
      vertex -47.917468245269454 41.375 29
      vertex -47.845150584360894 42.47835429045636 29
      vertex -47.917468245269454 42.625 29
    endloop
  endfacet
  facet normal 0 0 1
    outer loop
      vertex -48.008308324635955 41.239048213739096 29
      vertex -47.917468245269454 42.625 29
      vertex -48.008308324635955 42.760951786260904 29
    endloop
  endfacet
  facet normal 0 0 1
    outer loop
      vertex -47.79259271713867 41.67647619362185 29
      vertex -47.76069392328274 41.83684225972493 29
      vertex -47.76069392328274 42.16315774027507 29
    endloop
  endfacet
  facet normal 0 0 1
    outer loop
      vertex -47.76069392328274 41.83684225972493 29
      vertex -47.75 42 29
      vertex -47.76069392328274 42.16315774027507 29
    endloop
  endfacet
  facet normal 0 0 1
    outer loop
      vertex -47.79259271713867 41.67647619362185 29
      vertex -47.76069392328274 42.16315774027507 29
      vertex -47.79259271713867 42.32352380637815 29
    endloop
  endfacet
  facet normal 0 0 1
    outer loop
      vertex -47.845150584360894 41.52164570954364 29
      vertex -47.79259271713867 42.32352380637815 29
      vertex -47.845150584360894 42.47835429045636 29
    endloop
  endfacet
  facet normal 0 0 1
    outer loop
      vertex -48.116116523516816 41.116116523516816 29
      vertex -48.008308324635955 42.760951786260904 29
      vertex -48.116116523516816 42.883883476483184 29
    endloop
  endfacet
  facet normal 0.9807852804032258 0.19509032201615126 0
    outer loop
      vertex -50.20740728286133 41.67647619362185 29
      vertex -50.23930607671726 41.83684225972493 29
      vertex -50.23930607671726 41.83684225972493 38
    endloop
  endfacet
  facet normal 0.8968727415326929 0.4422886902189918 0
    outer loop
      vertex -50.082531754730546 41.375 29
      vertex -50.154849415639106 41.52164570954364 29
      vertex -50.154849415639106 41.52164570954364 38
    endloop
  endfacet
  facet normal 0.8314696123025607 0.5555702330195792 0
    outer loop
      vertex -49.991691675364045 41.239048213739096 29
      vertex -50.082531754730546 41.375 29
      vertex -50.082531754730546 41.375 38
    endloop
  endfacet
  facet normal 0.7518398074789663 0.6593458151000817 0
    outer loop
      vertex -49.883883476483184 41.116116523516816 29
      vertex -49.991691675364045 41.239048213739096 29
      vertex -49.991691675364045 41.239048213739096 38
    endloop
  endfacet
  facet normal 0.9469301294951059 0.3214394653031609 0
    outer loop
      vertex -50.20740728286133 41.67647619362185 29
      vertex -50.20740728286133 41.67647619362185 38
      vertex -50.154849415639106 41.52164570954364 29
    endloop
  endfacet
  facet normal 0.9978589232386035 0.0654031292301431 0
    outer loop
      vertex -50.23930607671726 41.83684225972493 29
      vertex -50.25 42 29
      vertex -50.25 42 38
    endloop
  endfacet
  facet normal 0.9978589232386035 -0.0654031292301431 0
    outer loop
      vertex -50.25 42 29
      vertex -50.23930607671726 42.16315774027507 29
      vertex -50.23930607671726 42.16315774027507 38
    endloop
  endfacet
  facet normal 0.9807852804032258 -0.19509032201615126 0
    outer loop
      vertex -50.23930607671726 42.16315774027507 29
      vertex -50.20740728286133 42.32352380637815 29
      vertex -50.20740728286133 42.32352380637815 38
    endloop
  endfacet
  facet normal 0.9469301294951059 -0.3214394653031609 0
    outer loop
      vertex -50.20740728286133 42.32352380637815 29
      vertex -50.154849415639106 42.47835429045636 29
      vertex -50.154849415639106 42.47835429045636 38
    endloop
  endfacet
  facet normal 0.8968727415326929 -0.4422886902189918 0
    outer loop
      vertex -50.154849415639106 42.47835429045636 29
      vertex -50.082531754730546 42.625 29
      vertex -50.082531754730546 42.625 38
    endloop
  endfacet
  facet normal 0.8314696123025607 -0.5555702330195792 0
    outer loop
      vertex -50.082531754730546 42.625 29
      vertex -49.991691675364045 42.760951786260904 29
      vertex -49.991691675364045 42.760951786260904 38
    endloop
  endfacet
  facet normal 0.7518398074789663 -0.6593458151000817 0
    outer loop
      vertex -49.991691675364045 42.760951786260904 29
      vertex -49.883883476483184 42.883883476483184 29
      vertex -49.883883476483184 42.883883476483184 38
    endloop
  endfacet
  facet normal 0.6593458151000817 -0.7518398074789663 0
    outer loop
      vertex -49.883883476483184 42.883883476483184 29
      vertex -49.760951786260904 42.991691675364045 29
      vertex -49.760951786260904 42.991691675364045 38
    endloop
  endfacet
  facet normal 0.5555702330195792 -0.8314696123025607 0
    outer loop
      vertex -49.760951786260904 42.991691675364045 29
      vertex -49.625 43.082531754730546 29
      vertex -49.625 43.082531754730546 38
    endloop
  endfacet
  facet normal 0.4422886902189918 -0.8968727415326929 0
    outer loop
      vertex -49.625 43.082531754730546 29
      vertex -49.47835429045636 43.154849415639106 29
      vertex -49.47835429045636 43.154849415639106 38
    endloop
  endfacet
  facet normal 0.3214394653031609 -0.9469301294951059 0
    outer loop
      vertex -49.47835429045636 43.154849415639106 29
      vertex -49.32352380637815 43.20740728286133 29
      vertex -49.32352380637815 43.20740728286133 38
    endloop
  endfacet
  facet normal 0.19509032201615126 -0.9807852804032258 0
    outer loop
      vertex -49.32352380637815 43.20740728286133 29
      vertex -49.16315774027507 43.23930607671726 29
      vertex -49.16315774027507 43.23930607671726 38
    endloop
  endfacet
  facet normal 0.0654031292301431 -0.9978589232386035 0
    outer loop
      vertex -49.16315774027507 43.23930607671726 29
      vertex -49 43.25 29
      vertex -49 43.25 38
    endloop
  endfacet
  facet normal -0.7518398074789663 0.6593458151000817 0
    outer loop
      vertex -48.116116523516816 41.116116523516816 29
      vertex -48.116116523516816 41.116116523516816 38
      vertex -48.008308324635955 41.239048213739096 29
    endloop
  endfacet
  facet normal -0.8314696123025607 0.5555702330195792 0
    outer loop
      vertex -48.008308324635955 41.239048213739096 29
      vertex -48.008308324635955 41.239048213739096 38
      vertex -47.917468245269454 41.375 29
    endloop
  endfacet
  facet normal -0.8968727415326929 0.4422886902189918 0
    outer loop
      vertex -47.917468245269454 41.375 29
      vertex -47.917468245269454 41.375 38
      vertex -47.845150584360894 41.52164570954364 29
    endloop
  endfacet
  facet normal -0.9469301294951059 0.3214394653031609 0
    outer loop
      vertex -47.845150584360894 41.52164570954364 29
      vertex -47.845150584360894 41.52164570954364 38
      vertex -47.79259271713867 41.67647619362185 29
    endloop
  endfacet
  facet normal -0.9807852804032258 0.19509032201615126 0
    outer loop
      vertex -47.79259271713867 41.67647619362185 29
      vertex -47.79259271713867 41.67647619362185 38
      vertex -47.76069392328274 41.83684225972493 29
    endloop
  endfacet
  facet normal -0.9978589232386035 0.0654031292301431 0
    outer loop
      vertex -47.76069392328274 41.83684225972493 29
      vertex -47.76069392328274 41.83684225972493 38
      vertex -47.75 42 29
    endloop
  endfacet
  facet normal -0.9978589232386035 -0.0654031292301431 0
    outer loop
      vertex -47.76069392328274 42.16315774027507 29
      vertex -47.75 42 29
      vertex -47.75 42 38
    endloop
  endfacet
  facet normal -0.9807852804032258 -0.19509032201615126 0
    outer loop
      vertex -47.76069392328274 42.16315774027507 29
      vertex -47.76069392328274 42.16315774027507 38
      vertex -47.79259271713867 42.32352380637815 29
    endloop
  endfacet
  facet normal -0.9469301294951059 -0.3214394653031609 0
    outer loop
      vertex -47.79259271713867 42.32352380637815 29
      vertex -47.79259271713867 42.32352380637815 38
      vertex -47.845150584360894 42.47835429045636 29
    endloop
  endfacet
  facet normal -0.8968727415326929 -0.4422886902189918 0
    outer loop
      vertex -47.845150584360894 42.47835429045636 29
      vertex -47.845150584360894 42.47835429045636 38
      vertex -47.917468245269454 42.625 29
    endloop
  endfacet
  facet normal -0.0654031292301431 -0.9978589232386035 0
    outer loop
      vertex -49 43.25 29
      vertex -48.83684225972493 43.23930607671726 29
      vertex -48.83684225972493 43.23930607671726 38
    endloop
  endfacet
  facet normal -0.19509032201615126 -0.9807852804032258 0
    outer loop
      vertex -48.83684225972493 43.23930607671726 29
      vertex -48.67647619362185 43.20740728286133 29
      vertex -48.67647619362185 43.20740728286133 38
    endloop
  endfacet
  facet normal -0.3214394653031609 -0.9469301294951059 0
    outer loop
      vertex -48.67647619362185 43.20740728286133 29
      vertex -48.52164570954364 43.154849415639106 29
      vertex -48.52164570954364 43.154849415639106 38
    endloop
  endfacet
  facet normal -0.6593458151000817 -0.7518398074789663 0
    outer loop
      vertex -48.239048213739096 42.991691675364045 29
      vertex -48.116116523516816 42.883883476483184 29
      vertex -48.116116523516816 42.883883476483184 38
    endloop
  endfacet
  facet normal -0.4422886902189918 -0.8968727415326929 0
    outer loop
      vertex -48.52164570954364 43.154849415639106 29
      vertex -48.375 43.082531754730546 29
      vertex -48.375 43.082531754730546 38
    endloop
  endfacet
  facet normal -0.5555702330195792 -0.8314696123025607 0
    outer loop
      vertex -48.375 43.082531754730546 29
      vertex -48.239048213739096 42.991691675364045 29
      vertex -48.239048213739096 42.991691675364045 38
    endloop
  endfacet
  facet normal -0.8314696123025607 -0.5555702330195792 0
    outer loop
      vertex -48.008308324635955 42.760951786260904 29
      vertex -47.917468245269454 42.625 29
      vertex -47.917468245269454 42.625 38
    endloop
  endfacet
  facet normal -0.7518398074789663 -0.6593458151000817 0
    outer loop
      vertex -48.116116523516816 42.883883476483184 29
      vertex -48.008308324635955 42.760951786260904 29
      vertex -48.008308324635955 42.760951786260904 38
    endloop
  endfacet
  facet normal 0.6593458151000817 0.7518398074789663 0
    outer loop
      vertex -49.760951786260904 41.008308324635955 29
      vertex -49.883883476483184 41.116116523516816 38
      vertex -49.760951786260904 41.008308324635955 38
    endloop
  endfacet
  facet normal 0.5555702330195792 0.8314696123025607 0
    outer loop
      vertex -49.625 40.917468245269454 29
      vertex -49.760951786260904 41.008308324635955 38
      vertex -49.625 40.917468245269454 38
    endloop
  endfacet
  facet normal 0.4422886902189918 0.8968727415326929 0
    outer loop
      vertex -49.47835429045636 40.845150584360894 29
      vertex -49.625 40.917468245269454 38
      vertex -49.47835429045636 40.845150584360894 38
    endloop
  endfacet
  facet normal 0.3214394653031609 0.9469301294951059 0
    outer loop
      vertex -49.32352380637815 40.79259271713867 29
      vertex -49.47835429045636 40.845150584360894 38
      vertex -49.32352380637815 40.79259271713867 38
    endloop
  endfacet
  facet normal 0.0654031292301431 0.9978589232386035 0
    outer loop
      vertex -49 40.75 29
      vertex -49.16315774027507 40.76069392328274 38
      vertex -49 40.75 38
    endloop
  endfacet
  facet normal 0.19509032201615126 0.9807852804032258 0
    outer loop
      vertex -49.16315774027507 40.76069392328274 29
      vertex -49.32352380637815 40.79259271713867 38
      vertex -49.16315774027507 40.76069392328274 38
    endloop
  endfacet
  facet normal -0.0654031292301431 0.9978589232386035 0
    outer loop
      vertex -48.83684225972493 40.76069392328274 29
      vertex -49 40.75 38
      vertex -48.83684225972493 40.76069392328274 38
    endloop
  endfacet
  facet normal -0.19509032201615126 0.9807852804032258 0
    outer loop
      vertex -48.67647619362185 40.79259271713867 29
      vertex -48.83684225972493 40.76069392328274 38
      vertex -48.67647619362185 40.79259271713867 38
    endloop
  endfacet
  facet normal -0.3214394653031609 0.9469301294951059 0
    outer loop
      vertex -48.52164570954364 40.845150584360894 29
      vertex -48.67647619362185 40.79259271713867 38
      vertex -48.52164570954364 40.845150584360894 38
    endloop
  endfacet
  facet normal -0.4422886902189918 0.8968727415326929 0
    outer loop
      vertex -48.375 40.917468245269454 29
      vertex -48.52164570954364 40.845150584360894 38
      vertex -48.375 40.917468245269454 38
    endloop
  endfacet
  facet normal -0.5555702330195792 0.8314696123025607 0
    outer loop
      vertex -48.239048213739096 41.008308324635955 29
      vertex -48.375 40.917468245269454 38
      vertex -48.239048213739096 41.008308324635955 38
    endloop
  endfacet
  facet normal -0.6593458151000817 0.7518398074789663 0
    outer loop
      vertex -48.116116523516816 41.116116523516816 29
      vertex -48.239048213739096 41.008308324635955 38
      vertex -48.116116523516816 41.116116523516816 38
    endloop
  endfacet
  facet normal 0.9807852804032258 0.19509032201615126 0
    outer loop
      vertex -50.20740728286133 41.67647619362185 29
      vertex -50.23930607671726 41.83684225972493 38
      vertex -50.20740728286133 41.67647619362185 38
    endloop
  endfacet
  facet normal 0.8314696123025607 0.5555702330195792 0
    outer loop
      vertex -49.991691675364045 41.239048213739096 29
      vertex -50.082531754730546 41.375 38
      vertex -49.991691675364045 41.239048213739096 38
    endloop
  endfacet
  facet normal 0.8968727415326929 0.4422886902189918 0
    outer loop
      vertex -50.082531754730546 41.375 29
      vertex -50.154849415639106 41.52164570954364 38
      vertex -50.082531754730546 41.375 38
    endloop
  endfacet
  facet normal 0.7518398074789663 0.6593458151000817 0
    outer loop
      vertex -49.883883476483184 41.116116523516816 29
      vertex -49.991691675364045 41.239048213739096 38
      vertex -49.883883476483184 41.116116523516816 38
    endloop
  endfacet
  facet normal 0.9469301294951059 0.3214394653031609 0
    outer loop
      vertex -50.154849415639106 41.52164570954364 29
      vertex -50.20740728286133 41.67647619362185 38
      vertex -50.154849415639106 41.52164570954364 38
    endloop
  endfacet
  facet normal 0.9978589232386035 0.0654031292301431 0
    outer loop
      vertex -50.23930607671726 41.83684225972493 29
      vertex -50.25 42 38
      vertex -50.23930607671726 41.83684225972493 38
    endloop
  endfacet
  facet normal 0.9978589232386035 -0.0654031292301431 0
    outer loop
      vertex -50.25 42 29
      vertex -50.23930607671726 42.16315774027507 38
      vertex -50.25 42 38
    endloop
  endfacet
  facet normal 0.9807852804032258 -0.19509032201615126 0
    outer loop
      vertex -50.23930607671726 42.16315774027507 29
      vertex -50.20740728286133 42.32352380637815 38
      vertex -50.23930607671726 42.16315774027507 38
    endloop
  endfacet
  facet normal 0.9469301294951059 -0.3214394653031609 0
    outer loop
      vertex -50.20740728286133 42.32352380637815 29
      vertex -50.154849415639106 42.47835429045636 38
      vertex -50.20740728286133 42.32352380637815 38
    endloop
  endfacet
  facet normal 0.8968727415326929 -0.4422886902189918 0
    outer loop
      vertex -50.154849415639106 42.47835429045636 29
      vertex -50.082531754730546 42.625 38
      vertex -50.154849415639106 42.47835429045636 38
    endloop
  endfacet
  facet normal 0.8314696123025607 -0.5555702330195792 0
    outer loop
      vertex -50.082531754730546 42.625 29
      vertex -49.991691675364045 42.760951786260904 38
      vertex -50.082531754730546 42.625 38
    endloop
  endfacet
  facet normal 0.7518398074789663 -0.6593458151000817 0
    outer loop
      vertex -49.991691675364045 42.760951786260904 29
      vertex -49.883883476483184 42.883883476483184 38
      vertex -49.991691675364045 42.760951786260904 38
    endloop
  endfacet
  facet normal 0.6593458151000817 -0.7518398074789663 0
    outer loop
      vertex -49.883883476483184 42.883883476483184 29
      vertex -49.760951786260904 42.991691675364045 38
      vertex -49.883883476483184 42.883883476483184 38
    endloop
  endfacet
  facet normal 0.5555702330195792 -0.8314696123025607 0
    outer loop
      vertex -49.760951786260904 42.991691675364045 29
      vertex -49.625 43.082531754730546 38
      vertex -49.760951786260904 42.991691675364045 38
    endloop
  endfacet
  facet normal 0.4422886902189918 -0.8968727415326929 0
    outer loop
      vertex -49.625 43.082531754730546 29
      vertex -49.47835429045636 43.154849415639106 38
      vertex -49.625 43.082531754730546 38
    endloop
  endfacet
  facet normal 0.3214394653031609 -0.9469301294951059 0
    outer loop
      vertex -49.47835429045636 43.154849415639106 29
      vertex -49.32352380637815 43.20740728286133 38
      vertex -49.47835429045636 43.154849415639106 38
    endloop
  endfacet
  facet normal 0.19509032201615126 -0.9807852804032258 0
    outer loop
      vertex -49.32352380637815 43.20740728286133 29
      vertex -49.16315774027507 43.23930607671726 38
      vertex -49.32352380637815 43.20740728286133 38
    endloop
  endfacet
  facet normal 0.0654031292301431 -0.9978589232386035 0
    outer loop
      vertex -49.16315774027507 43.23930607671726 29
      vertex -49 43.25 38
      vertex -49.16315774027507 43.23930607671726 38
    endloop
  endfacet
  facet normal -0.0654031292301431 -0.9978589232386035 0
    outer loop
      vertex -49 43.25 29
      vertex -48.83684225972493 43.23930607671726 38
      vertex -49 43.25 38
    endloop
  endfacet
  facet normal -0.7518398074789663 0.6593458151000817 0
    outer loop
      vertex -48.008308324635955 41.239048213739096 29
      vertex -48.116116523516816 41.116116523516816 38
      vertex -48.008308324635955 41.239048213739096 38
    endloop
  endfacet
  facet normal -0.8314696123025607 0.5555702330195792 0
    outer loop
      vertex -47.917468245269454 41.375 29
      vertex -48.008308324635955 41.239048213739096 38
      vertex -47.917468245269454 41.375 38
    endloop
  endfacet
  facet normal -0.8968727415326929 0.4422886902189918 0
    outer loop
      vertex -47.845150584360894 41.52164570954364 29
      vertex -47.917468245269454 41.375 38
      vertex -47.845150584360894 41.52164570954364 38
    endloop
  endfacet
  facet normal -0.9469301294951059 0.3214394653031609 0
    outer loop
      vertex -47.79259271713867 41.67647619362185 29
      vertex -47.845150584360894 41.52164570954364 38
      vertex -47.79259271713867 41.67647619362185 38
    endloop
  endfacet
  facet normal -0.9807852804032258 0.19509032201615126 0
    outer loop
      vertex -47.76069392328274 41.83684225972493 29
      vertex -47.79259271713867 41.67647619362185 38
      vertex -47.76069392328274 41.83684225972493 38
    endloop
  endfacet
  facet normal -0.9978589232386035 0.0654031292301431 0
    outer loop
      vertex -47.75 42 29
      vertex -47.76069392328274 41.83684225972493 38
      vertex -47.75 42 38
    endloop
  endfacet
  facet normal -0.9978589232386035 -0.0654031292301431 0
    outer loop
      vertex -47.76069392328274 42.16315774027507 29
      vertex -47.75 42 38
      vertex -47.76069392328274 42.16315774027507 38
    endloop
  endfacet
  facet normal -0.8968727415326929 -0.4422886902189918 0
    outer loop
      vertex -47.917468245269454 42.625 29
      vertex -47.845150584360894 42.47835429045636 38
      vertex -47.917468245269454 42.625 38
    endloop
  endfacet
  facet normal -0.9807852804032258 -0.19509032201615126 0
    outer loop
      vertex -47.79259271713867 42.32352380637815 29
      vertex -47.76069392328274 42.16315774027507 38
      vertex -47.79259271713867 42.32352380637815 38
    endloop
  endfacet
  facet normal -0.9469301294951059 -0.3214394653031609 0
    outer loop
      vertex -47.845150584360894 42.47835429045636 29
      vertex -47.79259271713867 42.32352380637815 38
      vertex -47.845150584360894 42.47835429045636 38
    endloop
  endfacet
  facet normal -0.19509032201615126 -0.9807852804032258 0
    outer loop
      vertex -48.83684225972493 43.23930607671726 29
      vertex -48.67647619362185 43.20740728286133 38
      vertex -48.83684225972493 43.23930607671726 38
    endloop
  endfacet
  facet normal -0.3214394653031609 -0.9469301294951059 0
    outer loop
      vertex -48.67647619362185 43.20740728286133 29
      vertex -48.52164570954364 43.154849415639106 38
      vertex -48.67647619362185 43.20740728286133 38
    endloop
  endfacet
  facet normal -0.6593458151000817 -0.7518398074789663 0
    outer loop
      vertex -48.239048213739096 42.991691675364045 29
      vertex -48.116116523516816 42.883883476483184 38
      vertex -48.239048213739096 42.991691675364045 38
    endloop
  endfacet
  facet normal -0.4422886902189918 -0.8968727415326929 0
    outer loop
      vertex -48.52164570954364 43.154849415639106 29
      vertex -48.375 43.082531754730546 38
      vertex -48.52164570954364 43.154849415639106 38
    endloop
  endfacet
  facet normal -0.5555702330195792 -0.8314696123025607 0
    outer loop
      vertex -48.375 43.082531754730546 29
      vertex -48.239048213739096 42.991691675364045 38
      vertex -48.375 43.082531754730546 38
    endloop
  endfacet
  facet normal -0.8314696123025607 -0.5555702330195792 0
    outer loop
      vertex -48.008308324635955 42.760951786260904 29
      vertex -47.917468245269454 42.625 38
      vertex -48.008308324635955 42.760951786260904 38
    endloop
  endfacet
  facet normal -0.7518398074789663 -0.6593458151000817 0
    outer loop
      vertex -48.116116523516816 42.883883476483184 29
      vertex -48.008308324635955 42.760951786260904 38
      vertex -48.116116523516816 42.883883476483184 38
    endloop
  endfacet
  facet normal 0 0 1
    outer loop
      vertex 48.116116523516816 -42.883883476483184 29
      vertex 48.116116523516816 -41.116116523516816 29
      vertex 48.008308324635955 -42.760951786260904 29
    endloop
  endfacet
  facet normal 0 0 1
    outer loop
      vertex 47.845150584360894 -42.47835429045636 29
      vertex 47.845150584360894 -41.52164570954364 29
      vertex 47.79259271713867 -42.32352380637815 29
    endloop
  endfacet
  facet normal 0 0 1
    outer loop
      vertex 47.79259271713867 -42.32352380637815 29
      vertex 47.79259271713867 -41.67647619362185 29
      vertex 47.76069392328274 -42.16315774027507 29
    endloop
  endfacet
  facet normal 0 0 1
    outer loop
      vertex 47.75 -42 29
      vertex 47.76069392328274 -42.16315774027507 29
      vertex 47.76069392328274 -41.83684225972493 29
    endloop
  endfacet
  facet normal 0 0 1
    outer loop
      vertex 47.76069392328274 -42.16315774027507 29
      vertex 47.79259271713867 -41.67647619362185 29
      vertex 47.76069392328274 -41.83684225972493 29
    endloop
  endfacet
  facet normal 0 0 1
    outer loop
      vertex 47.917468245269454 -42.625 29
      vertex 47.917468245269454 -41.375 29
      vertex 47.845150584360894 -42.47835429045636 29
    endloop
  endfacet
  facet normal 0 0 1
    outer loop
      vertex 47.917468245269454 -42.625 29
      vertex 48.008308324635955 -42.760951786260904 29
      vertex 48.008308324635955 -41.239048213739096 29
    endloop
  endfacet
  facet normal 0 0 1
    outer loop
      vertex 47.79259271713867 -42.32352380637815 29
      vertex 47.845150584360894 -41.52164570954364 29
      vertex 47.79259271713867 -41.67647619362185 29
    endloop
  endfacet
  facet normal 0 0 1
    outer loop
      vertex 47.845150584360894 -42.47835429045636 29
      vertex 47.917468245269454 -41.375 29
      vertex 47.845150584360894 -41.52164570954364 29
    endloop
  endfacet
  facet normal 0 0 1
    outer loop
      vertex 47.917468245269454 -42.625 29
      vertex 48.008308324635955 -41.239048213739096 29
      vertex 47.917468245269454 -41.375 29
    endloop
  endfacet
  facet normal 0 0 1
    outer loop
      vertex 48.008308324635955 -42.760951786260904 29
      vertex 48.116116523516816 -41.116116523516816 29
      vertex 48.008308324635955 -41.239048213739096 29
    endloop
  endfacet
  facet normal 0 0 1
    outer loop
      vertex 48.239048213739096 -42.991691675364045 29
      vertex 48.239048213739096 -41.008308324635955 29
      vertex 48.116116523516816 -42.883883476483184 29
    endloop
  endfacet
  facet normal 0 0 1
    outer loop
      vertex 48.239048213739096 -42.991691675364045 29
      vertex 48.375 -43.082531754730546 29
      vertex 48.375 -40.917468245269454 29
    endloop
  endfacet
  facet normal 0 0 1
    outer loop
      vertex 48.52164570954364 -43.154849415639106 29
      vertex 48.52164570954364 -40.845150584360894 29
      vertex 48.375 -43.082531754730546 29
    endloop
  endfacet
  facet normal 0 0 1
    outer loop
      vertex 48.52164570954364 -43.154849415639106 29
      vertex 48.67647619362185 -43.20740728286133 29
      vertex 48.67647619362185 -40.79259271713867 29
    endloop
  endfacet
  facet normal 0 0 1
    outer loop
      vertex 48.67647619362185 -43.20740728286133 29
      vertex 48.83684225972493 -43.23930607671726 29
      vertex 48.83684225972493 -40.76069392328274 29
    endloop
  endfacet
  facet normal 0 0 1
    outer loop
      vertex 48.116116523516816 -42.883883476483184 29
      vertex 48.239048213739096 -41.008308324635955 29
      vertex 48.116116523516816 -41.116116523516816 29
    endloop
  endfacet
  facet normal 0 0 1
    outer loop
      vertex 48.239048213739096 -42.991691675364045 29
      vertex 48.375 -40.917468245269454 29
      vertex 48.239048213739096 -41.008308324635955 29
    endloop
  endfacet
  facet normal 0 0 1
    outer loop
      vertex 48.375 -43.082531754730546 29
      vertex 48.52164570954364 -40.845150584360894 29
      vertex 48.375 -40.917468245269454 29
    endloop
  endfacet
  facet normal 0 0 1
    outer loop
      vertex 48.52164570954364 -43.154849415639106 29
      vertex 48.67647619362185 -40.79259271713867 29
      vertex 48.52164570954364 -40.845150584360894 29
    endloop
  endfacet
  facet normal 0 0 1
    outer loop
      vertex 48.67647619362185 -43.20740728286133 29
      vertex 48.83684225972493 -40.76069392328274 29
      vertex 48.67647619362185 -40.79259271713867 29
    endloop
  endfacet
  facet normal 0 0 1
    outer loop
      vertex 48.83684225972493 -43.23930607671726 29
      vertex 49 -40.75 29
      vertex 48.83684225972493 -40.76069392328274 29
    endloop
  endfacet
  facet normal 0 0 1
    outer loop
      vertex 48.83684225972493 -43.23930607671726 29
      vertex 49 -43.25 29
      vertex 49 -40.75 29
    endloop
  endfacet
  facet normal 0 0 1
    outer loop
      vertex 49 -43.25 29
      vertex 49.16315774027507 -43.23930607671726 29
      vertex 49.16315774027507 -40.76069392328274 29
    endloop
  endfacet
  facet normal 0 0 1
    outer loop
      vertex 49.16315774027507 -43.23930607671726 29
      vertex 49.32352380637815 -43.20740728286133 29
      vertex 49.32352380637815 -40.79259271713867 29
    endloop
  endfacet
  facet normal 0 0 1
    outer loop
      vertex 49.32352380637815 -43.20740728286133 29
      vertex 49.47835429045636 -43.154849415639106 29
      vertex 49.47835429045636 -40.845150584360894 29
    endloop
  endfacet
  facet normal 0 0 1
    outer loop
      vertex 49.47835429045636 -43.154849415639106 29
      vertex 49.625 -43.082531754730546 29
      vertex 49.625 -40.917468245269454 29
    endloop
  endfacet
  facet normal 0 0 1
    outer loop
      vertex 49.625 -43.082531754730546 29
      vertex 49.760951786260904 -42.991691675364045 29
      vertex 49.760951786260904 -41.008308324635955 29
    endloop
  endfacet
  facet normal 0 0 1
    outer loop
      vertex 49 -43.25 29
      vertex 49.16315774027507 -40.76069392328274 29
      vertex 49 -40.75 29
    endloop
  endfacet
  facet normal 0 0 1
    outer loop
      vertex 49.16315774027507 -43.23930607671726 29
      vertex 49.32352380637815 -40.79259271713867 29
      vertex 49.16315774027507 -40.76069392328274 29
    endloop
  endfacet
  facet normal 0 0 1
    outer loop
      vertex 49.32352380637815 -43.20740728286133 29
      vertex 49.47835429045636 -40.845150584360894 29
      vertex 49.32352380637815 -40.79259271713867 29
    endloop
  endfacet
  facet normal 0 0 1
    outer loop
      vertex 49.47835429045636 -43.154849415639106 29
      vertex 49.625 -40.917468245269454 29
      vertex 49.47835429045636 -40.845150584360894 29
    endloop
  endfacet
  facet normal 0 0 1
    outer loop
      vertex 49.625 -43.082531754730546 29
      vertex 49.760951786260904 -41.008308324635955 29
      vertex 49.625 -40.917468245269454 29
    endloop
  endfacet
  facet normal 0 0 1
    outer loop
      vertex 49.760951786260904 -42.991691675364045 29
      vertex 49.883883476483184 -42.883883476483184 29
      vertex 49.883883476483184 -41.116116523516816 29
    endloop
  endfacet
  facet normal 0 0 1
    outer loop
      vertex 49.883883476483184 -42.883883476483184 29
      vertex 49.991691675364045 -42.760951786260904 29
      vertex 49.991691675364045 -41.239048213739096 29
    endloop
  endfacet
  facet normal 0 0 1
    outer loop
      vertex 49.991691675364045 -42.760951786260904 29
      vertex 50.082531754730546 -42.625 29
      vertex 50.082531754730546 -41.375 29
    endloop
  endfacet
  facet normal 0 0 1
    outer loop
      vertex 50.082531754730546 -42.625 29
      vertex 50.154849415639106 -42.47835429045636 29
      vertex 50.154849415639106 -41.52164570954364 29
    endloop
  endfacet
  facet normal 0 0 1
    outer loop
      vertex 50.154849415639106 -42.47835429045636 29
      vertex 50.20740728286133 -42.32352380637815 29
      vertex 50.20740728286133 -41.67647619362185 29
    endloop
  endfacet
  facet normal 0 0 1
    outer loop
      vertex 50.154849415639106 -42.47835429045636 29
      vertex 50.20740728286133 -41.67647619362185 29
      vertex 50.154849415639106 -41.52164570954364 29
    endloop
  endfacet
  facet normal 0 0 1
    outer loop
      vertex 50.20740728286133 -42.32352380637815 29
      vertex 50.23930607671726 -42.16315774027507 29
      vertex 50.23930607671726 -41.83684225972493 29
    endloop
  endfacet
  facet normal 0 0 1
    outer loop
      vertex 50.23930607671726 -42.16315774027507 29
      vertex 50.25 -42 29
      vertex 50.23930607671726 -41.83684225972493 29
    endloop
  endfacet
  facet normal 0 0 1
    outer loop
      vertex 50.20740728286133 -42.32352380637815 29
      vertex 50.23930607671726 -41.83684225972493 29
      vertex 50.20740728286133 -41.67647619362185 29
    endloop
  endfacet
  facet normal 0 0 1
    outer loop
      vertex 49.760951786260904 -42.991691675364045 29
      vertex 49.883883476483184 -41.116116523516816 29
      vertex 49.760951786260904 -41.008308324635955 29
    endloop
  endfacet
  facet normal 0 0 1
    outer loop
      vertex 49.883883476483184 -42.883883476483184 29
      vertex 49.991691675364045 -41.239048213739096 29
      vertex 49.883883476483184 -41.116116523516816 29
    endloop
  endfacet
  facet normal 0 0 1
    outer loop
      vertex 49.991691675364045 -42.760951786260904 29
      vertex 50.082531754730546 -41.375 29
      vertex 49.991691675364045 -41.239048213739096 29
    endloop
  endfacet
  facet normal 0 0 1
    outer loop
      vertex 50.082531754730546 -42.625 29
      vertex 50.154849415639106 -41.52164570954364 29
      vertex 50.082531754730546 -41.375 29
    endloop
  endfacet
  facet normal 0.7518398074789663 0.6593458151000817 0
    outer loop
      vertex 48.116116523516816 -42.883883476483184 29
      vertex 48.008308324635955 -42.760951786260904 29
      vertex 48.008308324635955 -42.760951786260904 38
    endloop
  endfacet
  facet normal 0.8314696123025607 0.5555702330195792 0
    outer loop
      vertex 47.917468245269454 -42.625 29
      vertex 47.917468245269454 -42.625 38
      vertex 48.008308324635955 -42.760951786260904 29
    endloop
  endfacet
  facet normal 0.5555702330195792 0.8314696123025607 0
    outer loop
      vertex 48.239048213739096 -42.991691675364045 29
      vertex 48.239048213739096 -42.991691675364045 38
      vertex 48.375 -43.082531754730546 29
    endloop
  endfacet
  facet normal 0.4422886902189918 0.8968727415326929 0
    outer loop
      vertex 48.52164570954364 -43.154849415639106 29
      vertex 48.375 -43.082531754730546 29
      vertex 48.375 -43.082531754730546 38
    endloop
  endfacet
  facet normal 0.6593458151000817 0.7518398074789663 0
    outer loop
      vertex 48.239048213739096 -42.991691675364045 29
      vertex 48.116116523516816 -42.883883476483184 29
      vertex 48.116116523516816 -42.883883476483184 38
    endloop
  endfacet
  facet normal 0.3214394653031609 0.9469301294951059 0
    outer loop
      vertex 48.52164570954364 -43.154849415639106 29
      vertex 48.52164570954364 -43.154849415639106 38
      vertex 48.67647619362185 -43.20740728286133 29
    endloop
  endfacet
  facet normal 0.19509032201615126 0.9807852804032258 0
    outer loop
      vertex 48.67647619362185 -43.20740728286133 29
      vertex 48.67647619362185 -43.20740728286133 38
      vertex 48.83684225972493 -43.23930607671726 29
    endloop
  endfacet
  facet normal 0.0654031292301431 0.9978589232386035 0
    outer loop
      vertex 48.83684225972493 -43.23930607671726 29
      vertex 48.83684225972493 -43.23930607671726 38
      vertex 49 -43.25 29
    endloop
  endfacet
  facet normal 0.8968727415326929 0.4422886902189918 0
    outer loop
      vertex 47.917468245269454 -42.625 29
      vertex 47.845150584360894 -42.47835429045636 29
      vertex 47.845150584360894 -42.47835429045636 38
    endloop
  endfacet
  facet normal 0.9469301294951059 0.3214394653031609 0
    outer loop
      vertex 47.845150584360894 -42.47835429045636 29
      vertex 47.79259271713867 -42.32352380637815 29
      vertex 47.79259271713867 -42.32352380637815 38
    endloop
  endfacet
  facet normal 0.9807852804032258 0.19509032201615126 0
    outer loop
      vertex 47.79259271713867 -42.32352380637815 29
      vertex 47.76069392328274 -42.16315774027507 29
      vertex 47.76069392328274 -42.16315774027507 38
    endloop
  endfacet
  facet normal 0.9978589232386035 0.0654031292301431 0
    outer loop
      vertex 47.75 -42 29
      vertex 47.75 -42 38
      vertex 47.76069392328274 -42.16315774027507 29
    endloop
  endfacet
  facet normal 0.9978589232386035 -0.0654031292301431 0
    outer loop
      vertex 47.75 -42 29
      vertex 47.76069392328274 -41.83684225972493 29
      vertex 47.76069392328274 -41.83684225972493 38
    endloop
  endfacet
  facet normal 0.9807852804032258 -0.19509032201615126 0
    outer loop
      vertex 47.76069392328274 -41.83684225972493 29
      vertex 47.79259271713867 -41.67647619362185 29
      vertex 47.79259271713867 -41.67647619362185 38
    endloop
  endfacet
  facet normal 0.9469301294951059 -0.3214394653031609 0
    outer loop
      vertex 47.79259271713867 -41.67647619362185 29
      vertex 47.845150584360894 -41.52164570954364 29
      vertex 47.845150584360894 -41.52164570954364 38
    endloop
  endfacet
  facet normal 0.8968727415326929 -0.4422886902189918 0
    outer loop
      vertex 47.845150584360894 -41.52164570954364 29
      vertex 47.917468245269454 -41.375 29
      vertex 47.917468245269454 -41.375 38
    endloop
  endfacet
  facet normal 0.8314696123025607 -0.5555702330195792 0
    outer loop
      vertex 47.917468245269454 -41.375 29
      vertex 48.008308324635955 -41.239048213739096 29
      vertex 48.008308324635955 -41.239048213739096 38
    endloop
  endfacet
  facet normal 0.7518398074789663 -0.6593458151000817 0
    outer loop
      vertex 48.008308324635955 -41.239048213739096 29
      vertex 48.116116523516816 -41.116116523516816 29
      vertex 48.116116523516816 -41.116116523516816 38
    endloop
  endfacet
  facet normal -0.0654031292301431 0.9978589232386035 0
    outer loop
      vertex 49 -43.25 29
      vertex 49 -43.25 38
      vertex 49.16315774027507 -43.23930607671726 29
    endloop
  endfacet
  facet normal -0.19509032201615126 0.9807852804032258 0
    outer loop
      vertex 49.16315774027507 -43.23930607671726 29
      vertex 49.16315774027507 -43.23930607671726 38
      vertex 49.32352380637815 -43.20740728286133 29
    endloop
  endfacet
  facet normal -0.3214394653031609 0.9469301294951059 0
    outer loop
      vertex 49.32352380637815 -43.20740728286133 29
      vertex 49.32352380637815 -43.20740728286133 38
      vertex 49.47835429045636 -43.154849415639106 29
    endloop
  endfacet
  facet normal -0.4422886902189918 0.8968727415326929 0
    outer loop
      vertex 49.47835429045636 -43.154849415639106 29
      vertex 49.47835429045636 -43.154849415639106 38
      vertex 49.625 -43.082531754730546 29
    endloop
  endfacet
  facet normal -0.5555702330195792 0.8314696123025607 0
    outer loop
      vertex 49.625 -43.082531754730546 29
      vertex 49.625 -43.082531754730546 38
      vertex 49.760951786260904 -42.991691675364045 29
    endloop
  endfacet
  facet normal -0.6593458151000817 0.7518398074789663 0
    outer loop
      vertex 49.760951786260904 -42.991691675364045 29
      vertex 49.760951786260904 -42.991691675364045 38
      vertex 49.883883476483184 -42.883883476483184 29
    endloop
  endfacet
  facet normal -0.7518398074789663 0.6593458151000817 0
    outer loop
      vertex 49.883883476483184 -42.883883476483184 29
      vertex 49.883883476483184 -42.883883476483184 38
      vertex 49.991691675364045 -42.760951786260904 29
    endloop
  endfacet
  facet normal -0.8314696123025607 0.5555702330195792 0
    outer loop
      vertex 49.991691675364045 -42.760951786260904 29
      vertex 49.991691675364045 -42.760951786260904 38
      vertex 50.082531754730546 -42.625 29
    endloop
  endfacet
  facet normal -0.8968727415326929 0.4422886902189918 0
    outer loop
      vertex 50.082531754730546 -42.625 29
      vertex 50.082531754730546 -42.625 38
      vertex 50.154849415639106 -42.47835429045636 29
    endloop
  endfacet
  facet normal -0.9469301294951059 0.3214394653031609 0
    outer loop
      vertex 50.154849415639106 -42.47835429045636 29
      vertex 50.154849415639106 -42.47835429045636 38
      vertex 50.20740728286133 -42.32352380637815 29
    endloop
  endfacet
  facet normal -0.9807852804032258 0.19509032201615126 0
    outer loop
      vertex 50.20740728286133 -42.32352380637815 29
      vertex 50.20740728286133 -42.32352380637815 38
      vertex 50.23930607671726 -42.16315774027507 29
    endloop
  endfacet
  facet normal -0.9978589232386035 0.0654031292301431 0
    outer loop
      vertex 50.23930607671726 -42.16315774027507 29
      vertex 50.23930607671726 -42.16315774027507 38
      vertex 50.25 -42 29
    endloop
  endfacet
  facet normal -0.9978589232386035 -0.0654031292301431 0
    outer loop
      vertex 50.25 -42 29
      vertex 50.25 -42 38
      vertex 50.23930607671726 -41.83684225972493 29
    endloop
  endfacet
  facet normal -0.9469301294951059 -0.3214394653031609 0
    outer loop
      vertex 50.20740728286133 -41.67647619362185 29
      vertex 50.20740728286133 -41.67647619362185 38
      vertex 50.154849415639106 -41.52164570954364 29
    endloop
  endfacet
  facet normal -0.7518398074789663 -0.6593458151000817 0
    outer loop
      vertex 49.991691675364045 -41.239048213739096 29
      vertex 49.991691675364045 -41.239048213739096 38
      vertex 49.883883476483184 -41.116116523516816 29
    endloop
  endfacet
  facet normal -0.8314696123025607 -0.5555702330195792 0
    outer loop
      vertex 50.082531754730546 -41.375 29
      vertex 50.082531754730546 -41.375 38
      vertex 49.991691675364045 -41.239048213739096 29
    endloop
  endfacet
  facet normal -0.8968727415326929 -0.4422886902189918 0
    outer loop
      vertex 50.154849415639106 -41.52164570954364 29
      vertex 50.154849415639106 -41.52164570954364 38
      vertex 50.082531754730546 -41.375 29
    endloop
  endfacet
  facet normal -0.9807852804032258 -0.19509032201615126 0
    outer loop
      vertex 50.23930607671726 -41.83684225972493 29
      vertex 50.23930607671726 -41.83684225972493 38
      vertex 50.20740728286133 -41.67647619362185 29
    endloop
  endfacet
  facet normal 0.6593458151000817 -0.7518398074789663 0
    outer loop
      vertex 48.116116523516816 -41.116116523516816 29
      vertex 48.239048213739096 -41.008308324635955 29
      vertex 48.239048213739096 -41.008308324635955 38
    endloop
  endfacet
  facet normal 0.5555702330195792 -0.8314696123025607 0
    outer loop
      vertex 48.239048213739096 -41.008308324635955 29
      vertex 48.375 -40.917468245269454 29
      vertex 48.375 -40.917468245269454 38
    endloop
  endfacet
  facet normal 0.4422886902189918 -0.8968727415326929 0
    outer loop
      vertex 48.375 -40.917468245269454 29
      vertex 48.52164570954364 -40.845150584360894 29
      vertex 48.52164570954364 -40.845150584360894 38
    endloop
  endfacet
  facet normal 0.3214394653031609 -0.9469301294951059 0
    outer loop
      vertex 48.52164570954364 -40.845150584360894 29
      vertex 48.67647619362185 -40.79259271713867 29
      vertex 48.67647619362185 -40.79259271713867 38
    endloop
  endfacet
  facet normal 0.19509032201615126 -0.9807852804032258 0
    outer loop
      vertex 48.67647619362185 -40.79259271713867 29
      vertex 48.83684225972493 -40.76069392328274 29
      vertex 48.83684225972493 -40.76069392328274 38
    endloop
  endfacet
  facet normal -0.19509032201615126 -0.9807852804032258 0
    outer loop
      vertex 49.16315774027507 -40.76069392328274 29
      vertex 49.32352380637815 -40.79259271713867 29
      vertex 49.32352380637815 -40.79259271713867 38
    endloop
  endfacet
  facet normal 0.0654031292301431 -0.9978589232386035 0
    outer loop
      vertex 48.83684225972493 -40.76069392328274 29
      vertex 49 -40.75 29
      vertex 49 -40.75 38
    endloop
  endfacet
  facet normal -0.0654031292301431 -0.9978589232386035 0
    outer loop
      vertex 49 -40.75 29
      vertex 49.16315774027507 -40.76069392328274 29
      vertex 49.16315774027507 -40.76069392328274 38
    endloop
  endfacet
  facet normal -0.3214394653031609 -0.9469301294951059 0
    outer loop
      vertex 49.32352380637815 -40.79259271713867 29
      vertex 49.47835429045636 -40.845150584360894 29
      vertex 49.47835429045636 -40.845150584360894 38
    endloop
  endfacet
  facet normal -0.5555702330195792 -0.8314696123025607 0
    outer loop
      vertex 49.625 -40.917468245269454 29
      vertex 49.760951786260904 -41.008308324635955 29
      vertex 49.760951786260904 -41.008308324635955 38
    endloop
  endfacet
  facet normal -0.4422886902189918 -0.8968727415326929 0
    outer loop
      vertex 49.47835429045636 -40.845150584360894 29
      vertex 49.625 -40.917468245269454 29
      vertex 49.625 -40.917468245269454 38
    endloop
  endfacet
  facet normal -0.6593458151000817 -0.7518398074789663 0
    outer loop
      vertex 49.760951786260904 -41.008308324635955 29
      vertex 49.883883476483184 -41.116116523516816 29
      vertex 49.883883476483184 -41.116116523516816 38
    endloop
  endfacet
  facet normal 0.7518398074789663 0.6593458151000817 0
    outer loop
      vertex 48.116116523516816 -42.883883476483184 29
      vertex 48.008308324635955 -42.760951786260904 38
      vertex 48.116116523516816 -42.883883476483184 38
    endloop
  endfacet
  facet normal 0.8314696123025607 0.5555702330195792 0
    outer loop
      vertex 48.008308324635955 -42.760951786260904 29
      vertex 47.917468245269454 -42.625 38
      vertex 48.008308324635955 -42.760951786260904 38
    endloop
  endfacet
  facet normal 0.5555702330195792 0.8314696123025607 0
    outer loop
      vertex 48.375 -43.082531754730546 29
      vertex 48.239048213739096 -42.991691675364045 38
      vertex 48.375 -43.082531754730546 38
    endloop
  endfacet
  facet normal 0.4422886902189918 0.8968727415326929 0
    outer loop
      vertex 48.52164570954364 -43.154849415639106 29
      vertex 48.375 -43.082531754730546 38
      vertex 48.52164570954364 -43.154849415639106 38
    endloop
  endfacet
  facet normal 0.6593458151000817 0.7518398074789663 0
    outer loop
      vertex 48.239048213739096 -42.991691675364045 29
      vertex 48.116116523516816 -42.883883476483184 38
      vertex 48.239048213739096 -42.991691675364045 38
    endloop
  endfacet
  facet normal 0.3214394653031609 0.9469301294951059 0
    outer loop
      vertex 48.67647619362185 -43.20740728286133 29
      vertex 48.52164570954364 -43.154849415639106 38
      vertex 48.67647619362185 -43.20740728286133 38
    endloop
  endfacet
  facet normal 0.19509032201615126 0.9807852804032258 0
    outer loop
      vertex 48.83684225972493 -43.23930607671726 29
      vertex 48.67647619362185 -43.20740728286133 38
      vertex 48.83684225972493 -43.23930607671726 38
    endloop
  endfacet
  facet normal 0.9469301294951059 0.3214394653031609 0
    outer loop
      vertex 47.845150584360894 -42.47835429045636 29
      vertex 47.79259271713867 -42.32352380637815 38
      vertex 47.845150584360894 -42.47835429045636 38
    endloop
  endfacet
  facet normal 0.9807852804032258 0.19509032201615126 0
    outer loop
      vertex 47.79259271713867 -42.32352380637815 29
      vertex 47.76069392328274 -42.16315774027507 38
      vertex 47.79259271713867 -42.32352380637815 38
    endloop
  endfacet
  facet normal 0.8968727415326929 0.4422886902189918 0
    outer loop
      vertex 47.917468245269454 -42.625 29
      vertex 47.845150584360894 -42.47835429045636 38
      vertex 47.917468245269454 -42.625 38
    endloop
  endfacet
  facet normal 0.9978589232386035 0.0654031292301431 0
    outer loop
      vertex 47.76069392328274 -42.16315774027507 29
      vertex 47.75 -42 38
      vertex 47.76069392328274 -42.16315774027507 38
    endloop
  endfacet
  facet normal 0.9978589232386035 -0.0654031292301431 0
    outer loop
      vertex 47.75 -42 29
      vertex 47.76069392328274 -41.83684225972493 38
      vertex 47.75 -42 38
    endloop
  endfacet
  facet normal 0.9807852804032258 -0.19509032201615126 0
    outer loop
      vertex 47.76069392328274 -41.83684225972493 29
      vertex 47.79259271713867 -41.67647619362185 38
      vertex 47.76069392328274 -41.83684225972493 38
    endloop
  endfacet
  facet normal 0.9469301294951059 -0.3214394653031609 0
    outer loop
      vertex 47.79259271713867 -41.67647619362185 29
      vertex 47.845150584360894 -41.52164570954364 38
      vertex 47.79259271713867 -41.67647619362185 38
    endloop
  endfacet
  facet normal 0.8968727415326929 -0.4422886902189918 0
    outer loop
      vertex 47.845150584360894 -41.52164570954364 29
      vertex 47.917468245269454 -41.375 38
      vertex 47.845150584360894 -41.52164570954364 38
    endloop
  endfacet
  facet normal 0.8314696123025607 -0.5555702330195792 0
    outer loop
      vertex 47.917468245269454 -41.375 29
      vertex 48.008308324635955 -41.239048213739096 38
      vertex 47.917468245269454 -41.375 38
    endloop
  endfacet
  facet normal 0.7518398074789663 -0.6593458151000817 0
    outer loop
      vertex 48.008308324635955 -41.239048213739096 29
      vertex 48.116116523516816 -41.116116523516816 38
      vertex 48.008308324635955 -41.239048213739096 38
    endloop
  endfacet
  facet normal 0.0654031292301431 0.9978589232386035 0
    outer loop
      vertex 49 -43.25 29
      vertex 48.83684225972493 -43.23930607671726 38
      vertex 49 -43.25 38
    endloop
  endfacet
  facet normal -0.0654031292301431 0.9978589232386035 0
    outer loop
      vertex 49.16315774027507 -43.23930607671726 29
      vertex 49 -43.25 38
      vertex 49.16315774027507 -43.23930607671726 38
    endloop
  endfacet
  facet normal -0.19509032201615126 0.9807852804032258 0
    outer loop
      vertex 49.32352380637815 -43.20740728286133 29
      vertex 49.16315774027507 -43.23930607671726 38
      vertex 49.32352380637815 -43.20740728286133 38
    endloop
  endfacet
  facet normal -0.3214394653031609 0.9469301294951059 0
    outer loop
      vertex 49.47835429045636 -43.154849415639106 29
      vertex 49.32352380637815 -43.20740728286133 38
      vertex 49.47835429045636 -43.154849415639106 38
    endloop
  endfacet
  facet normal -0.4422886902189918 0.8968727415326929 0
    outer loop
      vertex 49.625 -43.082531754730546 29
      vertex 49.47835429045636 -43.154849415639106 38
      vertex 49.625 -43.082531754730546 38
    endloop
  endfacet
  facet normal -0.5555702330195792 0.8314696123025607 0
    outer loop
      vertex 49.760951786260904 -42.991691675364045 29
      vertex 49.625 -43.082531754730546 38
      vertex 49.760951786260904 -42.991691675364045 38
    endloop
  endfacet
  facet normal -0.6593458151000817 0.7518398074789663 0
    outer loop
      vertex 49.883883476483184 -42.883883476483184 29
      vertex 49.760951786260904 -42.991691675364045 38
      vertex 49.883883476483184 -42.883883476483184 38
    endloop
  endfacet
  facet normal -0.7518398074789663 0.6593458151000817 0
    outer loop
      vertex 49.991691675364045 -42.760951786260904 29
      vertex 49.883883476483184 -42.883883476483184 38
      vertex 49.991691675364045 -42.760951786260904 38
    endloop
  endfacet
  facet normal -0.8314696123025607 0.5555702330195792 0
    outer loop
      vertex 50.082531754730546 -42.625 29
      vertex 49.991691675364045 -42.760951786260904 38
      vertex 50.082531754730546 -42.625 38
    endloop
  endfacet
  facet normal -0.8968727415326929 0.4422886902189918 0
    outer loop
      vertex 50.154849415639106 -42.47835429045636 29
      vertex 50.082531754730546 -42.625 38
      vertex 50.154849415639106 -42.47835429045636 38
    endloop
  endfacet
  facet normal -0.9469301294951059 0.3214394653031609 0
    outer loop
      vertex 50.20740728286133 -42.32352380637815 29
      vertex 50.154849415639106 -42.47835429045636 38
      vertex 50.20740728286133 -42.32352380637815 38
    endloop
  endfacet
  facet normal -0.9807852804032258 0.19509032201615126 0
    outer loop
      vertex 50.23930607671726 -42.16315774027507 29
      vertex 50.20740728286133 -42.32352380637815 38
      vertex 50.23930607671726 -42.16315774027507 38
    endloop
  endfacet
  facet normal -0.9978589232386035 0.0654031292301431 0
    outer loop
      vertex 50.25 -42 29
      vertex 50.23930607671726 -42.16315774027507 38
      vertex 50.25 -42 38
    endloop
  endfacet
  facet normal -0.9978589232386035 -0.0654031292301431 0
    outer loop
      vertex 50.23930607671726 -41.83684225972493 29
      vertex 50.25 -42 38
      vertex 50.23930607671726 -41.83684225972493 38
    endloop
  endfacet
  facet normal -0.9469301294951059 -0.3214394653031609 0
    outer loop
      vertex 50.154849415639106 -41.52164570954364 29
      vertex 50.20740728286133 -41.67647619362185 38
      vertex 50.154849415639106 -41.52164570954364 38
    endloop
  endfacet
  facet normal -0.7518398074789663 -0.6593458151000817 0
    outer loop
      vertex 49.883883476483184 -41.116116523516816 29
      vertex 49.991691675364045 -41.239048213739096 38
      vertex 49.883883476483184 -41.116116523516816 38
    endloop
  endfacet
  facet normal -0.8968727415326929 -0.4422886902189918 0
    outer loop
      vertex 50.082531754730546 -41.375 29
      vertex 50.154849415639106 -41.52164570954364 38
      vertex 50.082531754730546 -41.375 38
    endloop
  endfacet
  facet normal -0.8314696123025607 -0.5555702330195792 0
    outer loop
      vertex 49.991691675364045 -41.239048213739096 29
      vertex 50.082531754730546 -41.375 38
      vertex 49.991691675364045 -41.239048213739096 38
    endloop
  endfacet
  facet normal -0.9807852804032258 -0.19509032201615126 0
    outer loop
      vertex 50.20740728286133 -41.67647619362185 29
      vertex 50.23930607671726 -41.83684225972493 38
      vertex 50.20740728286133 -41.67647619362185 38
    endloop
  endfacet
  facet normal 0.6593458151000817 -0.7518398074789663 0
    outer loop
      vertex 48.116116523516816 -41.116116523516816 29
      vertex 48.239048213739096 -41.008308324635955 38
      vertex 48.116116523516816 -41.116116523516816 38
    endloop
  endfacet
  facet normal 0.5555702330195792 -0.8314696123025607 0
    outer loop
      vertex 48.239048213739096 -41.008308324635955 29
      vertex 48.375 -40.917468245269454 38
      vertex 48.239048213739096 -41.008308324635955 38
    endloop
  endfacet
  facet normal 0.4422886902189918 -0.8968727415326929 0
    outer loop
      vertex 48.375 -40.917468245269454 29
      vertex 48.52164570954364 -40.845150584360894 38
      vertex 48.375 -40.917468245269454 38
    endloop
  endfacet
  facet normal 0.3214394653031609 -0.9469301294951059 0
    outer loop
      vertex 48.52164570954364 -40.845150584360894 29
      vertex 48.67647619362185 -40.79259271713867 38
      vertex 48.52164570954364 -40.845150584360894 38
    endloop
  endfacet
  facet normal 0.19509032201615126 -0.9807852804032258 0
    outer loop
      vertex 48.67647619362185 -40.79259271713867 29
      vertex 48.83684225972493 -40.76069392328274 38
      vertex 48.67647619362185 -40.79259271713867 38
    endloop
  endfacet
  facet normal 0.0654031292301431 -0.9978589232386035 0
    outer loop
      vertex 48.83684225972493 -40.76069392328274 29
      vertex 49 -40.75 38
      vertex 48.83684225972493 -40.76069392328274 38
    endloop
  endfacet
  facet normal -0.19509032201615126 -0.9807852804032258 0
    outer loop
      vertex 49.16315774027507 -40.76069392328274 29
      vertex 49.32352380637815 -40.79259271713867 38
      vertex 49.16315774027507 -40.76069392328274 38
    endloop
  endfacet
  facet normal -0.0654031292301431 -0.9978589232386035 0
    outer loop
      vertex 49 -40.75 29
      vertex 49.16315774027507 -40.76069392328274 38
      vertex 49 -40.75 38
    endloop
  endfacet
  facet normal -0.3214394653031609 -0.9469301294951059 0
    outer loop
      vertex 49.32352380637815 -40.79259271713867 29
      vertex 49.47835429045636 -40.845150584360894 38
      vertex 49.32352380637815 -40.79259271713867 38
    endloop
  endfacet
  facet normal -0.4422886902189918 -0.8968727415326929 0
    outer loop
      vertex 49.47835429045636 -40.845150584360894 29
      vertex 49.625 -40.917468245269454 38
      vertex 49.47835429045636 -40.845150584360894 38
    endloop
  endfacet
  facet normal -0.5555702330195792 -0.8314696123025607 0
    outer loop
      vertex 49.625 -40.917468245269454 29
      vertex 49.760951786260904 -41.008308324635955 38
      vertex 49.625 -40.917468245269454 38
    endloop
  endfacet
  facet normal -0.6593458151000817 -0.7518398074789663 0
    outer loop
      vertex 49.760951786260904 -41.008308324635955 29
      vertex 49.883883476483184 -41.116116523516816 38
      vertex 49.760951786260904 -41.008308324635955 38
    endloop
  endfacet
  facet normal 0.6593458151000817 0.7518398074789663 0
    outer loop
      vertex 48.116116523516816 41.116116523516816 29
      vertex 48.116116523516816 41.116116523516816 38
      vertex 48.239048213739096 41.008308324635955 29
    endloop
  endfacet
  facet normal 0.5555702330195792 0.8314696123025607 0
    outer loop
      vertex 48.239048213739096 41.008308324635955 29
      vertex 48.239048213739096 41.008308324635955 38
      vertex 48.375 40.917468245269454 29
    endloop
  endfacet
  facet normal 0.4422886902189918 0.8968727415326929 0
    outer loop
      vertex 48.375 40.917468245269454 29
      vertex 48.375 40.917468245269454 38
      vertex 48.52164570954364 40.845150584360894 29
    endloop
  endfacet
  facet normal 0.0654031292301431 0.9978589232386035 0
    outer loop
      vertex 48.83684225972493 40.76069392328274 29
      vertex 48.83684225972493 40.76069392328274 38
      vertex 49 40.75 29
    endloop
  endfacet
  facet normal 0.3214394653031609 0.9469301294951059 0
    outer loop
      vertex 48.52164570954364 40.845150584360894 29
      vertex 48.52164570954364 40.845150584360894 38
      vertex 48.67647619362185 40.79259271713867 29
    endloop
  endfacet
  facet normal 0.19509032201615126 0.9807852804032258 0
    outer loop
      vertex 48.83684225972493 40.76069392328274 29
      vertex 48.67647619362185 40.79259271713867 29
      vertex 48.67647619362185 40.79259271713867 38
    endloop
  endfacet
  facet normal -0.0654031292301431 0.9978589232386035 0
    outer loop
      vertex 49 40.75 29
      vertex 49 40.75 38
      vertex 49.16315774027507 40.76069392328274 29
    endloop
  endfacet
  facet normal -0.19509032201615126 0.9807852804032258 0
    outer loop
      vertex 49.16315774027507 40.76069392328274 29
      vertex 49.16315774027507 40.76069392328274 38
      vertex 49.32352380637815 40.79259271713867 29
    endloop
  endfacet
  facet normal -0.3214394653031609 0.9469301294951059 0
    outer loop
      vertex 49.32352380637815 40.79259271713867 29
      vertex 49.32352380637815 40.79259271713867 38
      vertex 49.47835429045636 40.845150584360894 29
    endloop
  endfacet
  facet normal -0.4422886902189918 0.8968727415326929 0
    outer loop
      vertex 49.47835429045636 40.845150584360894 29
      vertex 49.47835429045636 40.845150584360894 38
      vertex 49.625 40.917468245269454 29
    endloop
  endfacet
  facet normal -0.5555702330195792 0.8314696123025607 0
    outer loop
      vertex 49.625 40.917468245269454 29
      vertex 49.625 40.917468245269454 38
      vertex 49.760951786260904 41.008308324635955 29
    endloop
  endfacet
  facet normal -0.6593458151000817 0.7518398074789663 0
    outer loop
      vertex 49.760951786260904 41.008308324635955 29
      vertex 49.760951786260904 41.008308324635955 38
      vertex 49.883883476483184 41.116116523516816 29
    endloop
  endfacet
  facet normal 0 0 1
    outer loop
      vertex 47.917468245269454 41.375 29
      vertex 48.008308324635955 41.239048213739096 29
      vertex 48.008308324635955 42.760951786260904 29
    endloop
  endfacet
  facet normal 0 0 1
    outer loop
      vertex 47.917468245269454 41.375 29
      vertex 47.917468245269454 42.625 29
      vertex 47.845150584360894 41.52164570954364 29
    endloop
  endfacet
  facet normal 0 0 1
    outer loop
      vertex 48.116116523516816 41.116116523516816 29
      vertex 48.116116523516816 42.883883476483184 29
      vertex 48.008308324635955 41.239048213739096 29
    endloop
  endfacet
  facet normal 0 0 1
    outer loop
      vertex 47.75 42 29
      vertex 47.76069392328274 41.83684225972493 29
      vertex 47.76069392328274 42.16315774027507 29
    endloop
  endfacet
  facet normal 0 0 1
    outer loop
      vertex 47.845150584360894 41.52164570954364 29
      vertex 47.845150584360894 42.47835429045636 29
      vertex 47.79259271713867 41.67647619362185 29
    endloop
  endfacet
  facet normal 0 0 1
    outer loop
      vertex 47.79259271713867 41.67647619362185 29
      vertex 47.79259271713867 42.32352380637815 29
      vertex 47.76069392328274 41.83684225972493 29
    endloop
  endfacet
  facet normal 0 0 1
    outer loop
      vertex 47.76069392328274 41.83684225972493 29
      vertex 47.79259271713867 42.32352380637815 29
      vertex 47.76069392328274 42.16315774027507 29
    endloop
  endfacet
  facet normal 0 0 1
    outer loop
      vertex 47.79259271713867 41.67647619362185 29
      vertex 47.845150584360894 42.47835429045636 29
      vertex 47.79259271713867 42.32352380637815 29
    endloop
  endfacet
  facet normal 0 0 1
    outer loop
      vertex 47.845150584360894 41.52164570954364 29
      vertex 47.917468245269454 42.625 29
      vertex 47.845150584360894 42.47835429045636 29
    endloop
  endfacet
  facet normal 0 0 1
    outer loop
      vertex 47.917468245269454 41.375 29
      vertex 48.008308324635955 42.760951786260904 29
      vertex 47.917468245269454 42.625 29
    endloop
  endfacet
  facet normal 0 0 1
    outer loop
      vertex 48.008308324635955 41.239048213739096 29
      vertex 48.116116523516816 42.883883476483184 29
      vertex 48.008308324635955 42.760951786260904 29
    endloop
  endfacet
  facet normal 0 0 1
    outer loop
      vertex 48.116116523516816 41.116116523516816 29
      vertex 48.239048213739096 41.008308324635955 29
      vertex 48.239048213739096 42.991691675364045 29
    endloop
  endfacet
  facet normal 0 0 1
    outer loop
      vertex 48.239048213739096 41.008308324635955 29
      vertex 48.375 40.917468245269454 29
      vertex 48.375 43.082531754730546 29
    endloop
  endfacet
  facet normal 0 0 1
    outer loop
      vertex 48.375 40.917468245269454 29
      vertex 48.52164570954364 40.845150584360894 29
      vertex 48.52164570954364 43.154849415639106 29
    endloop
  endfacet
  facet normal 0 0 1
    outer loop
      vertex 48.52164570954364 40.845150584360894 29
      vertex 48.67647619362185 40.79259271713867 29
      vertex 48.67647619362185 43.20740728286133 29
    endloop
  endfacet
  facet normal 0 0 1
    outer loop
      vertex 48.83684225972493 40.76069392328274 29
      vertex 48.83684225972493 43.23930607671726 29
      vertex 48.67647619362185 40.79259271713867 29
    endloop
  endfacet
  facet normal 0 0 1
    outer loop
      vertex 48.116116523516816 41.116116523516816 29
      vertex 48.239048213739096 42.991691675364045 29
      vertex 48.116116523516816 42.883883476483184 29
    endloop
  endfacet
  facet normal 0 0 1
    outer loop
      vertex 48.239048213739096 41.008308324635955 29
      vertex 48.375 43.082531754730546 29
      vertex 48.239048213739096 42.991691675364045 29
    endloop
  endfacet
  facet normal 0 0 1
    outer loop
      vertex 48.375 40.917468245269454 29
      vertex 48.52164570954364 43.154849415639106 29
      vertex 48.375 43.082531754730546 29
    endloop
  endfacet
  facet normal 0 0 1
    outer loop
      vertex 48.52164570954364 40.845150584360894 29
      vertex 48.67647619362185 43.20740728286133 29
      vertex 48.52164570954364 43.154849415639106 29
    endloop
  endfacet
  facet normal 0 0 1
    outer loop
      vertex 48.67647619362185 40.79259271713867 29
      vertex 48.83684225972493 43.23930607671726 29
      vertex 48.67647619362185 43.20740728286133 29
    endloop
  endfacet
  facet normal 0 0 1
    outer loop
      vertex 48.83684225972493 40.76069392328274 29
      vertex 49 43.25 29
      vertex 48.83684225972493 43.23930607671726 29
    endloop
  endfacet
  facet normal 0 0 1
    outer loop
      vertex 48.83684225972493 40.76069392328274 29
      vertex 49 40.75 29
      vertex 49 43.25 29
    endloop
  endfacet
  facet normal 0 0 1
    outer loop
      vertex 49 40.75 29
      vertex 49.16315774027507 40.76069392328274 29
      vertex 49.16315774027507 43.23930607671726 29
    endloop
  endfacet
  facet normal 0 0 1
    outer loop
      vertex 49.16315774027507 40.76069392328274 29
      vertex 49.32352380637815 40.79259271713867 29
      vertex 49.32352380637815 43.20740728286133 29
    endloop
  endfacet
  facet normal 0 0 1
    outer loop
      vertex 49.32352380637815 40.79259271713867 29
      vertex 49.47835429045636 40.845150584360894 29
      vertex 49.47835429045636 43.154849415639106 29
    endloop
  endfacet
  facet normal 0 0 1
    outer loop
      vertex 49.47835429045636 40.845150584360894 29
      vertex 49.625 40.917468245269454 29
      vertex 49.625 43.082531754730546 29
    endloop
  endfacet
  facet normal 0 0 1
    outer loop
      vertex 49.625 40.917468245269454 29
      vertex 49.760951786260904 41.008308324635955 29
      vertex 49.760951786260904 42.991691675364045 29
    endloop
  endfacet
  facet normal 0 0 1
    outer loop
      vertex 49 40.75 29
      vertex 49.16315774027507 43.23930607671726 29
      vertex 49 43.25 29
    endloop
  endfacet
  facet normal 0 0 1
    outer loop
      vertex 49.16315774027507 40.76069392328274 29
      vertex 49.32352380637815 43.20740728286133 29
      vertex 49.16315774027507 43.23930607671726 29
    endloop
  endfacet
  facet normal 0 0 1
    outer loop
      vertex 49.32352380637815 40.79259271713867 29
      vertex 49.47835429045636 43.154849415639106 29
      vertex 49.32352380637815 43.20740728286133 29
    endloop
  endfacet
  facet normal 0 0 1
    outer loop
      vertex 49.47835429045636 40.845150584360894 29
      vertex 49.625 43.082531754730546 29
      vertex 49.47835429045636 43.154849415639106 29
    endloop
  endfacet
  facet normal 0 0 1
    outer loop
      vertex 49.625 40.917468245269454 29
      vertex 49.760951786260904 42.991691675364045 29
      vertex 49.625 43.082531754730546 29
    endloop
  endfacet
  facet normal 0 0 1
    outer loop
      vertex 49.760951786260904 41.008308324635955 29
      vertex 49.883883476483184 41.116116523516816 29
      vertex 49.883883476483184 42.883883476483184 29
    endloop
  endfacet
  facet normal 0 0 1
    outer loop
      vertex 49.883883476483184 41.116116523516816 29
      vertex 49.991691675364045 41.239048213739096 29
      vertex 49.991691675364045 42.760951786260904 29
    endloop
  endfacet
  facet normal 0 0 1
    outer loop
      vertex 49.991691675364045 41.239048213739096 29
      vertex 50.082531754730546 41.375 29
      vertex 50.082531754730546 42.625 29
    endloop
  endfacet
  facet normal 0 0 1
    outer loop
      vertex 50.082531754730546 41.375 29
      vertex 50.154849415639106 41.52164570954364 29
      vertex 50.154849415639106 42.47835429045636 29
    endloop
  endfacet
  facet normal 0 0 1
    outer loop
      vertex 50.154849415639106 41.52164570954364 29
      vertex 50.20740728286133 41.67647619362185 29
      vertex 50.20740728286133 42.32352380637815 29
    endloop
  endfacet
  facet normal 0 0 1
    outer loop
      vertex 49.991691675364045 41.239048213739096 29
      vertex 50.082531754730546 42.625 29
      vertex 49.991691675364045 42.760951786260904 29
    endloop
  endfacet
  facet normal 0 0 1
    outer loop
      vertex 50.154849415639106 41.52164570954364 29
      vertex 50.20740728286133 42.32352380637815 29
      vertex 50.154849415639106 42.47835429045636 29
    endloop
  endfacet
  facet normal 0 0 1
    outer loop
      vertex 50.082531754730546 41.375 29
      vertex 50.154849415639106 42.47835429045636 29
      vertex 50.082531754730546 42.625 29
    endloop
  endfacet
  facet normal 0 0 1
    outer loop
      vertex 49.760951786260904 41.008308324635955 29
      vertex 49.883883476483184 42.883883476483184 29
      vertex 49.760951786260904 42.991691675364045 29
    endloop
  endfacet
  facet normal 0 0 1
    outer loop
      vertex 49.883883476483184 41.116116523516816 29
      vertex 49.991691675364045 42.760951786260904 29
      vertex 49.883883476483184 42.883883476483184 29
    endloop
  endfacet
  facet normal 0 0 1
    outer loop
      vertex 50.20740728286133 41.67647619362185 29
      vertex 50.23930607671726 41.83684225972493 29
      vertex 50.23930607671726 42.16315774027507 29
    endloop
  endfacet
  facet normal 0 0 1
    outer loop
      vertex 50.23930607671726 41.83684225972493 29
      vertex 50.25 42 29
      vertex 50.23930607671726 42.16315774027507 29
    endloop
  endfacet
  facet normal 0 0 1
    outer loop
      vertex 50.20740728286133 41.67647619362185 29
      vertex 50.23930607671726 42.16315774027507 29
      vertex 50.20740728286133 42.32352380637815 29
    endloop
  endfacet
  facet normal 0.8968727415326929 0.4422886902189918 0
    outer loop
      vertex 47.917468245269454 41.375 29
      vertex 47.845150584360894 41.52164570954364 29
      vertex 47.845150584360894 41.52164570954364 38
    endloop
  endfacet
  facet normal 0.7518398074789663 0.6593458151000817 0
    outer loop
      vertex 48.116116523516816 41.116116523516816 29
      vertex 48.008308324635955 41.239048213739096 29
      vertex 48.008308324635955 41.239048213739096 38
    endloop
  endfacet
  facet normal 0.8314696123025607 0.5555702330195792 0
    outer loop
      vertex 47.917468245269454 41.375 29
      vertex 47.917468245269454 41.375 38
      vertex 48.008308324635955 41.239048213739096 29
    endloop
  endfacet
  facet normal 0.9469301294951059 0.3214394653031609 0
    outer loop
      vertex 47.845150584360894 41.52164570954364 29
      vertex 47.79259271713867 41.67647619362185 29
      vertex 47.79259271713867 41.67647619362185 38
    endloop
  endfacet
  facet normal 0.9807852804032258 0.19509032201615126 0
    outer loop
      vertex 47.79259271713867 41.67647619362185 29
      vertex 47.76069392328274 41.83684225972493 29
      vertex 47.76069392328274 41.83684225972493 38
    endloop
  endfacet
  facet normal 0.9978589232386035 0.0654031292301431 0
    outer loop
      vertex 47.75 42 29
      vertex 47.75 42 38
      vertex 47.76069392328274 41.83684225972493 29
    endloop
  endfacet
  facet normal 0.9978589232386035 -0.0654031292301431 0
    outer loop
      vertex 47.75 42 29
      vertex 47.76069392328274 42.16315774027507 29
      vertex 47.76069392328274 42.16315774027507 38
    endloop
  endfacet
  facet normal 0.9807852804032258 -0.19509032201615126 0
    outer loop
      vertex 47.76069392328274 42.16315774027507 29
      vertex 47.79259271713867 42.32352380637815 29
      vertex 47.79259271713867 42.32352380637815 38
    endloop
  endfacet
  facet normal 0.9469301294951059 -0.3214394653031609 0
    outer loop
      vertex 47.79259271713867 42.32352380637815 29
      vertex 47.845150584360894 42.47835429045636 29
      vertex 47.845150584360894 42.47835429045636 38
    endloop
  endfacet
  facet normal 0.8968727415326929 -0.4422886902189918 0
    outer loop
      vertex 47.845150584360894 42.47835429045636 29
      vertex 47.917468245269454 42.625 29
      vertex 47.917468245269454 42.625 38
    endloop
  endfacet
  facet normal 0.8314696123025607 -0.5555702330195792 0
    outer loop
      vertex 47.917468245269454 42.625 29
      vertex 48.008308324635955 42.760951786260904 29
      vertex 48.008308324635955 42.760951786260904 38
    endloop
  endfacet
  facet normal 0.7518398074789663 -0.6593458151000817 0
    outer loop
      vertex 48.008308324635955 42.760951786260904 29
      vertex 48.116116523516816 42.883883476483184 29
      vertex 48.116116523516816 42.883883476483184 38
    endloop
  endfacet
  facet normal 0.6593458151000817 -0.7518398074789663 0
    outer loop
      vertex 48.116116523516816 42.883883476483184 29
      vertex 48.239048213739096 42.991691675364045 29
      vertex 48.239048213739096 42.991691675364045 38
    endloop
  endfacet
  facet normal 0.5555702330195792 -0.8314696123025607 0
    outer loop
      vertex 48.239048213739096 42.991691675364045 29
      vertex 48.375 43.082531754730546 29
      vertex 48.375 43.082531754730546 38
    endloop
  endfacet
  facet normal 0.4422886902189918 -0.8968727415326929 0
    outer loop
      vertex 48.375 43.082531754730546 29
      vertex 48.52164570954364 43.154849415639106 29
      vertex 48.52164570954364 43.154849415639106 38
    endloop
  endfacet
  facet normal 0.3214394653031609 -0.9469301294951059 0
    outer loop
      vertex 48.52164570954364 43.154849415639106 29
      vertex 48.67647619362185 43.20740728286133 29
      vertex 48.67647619362185 43.20740728286133 38
    endloop
  endfacet
  facet normal 0.19509032201615126 -0.9807852804032258 0
    outer loop
      vertex 48.67647619362185 43.20740728286133 29
      vertex 48.83684225972493 43.23930607671726 29
      vertex 48.83684225972493 43.23930607671726 38
    endloop
  endfacet
  facet normal -0.7518398074789663 0.6593458151000817 0
    outer loop
      vertex 49.883883476483184 41.116116523516816 29
      vertex 49.883883476483184 41.116116523516816 38
      vertex 49.991691675364045 41.239048213739096 29
    endloop
  endfacet
  facet normal -0.8314696123025607 0.5555702330195792 0
    outer loop
      vertex 49.991691675364045 41.239048213739096 29
      vertex 49.991691675364045 41.239048213739096 38
      vertex 50.082531754730546 41.375 29
    endloop
  endfacet
  facet normal -0.8968727415326929 0.4422886902189918 0
    outer loop
      vertex 50.082531754730546 41.375 29
      vertex 50.082531754730546 41.375 38
      vertex 50.154849415639106 41.52164570954364 29
    endloop
  endfacet
  facet normal -0.9469301294951059 0.3214394653031609 0
    outer loop
      vertex 50.154849415639106 41.52164570954364 29
      vertex 50.154849415639106 41.52164570954364 38
      vertex 50.20740728286133 41.67647619362185 29
    endloop
  endfacet
  facet normal -0.9807852804032258 0.19509032201615126 0
    outer loop
      vertex 50.20740728286133 41.67647619362185 29
      vertex 50.20740728286133 41.67647619362185 38
      vertex 50.23930607671726 41.83684225972493 29
    endloop
  endfacet
  facet normal -0.9469301294951059 -0.3214394653031609 0
    outer loop
      vertex 50.154849415639106 42.47835429045636 29
      vertex 50.20740728286133 42.32352380637815 29
      vertex 50.20740728286133 42.32352380637815 38
    endloop
  endfacet
  facet normal -0.8968727415326929 -0.4422886902189918 0
    outer loop
      vertex 50.154849415639106 42.47835429045636 29
      vertex 50.154849415639106 42.47835429045636 38
      vertex 50.082531754730546 42.625 29
    endloop
  endfacet
  facet normal -0.9978589232386035 0.0654031292301431 0
    outer loop
      vertex 50.23930607671726 41.83684225972493 29
      vertex 50.23930607671726 41.83684225972493 38
      vertex 50.25 42 29
    endloop
  endfacet
  facet normal -0.9978589232386035 -0.0654031292301431 0
    outer loop
      vertex 50.25 42 29
      vertex 50.25 42 38
      vertex 50.23930607671726 42.16315774027507 29
    endloop
  endfacet
  facet normal -0.9807852804032258 -0.19509032201615126 0
    outer loop
      vertex 50.23930607671726 42.16315774027507 29
      vertex 50.23930607671726 42.16315774027507 38
      vertex 50.20740728286133 42.32352380637815 29
    endloop
  endfacet
  facet normal 0.0654031292301431 -0.9978589232386035 0
    outer loop
      vertex 48.83684225972493 43.23930607671726 29
      vertex 49 43.25 29
      vertex 49 43.25 38
    endloop
  endfacet
  facet normal -0.0654031292301431 -0.9978589232386035 0
    outer loop
      vertex 49 43.25 29
      vertex 49.16315774027507 43.23930607671726 29
      vertex 49.16315774027507 43.23930607671726 38
    endloop
  endfacet
  facet normal -0.19509032201615126 -0.9807852804032258 0
    outer loop
      vertex 49.16315774027507 43.23930607671726 29
      vertex 49.32352380637815 43.20740728286133 29
      vertex 49.32352380637815 43.20740728286133 38
    endloop
  endfacet
  facet normal -0.3214394653031609 -0.9469301294951059 0
    outer loop
      vertex 49.32352380637815 43.20740728286133 29
      vertex 49.47835429045636 43.154849415639106 29
      vertex 49.47835429045636 43.154849415639106 38
    endloop
  endfacet
  facet normal -0.4422886902189918 -0.8968727415326929 0
    outer loop
      vertex 49.47835429045636 43.154849415639106 29
      vertex 49.625 43.082531754730546 29
      vertex 49.625 43.082531754730546 38
    endloop
  endfacet
  facet normal -0.5555702330195792 -0.8314696123025607 0
    outer loop
      vertex 49.760951786260904 42.991691675364045 29
      vertex 49.760951786260904 42.991691675364045 38
      vertex 49.625 43.082531754730546 29
    endloop
  endfacet
  facet normal -0.6593458151000817 -0.7518398074789663 0
    outer loop
      vertex 49.760951786260904 42.991691675364045 29
      vertex 49.883883476483184 42.883883476483184 29
      vertex 49.883883476483184 42.883883476483184 38
    endloop
  endfacet
  facet normal -0.7518398074789663 -0.6593458151000817 0
    outer loop
      vertex 49.883883476483184 42.883883476483184 29
      vertex 49.991691675364045 42.760951786260904 29
      vertex 49.991691675364045 42.760951786260904 38
    endloop
  endfacet
  facet normal -0.8314696123025607 -0.5555702330195792 0
    outer loop
      vertex 50.082531754730546 42.625 29
      vertex 50.082531754730546 42.625 38
      vertex 49.991691675364045 42.760951786260904 29
    endloop
  endfacet
  facet normal 0.6593458151000817 0.7518398074789663 0
    outer loop
      vertex 48.239048213739096 41.008308324635955 29
      vertex 48.116116523516816 41.116116523516816 38
      vertex 48.239048213739096 41.008308324635955 38
    endloop
  endfacet
  facet normal 0.4422886902189918 0.8968727415326929 0
    outer loop
      vertex 48.52164570954364 40.845150584360894 29
      vertex 48.375 40.917468245269454 38
      vertex 48.52164570954364 40.845150584360894 38
    endloop
  endfacet
  facet normal 0.5555702330195792 0.8314696123025607 0
    outer loop
      vertex 48.375 40.917468245269454 29
      vertex 48.239048213739096 41.008308324635955 38
      vertex 48.375 40.917468245269454 38
    endloop
  endfacet
  facet normal 0.3214394653031609 0.9469301294951059 0
    outer loop
      vertex 48.67647619362185 40.79259271713867 29
      vertex 48.52164570954364 40.845150584360894 38
      vertex 48.67647619362185 40.79259271713867 38
    endloop
  endfacet
  facet normal 0.19509032201615126 0.9807852804032258 0
    outer loop
      vertex 48.83684225972493 40.76069392328274 29
      vertex 48.67647619362185 40.79259271713867 38
      vertex 48.83684225972493 40.76069392328274 38
    endloop
  endfacet
  facet normal 0.0654031292301431 0.9978589232386035 0
    outer loop
      vertex 49 40.75 29
      vertex 48.83684225972493 40.76069392328274 38
      vertex 49 40.75 38
    endloop
  endfacet
  facet normal -0.0654031292301431 0.9978589232386035 0
    outer loop
      vertex 49.16315774027507 40.76069392328274 29
      vertex 49 40.75 38
      vertex 49.16315774027507 40.76069392328274 38
    endloop
  endfacet
  facet normal -0.19509032201615126 0.9807852804032258 0
    outer loop
      vertex 49.32352380637815 40.79259271713867 29
      vertex 49.16315774027507 40.76069392328274 38
      vertex 49.32352380637815 40.79259271713867 38
    endloop
  endfacet
  facet normal -0.3214394653031609 0.9469301294951059 0
    outer loop
      vertex 49.47835429045636 40.845150584360894 29
      vertex 49.32352380637815 40.79259271713867 38
      vertex 49.47835429045636 40.845150584360894 38
    endloop
  endfacet
  facet normal -0.4422886902189918 0.8968727415326929 0
    outer loop
      vertex 49.625 40.917468245269454 29
      vertex 49.47835429045636 40.845150584360894 38
      vertex 49.625 40.917468245269454 38
    endloop
  endfacet
  facet normal -0.5555702330195792 0.8314696123025607 0
    outer loop
      vertex 49.760951786260904 41.008308324635955 29
      vertex 49.625 40.917468245269454 38
      vertex 49.760951786260904 41.008308324635955 38
    endloop
  endfacet
  facet normal -0.6593458151000817 0.7518398074789663 0
    outer loop
      vertex 49.883883476483184 41.116116523516816 29
      vertex 49.760951786260904 41.008308324635955 38
      vertex 49.883883476483184 41.116116523516816 38
    endloop
  endfacet
  facet normal 0.8314696123025607 0.5555702330195792 0
    outer loop
      vertex 48.008308324635955 41.239048213739096 29
      vertex 47.917468245269454 41.375 38
      vertex 48.008308324635955 41.239048213739096 38
    endloop
  endfacet
  facet normal 0.7518398074789663 0.6593458151000817 0
    outer loop
      vertex 48.116116523516816 41.116116523516816 29
      vertex 48.008308324635955 41.239048213739096 38
      vertex 48.116116523516816 41.116116523516816 38
    endloop
  endfacet
  facet normal 0.8968727415326929 0.4422886902189918 0
    outer loop
      vertex 47.917468245269454 41.375 29
      vertex 47.845150584360894 41.52164570954364 38
      vertex 47.917468245269454 41.375 38
    endloop
  endfacet
  facet normal 0.9469301294951059 0.3214394653031609 0
    outer loop
      vertex 47.845150584360894 41.52164570954364 29
      vertex 47.79259271713867 41.67647619362185 38
      vertex 47.845150584360894 41.52164570954364 38
    endloop
  endfacet
  facet normal 0.9807852804032258 0.19509032201615126 0
    outer loop
      vertex 47.79259271713867 41.67647619362185 29
      vertex 47.76069392328274 41.83684225972493 38
      vertex 47.79259271713867 41.67647619362185 38
    endloop
  endfacet
  facet normal 0.9978589232386035 0.0654031292301431 0
    outer loop
      vertex 47.76069392328274 41.83684225972493 29
      vertex 47.75 42 38
      vertex 47.76069392328274 41.83684225972493 38
    endloop
  endfacet
  facet normal 0.9978589232386035 -0.0654031292301431 0
    outer loop
      vertex 47.75 42 29
      vertex 47.76069392328274 42.16315774027507 38
      vertex 47.75 42 38
    endloop
  endfacet
  facet normal 0.9807852804032258 -0.19509032201615126 0
    outer loop
      vertex 47.76069392328274 42.16315774027507 29
      vertex 47.79259271713867 42.32352380637815 38
      vertex 47.76069392328274 42.16315774027507 38
    endloop
  endfacet
  facet normal 0.9469301294951059 -0.3214394653031609 0
    outer loop
      vertex 47.79259271713867 42.32352380637815 29
      vertex 47.845150584360894 42.47835429045636 38
      vertex 47.79259271713867 42.32352380637815 38
    endloop
  endfacet
  facet normal 0.8968727415326929 -0.4422886902189918 0
    outer loop
      vertex 47.845150584360894 42.47835429045636 29
      vertex 47.917468245269454 42.625 38
      vertex 47.845150584360894 42.47835429045636 38
    endloop
  endfacet
  facet normal 0.8314696123025607 -0.5555702330195792 0
    outer loop
      vertex 47.917468245269454 42.625 29
      vertex 48.008308324635955 42.760951786260904 38
      vertex 47.917468245269454 42.625 38
    endloop
  endfacet
  facet normal 0.7518398074789663 -0.6593458151000817 0
    outer loop
      vertex 48.008308324635955 42.760951786260904 29
      vertex 48.116116523516816 42.883883476483184 38
      vertex 48.008308324635955 42.760951786260904 38
    endloop
  endfacet
  facet normal 0.6593458151000817 -0.7518398074789663 0
    outer loop
      vertex 48.116116523516816 42.883883476483184 29
      vertex 48.239048213739096 42.991691675364045 38
      vertex 48.116116523516816 42.883883476483184 38
    endloop
  endfacet
  facet normal 0.5555702330195792 -0.8314696123025607 0
    outer loop
      vertex 48.239048213739096 42.991691675364045 29
      vertex 48.375 43.082531754730546 38
      vertex 48.239048213739096 42.991691675364045 38
    endloop
  endfacet
  facet normal 0.4422886902189918 -0.8968727415326929 0
    outer loop
      vertex 48.375 43.082531754730546 29
      vertex 48.52164570954364 43.154849415639106 38
      vertex 48.375 43.082531754730546 38
    endloop
  endfacet
  facet normal 0.3214394653031609 -0.9469301294951059 0
    outer loop
      vertex 48.52164570954364 43.154849415639106 29
      vertex 48.67647619362185 43.20740728286133 38
      vertex 48.52164570954364 43.154849415639106 38
    endloop
  endfacet
  facet normal 0.19509032201615126 -0.9807852804032258 0
    outer loop
      vertex 48.67647619362185 43.20740728286133 29
      vertex 48.83684225972493 43.23930607671726 38
      vertex 48.67647619362185 43.20740728286133 38
    endloop
  endfacet
  facet normal 0.0654031292301431 -0.9978589232386035 0
    outer loop
      vertex 48.83684225972493 43.23930607671726 29
      vertex 49 43.25 38
      vertex 48.83684225972493 43.23930607671726 38
    endloop
  endfacet
  facet normal -0.7518398074789663 0.6593458151000817 0
    outer loop
      vertex 49.991691675364045 41.239048213739096 29
      vertex 49.883883476483184 41.116116523516816 38
      vertex 49.991691675364045 41.239048213739096 38
    endloop
  endfacet
  facet normal -0.8314696123025607 0.5555702330195792 0
    outer loop
      vertex 50.082531754730546 41.375 29
      vertex 49.991691675364045 41.239048213739096 38
      vertex 50.082531754730546 41.375 38
    endloop
  endfacet
  facet normal -0.8968727415326929 0.4422886902189918 0
    outer loop
      vertex 50.154849415639106 41.52164570954364 29
      vertex 50.082531754730546 41.375 38
      vertex 50.154849415639106 41.52164570954364 38
    endloop
  endfacet
  facet normal -0.9469301294951059 0.3214394653031609 0
    outer loop
      vertex 50.20740728286133 41.67647619362185 29
      vertex 50.154849415639106 41.52164570954364 38
      vertex 50.20740728286133 41.67647619362185 38
    endloop
  endfacet
  facet normal -0.9807852804032258 0.19509032201615126 0
    outer loop
      vertex 50.23930607671726 41.83684225972493 29
      vertex 50.20740728286133 41.67647619362185 38
      vertex 50.23930607671726 41.83684225972493 38
    endloop
  endfacet
  facet normal -0.9469301294951059 -0.3214394653031609 0
    outer loop
      vertex 50.154849415639106 42.47835429045636 29
      vertex 50.20740728286133 42.32352380637815 38
      vertex 50.154849415639106 42.47835429045636 38
    endloop
  endfacet
  facet normal -0.8968727415326929 -0.4422886902189918 0
    outer loop
      vertex 50.082531754730546 42.625 29
      vertex 50.154849415639106 42.47835429045636 38
      vertex 50.082531754730546 42.625 38
    endloop
  endfacet
  facet normal -0.9978589232386035 0.0654031292301431 0
    outer loop
      vertex 50.25 42 29
      vertex 50.23930607671726 41.83684225972493 38
      vertex 50.25 42 38
    endloop
  endfacet
  facet normal -0.9978589232386035 -0.0654031292301431 0
    outer loop
      vertex 50.23930607671726 42.16315774027507 29
      vertex 50.25 42 38
      vertex 50.23930607671726 42.16315774027507 38
    endloop
  endfacet
  facet normal -0.9807852804032258 -0.19509032201615126 0
    outer loop
      vertex 50.20740728286133 42.32352380637815 29
      vertex 50.23930607671726 42.16315774027507 38
      vertex 50.20740728286133 42.32352380637815 38
    endloop
  endfacet
  facet normal -0.0654031292301431 -0.9978589232386035 0
    outer loop
      vertex 49 43.25 29
      vertex 49.16315774027507 43.23930607671726 38
      vertex 49 43.25 38
    endloop
  endfacet
  facet normal -0.19509032201615126 -0.9807852804032258 0
    outer loop
      vertex 49.16315774027507 43.23930607671726 29
      vertex 49.32352380637815 43.20740728286133 38
      vertex 49.16315774027507 43.23930607671726 38
    endloop
  endfacet
  facet normal -0.4422886902189918 -0.8968727415326929 0
    outer loop
      vertex 49.47835429045636 43.154849415639106 29
      vertex 49.625 43.082531754730546 38
      vertex 49.47835429045636 43.154849415639106 38
    endloop
  endfacet
  facet normal -0.3214394653031609 -0.9469301294951059 0
    outer loop
      vertex 49.32352380637815 43.20740728286133 29
      vertex 49.47835429045636 43.154849415639106 38
      vertex 49.32352380637815 43.20740728286133 38
    endloop
  endfacet
  facet normal -0.5555702330195792 -0.8314696123025607 0
    outer loop
      vertex 49.625 43.082531754730546 29
      vertex 49.760951786260904 42.991691675364045 38
      vertex 49.625 43.082531754730546 38
    endloop
  endfacet
  facet normal -0.6593458151000817 -0.7518398074789663 0
    outer loop
      vertex 49.760951786260904 42.991691675364045 29
      vertex 49.883883476483184 42.883883476483184 38
      vertex 49.760951786260904 42.991691675364045 38
    endloop
  endfacet
  facet normal -0.7518398074789663 -0.6593458151000817 0
    outer loop
      vertex 49.883883476483184 42.883883476483184 29
      vertex 49.991691675364045 42.760951786260904 38
      vertex 49.883883476483184 42.883883476483184 38
    endloop
  endfacet
  facet normal -0.8314696123025607 -0.5555702330195792 0
    outer loop
      vertex 49.991691675364045 42.760951786260904 29
      vertex 50.082531754730546 42.625 38
      vertex 49.991691675364045 42.760951786260904 38
    endloop
  endfacet
  facet normal 0 0 1
    outer loop
      vertex -49.80399986549024 -36.599405710888405 3
      vertex -49.80399986549024 -35.900594289111595 3
      vertex -49.838450562854646 -36.42621035949707 3
    endloop
  endfacet
  facet normal 0 0 1
    outer loop
      vertex -49.838450562854646 -36.42621035949707 3
      vertex -49.838450562854646 -36.07378964050293 3
      vertex -49.85 -36.25 3
    endloop
  endfacet
  facet normal 0 0 1
    outer loop
      vertex -49.838450562854646 -36.42621035949707 3
      vertex -49.80399986549024 -35.900594289111595 3
      vertex -49.838450562854646 -36.07378964050293 3
    endloop
  endfacet
  facet normal 0 0 1
    outer loop
      vertex -49.80399986549024 -36.599405710888405 3
      vertex -49.74723736889024 -35.73337736630713 3
      vertex -49.80399986549024 -35.900594289111595 3
    endloop
  endfacet
  facet normal 0 0 1
    outer loop
      vertex -49.74723736889024 -36.76662263369287 3
      vertex -49.74723736889024 -35.73337736630713 3
      vertex -49.80399986549024 -36.599405710888405 3
    endloop
  endfacet
  facet normal 0 0 1
    outer loop
      vertex -49.66913429510899 -36.925 3
      vertex -49.66913429510899 -35.575 3
      vertex -49.74723736889024 -36.76662263369287 3
    endloop
  endfacet
  facet normal 0 0 1
    outer loop
      vertex -49.57102700939317 -37.07182792916177 3
      vertex -49.57102700939317 -35.42817207083823 3
      vertex -49.66913429510899 -36.925 3
    endloop
  endfacet
  facet normal 0 0 1
    outer loop
      vertex -49.32182792916177 -37.32102700939317 3
      vertex -49.32182792916177 -35.17897299060683 3
      vertex -49.45459415460184 -37.20459415460184 3
    endloop
  endfacet
  facet normal 0 0 1
    outer loop
      vertex -49.45459415460184 -37.20459415460184 3
      vertex -49.45459415460184 -35.29540584539816 3
      vertex -49.57102700939317 -37.07182792916177 3
    endloop
  endfacet
  facet normal 0 0 1
    outer loop
      vertex -49.74723736889024 -36.76662263369287 3
      vertex -49.66913429510899 -35.575 3
      vertex -49.74723736889024 -35.73337736630713 3
    endloop
  endfacet
  facet normal 0 0 1
    outer loop
      vertex -49.32182792916177 -37.32102700939317 3
      vertex -49.175 -37.41913429510899 3
      vertex -49.175 -35.08086570489101 3
    endloop
  endfacet
  facet normal 0 0 1
    outer loop
      vertex -49.175 -37.41913429510899 3
      vertex -49.01662263369287 -37.49723736889024 3
      vertex -49.01662263369287 -35.00276263110976 3
    endloop
  endfacet
  facet normal 0 0 1
    outer loop
      vertex -49.66913429510899 -36.925 3
      vertex -49.57102700939317 -35.42817207083823 3
      vertex -49.66913429510899 -35.575 3
    endloop
  endfacet
  facet normal 0 0 1
    outer loop
      vertex -49.57102700939317 -37.07182792916177 3
      vertex -49.45459415460184 -35.29540584539816 3
      vertex -49.57102700939317 -35.42817207083823 3
    endloop
  endfacet
  facet normal 0 0 1
    outer loop
      vertex -49.45459415460184 -37.20459415460184 3
      vertex -49.32182792916177 -35.17897299060683 3
      vertex -49.45459415460184 -35.29540584539816 3
    endloop
  endfacet
  facet normal 0 0 1
    outer loop
      vertex -49.32182792916177 -37.32102700939317 3
      vertex -49.175 -35.08086570489101 3
      vertex -49.32182792916177 -35.17897299060683 3
    endloop
  endfacet
  facet normal 0 0 1
    outer loop
      vertex -49.175 -37.41913429510899 3
      vertex -49.01662263369287 -35.00276263110976 3
      vertex -49.175 -35.08086570489101 3
    endloop
  endfacet
  facet normal 0 0 1
    outer loop
      vertex -49.01662263369287 -37.49723736889024 3
      vertex -48.849405710888405 -34.94600013450976 3
      vertex -49.01662263369287 -35.00276263110976 3
    endloop
  endfacet
  facet normal 0 0 1
    outer loop
      vertex -49.01662263369287 -37.49723736889024 3
      vertex -48.849405710888405 -37.55399986549024 3
      vertex -48.849405710888405 -34.94600013450976 3
    endloop
  endfacet
  facet normal 0 0 1
    outer loop
      vertex -48.849405710888405 -37.55399986549024 3
      vertex -48.67621035949707 -37.588450562854646 3
      vertex -48.67621035949707 -34.911549437145354 3
    endloop
  endfacet
  facet normal 0 0 1
    outer loop
      vertex -48.67621035949707 -37.588450562854646 3
      vertex -48.5 -37.6 3
      vertex -48.5 -34.9 3
    endloop
  endfacet
  facet normal 0 0 1
    outer loop
      vertex -48.5 -37.6 3
      vertex -48.32378964050293 -37.588450562854646 3
      vertex -48.32378964050293 -34.911549437145354 3
    endloop
  endfacet
  facet normal 0 0 1
    outer loop
      vertex -48.32378964050293 -37.588450562854646 3
      vertex -48.150594289111595 -37.55399986549024 3
      vertex -48.150594289111595 -34.94600013450976 3
    endloop
  endfacet
  facet normal 0 0 1
    outer loop
      vertex -48.849405710888405 -37.55399986549024 3
      vertex -48.67621035949707 -34.911549437145354 3
      vertex -48.849405710888405 -34.94600013450976 3
    endloop
  endfacet
  facet normal 0 0 1
    outer loop
      vertex -48.67621035949707 -37.588450562854646 3
      vertex -48.5 -34.9 3
      vertex -48.67621035949707 -34.911549437145354 3
    endloop
  endfacet
  facet normal 0 0 1
    outer loop
      vertex -48.5 -37.6 3
      vertex -48.32378964050293 -34.911549437145354 3
      vertex -48.5 -34.9 3
    endloop
  endfacet
  facet normal 0 0 1
    outer loop
      vertex -48.32378964050293 -37.588450562854646 3
      vertex -48.150594289111595 -34.94600013450976 3
      vertex -48.32378964050293 -34.911549437145354 3
    endloop
  endfacet
  facet normal 0 0 1
    outer loop
      vertex -48.150594289111595 -37.55399986549024 3
      vertex -47.98337736630713 -35.00276263110976 3
      vertex -48.150594289111595 -34.94600013450976 3
    endloop
  endfacet
  facet normal 0 0 1
    outer loop
      vertex -48.150594289111595 -37.55399986549024 3
      vertex -47.98337736630713 -37.49723736889024 3
      vertex -47.98337736630713 -35.00276263110976 3
    endloop
  endfacet
  facet normal 0 0 1
    outer loop
      vertex -47.98337736630713 -37.49723736889024 3
      vertex -47.825 -37.41913429510899 3
      vertex -47.825 -35.08086570489101 3
    endloop
  endfacet
  facet normal 0 0 1
    outer loop
      vertex -47.825 -37.41913429510899 3
      vertex -47.67817207083823 -37.32102700939317 3
      vertex -47.67817207083823 -35.17897299060683 3
    endloop
  endfacet
  facet normal 0 0 1
    outer loop
      vertex -47.67817207083823 -37.32102700939317 3
      vertex -47.54540584539816 -37.20459415460184 3
      vertex -47.54540584539816 -35.29540584539816 3
    endloop
  endfacet
  facet normal 0 0 1
    outer loop
      vertex -47.54540584539816 -37.20459415460184 3
      vertex -47.42897299060683 -37.07182792916177 3
      vertex -47.42897299060683 -35.42817207083823 3
    endloop
  endfacet
  facet normal 0 0 1
    outer loop
      vertex -47.42897299060683 -37.07182792916177 3
      vertex -47.33086570489101 -36.925 3
      vertex -47.33086570489101 -35.575 3
    endloop
  endfacet
  facet normal 0 0 1
    outer loop
      vertex -47.33086570489101 -36.925 3
      vertex -47.25276263110976 -36.76662263369287 3
      vertex -47.25276263110976 -35.73337736630713 3
    endloop
  endfacet
  facet normal 0 0 1
    outer loop
      vertex -47.42897299060683 -37.07182792916177 3
      vertex -47.33086570489101 -35.575 3
      vertex -47.42897299060683 -35.42817207083823 3
    endloop
  endfacet
  facet normal 0 0 1
    outer loop
      vertex -47.33086570489101 -36.925 3
      vertex -47.25276263110976 -35.73337736630713 3
      vertex -47.33086570489101 -35.575 3
    endloop
  endfacet
  facet normal 0 0 1
    outer loop
      vertex -47.98337736630713 -37.49723736889024 3
      vertex -47.825 -35.08086570489101 3
      vertex -47.98337736630713 -35.00276263110976 3
    endloop
  endfacet
  facet normal 0 0 1
    outer loop
      vertex -47.825 -37.41913429510899 3
      vertex -47.67817207083823 -35.17897299060683 3
      vertex -47.825 -35.08086570489101 3
    endloop
  endfacet
  facet normal 0 0 1
    outer loop
      vertex -47.67817207083823 -37.32102700939317 3
      vertex -47.54540584539816 -35.29540584539816 3
      vertex -47.67817207083823 -35.17897299060683 3
    endloop
  endfacet
  facet normal 0 0 1
    outer loop
      vertex -47.54540584539816 -37.20459415460184 3
      vertex -47.42897299060683 -35.42817207083823 3
      vertex -47.54540584539816 -35.29540584539816 3
    endloop
  endfacet
  facet normal 0.44228869021902534 0.8968727415326764 0
    outer loop
      vertex -49.175 -37.41913429510899 3
      vertex -49.01662263369287 -37.49723736889024 8
      vertex -49.01662263369287 -37.49723736889024 3
    endloop
  endfacet
  facet normal 0.6593458151000489 0.751839807478995 0
    outer loop
      vertex -49.32182792916177 -37.32102700939317 3
      vertex -49.45459415460184 -37.20459415460184 3
      vertex -49.32182792916177 -37.32102700939317 8
    endloop
  endfacet
  facet normal 0.751839807478995 0.6593458151000489 0
    outer loop
      vertex -49.45459415460184 -37.20459415460184 3
      vertex -49.57102700939317 -37.07182792916177 3
      vertex -49.45459415460184 -37.20459415460184 8
    endloop
  endfacet
  facet normal 0.8314696123025593 0.5555702330195811 0
    outer loop
      vertex -49.57102700939317 -37.07182792916177 3
      vertex -49.66913429510899 -36.925 3
      vertex -49.57102700939317 -37.07182792916177 8
    endloop
  endfacet
  facet normal 0.8968727415326764 0.44228869021902534 0
    outer loop
      vertex -49.66913429510899 -36.925 3
      vertex -49.74723736889024 -36.76662263369287 3
      vertex -49.66913429510899 -36.925 8
    endloop
  endfacet
  facet normal 0.5555702330195811 0.8314696123025593 0
    outer loop
      vertex -49.32182792916177 -37.32102700939317 3
      vertex -49.175 -37.41913429510899 8
      vertex -49.175 -37.41913429510899 3
    endloop
  endfacet
  facet normal 0.9807852804032264 0.1950903220161479 0
    outer loop
      vertex -49.80399986549024 -36.599405710888405 3
      vertex -49.838450562854646 -36.42621035949707 3
      vertex -49.80399986549024 -36.599405710888405 8
    endloop
  endfacet
  facet normal 0.9978589232386039 0.06540312923013807 0
    outer loop
      vertex -49.838450562854646 -36.42621035949707 3
      vertex -49.85 -36.25 3
      vertex -49.838450562854646 -36.42621035949707 8
    endloop
  endfacet
  facet normal 0.9978589232386039 -0.06540312923013807 0
    outer loop
      vertex -49.85 -36.25 3
      vertex -49.838450562854646 -36.07378964050293 3
      vertex -49.85 -36.25 8
    endloop
  endfacet
  facet normal 0.9807852804032264 -0.1950903220161479 0
    outer loop
      vertex -49.838450562854646 -36.07378964050293 3
      vertex -49.80399986549024 -35.900594289111595 3
      vertex -49.838450562854646 -36.07378964050293 8
    endloop
  endfacet
  facet normal 0.9469301294951099 -0.32143946530314904 0
    outer loop
      vertex -49.80399986549024 -35.900594289111595 3
      vertex -49.74723736889024 -35.73337736630713 3
      vertex -49.80399986549024 -35.900594289111595 8
    endloop
  endfacet
  facet normal 0.9469301294951099 0.32143946530314904 0
    outer loop
      vertex -49.74723736889024 -36.76662263369287 3
      vertex -49.80399986549024 -36.599405710888405 3
      vertex -49.74723736889024 -36.76662263369287 8
    endloop
  endfacet
  facet normal 0.8968727415326764 -0.44228869021902534 0
    outer loop
      vertex -49.74723736889024 -35.73337736630713 3
      vertex -49.66913429510899 -35.575 3
      vertex -49.74723736889024 -35.73337736630713 8
    endloop
  endfacet
  facet normal 0.8314696123025593 -0.5555702330195811 0
    outer loop
      vertex -49.66913429510899 -35.575 3
      vertex -49.57102700939317 -35.42817207083823 3
      vertex -49.66913429510899 -35.575 8
    endloop
  endfacet
  facet normal 0.751839807478995 -0.6593458151000489 0
    outer loop
      vertex -49.57102700939317 -35.42817207083823 3
      vertex -49.45459415460184 -35.29540584539816 3
      vertex -49.57102700939317 -35.42817207083823 8
    endloop
  endfacet
  facet normal 0.6593458151000489 -0.751839807478995 0
    outer loop
      vertex -49.45459415460184 -35.29540584539816 3
      vertex -49.32182792916177 -35.17897299060683 3
      vertex -49.45459415460184 -35.29540584539816 8
    endloop
  endfacet
  facet normal 0.32143946530314904 0.9469301294951099 0
    outer loop
      vertex -49.01662263369287 -37.49723736889024 3
      vertex -48.849405710888405 -37.55399986549024 8
      vertex -48.849405710888405 -37.55399986549024 3
    endloop
  endfacet
  facet normal 0.1950903220161479 0.9807852804032264 0
    outer loop
      vertex -48.849405710888405 -37.55399986549024 3
      vertex -48.67621035949707 -37.588450562854646 8
      vertex -48.67621035949707 -37.588450562854646 3
    endloop
  endfacet
  facet normal 0.06540312923013807 0.9978589232386039 0
    outer loop
      vertex -48.67621035949707 -37.588450562854646 3
      vertex -48.5 -37.6 8
      vertex -48.5 -37.6 3
    endloop
  endfacet
  facet normal -0.06540312923013807 0.9978589232386039 0
    outer loop
      vertex -48.5 -37.6 3
      vertex -48.32378964050293 -37.588450562854646 8
      vertex -48.32378964050293 -37.588450562854646 3
    endloop
  endfacet
  facet normal -0.1950903220161479 0.9807852804032264 0
    outer loop
      vertex -48.32378964050293 -37.588450562854646 3
      vertex -48.150594289111595 -37.55399986549024 8
      vertex -48.150594289111595 -37.55399986549024 3
    endloop
  endfacet
  facet normal -0.32143946530314904 0.9469301294951099 0
    outer loop
      vertex -48.150594289111595 -37.55399986549024 3
      vertex -47.98337736630713 -37.49723736889024 8
      vertex -47.98337736630713 -37.49723736889024 3
    endloop
  endfacet
  facet normal -0.44228869021902534 0.8968727415326764 0
    outer loop
      vertex -47.98337736630713 -37.49723736889024 3
      vertex -47.825 -37.41913429510899 8
      vertex -47.825 -37.41913429510899 3
    endloop
  endfacet
  facet normal -0.5555702330195811 0.8314696123025593 0
    outer loop
      vertex -47.825 -37.41913429510899 3
      vertex -47.67817207083823 -37.32102700939317 8
      vertex -47.67817207083823 -37.32102700939317 3
    endloop
  endfacet
  facet normal -0.6593458151000489 0.751839807478995 0
    outer loop
      vertex -47.67817207083823 -37.32102700939317 3
      vertex -47.54540584539816 -37.20459415460184 8
      vertex -47.54540584539816 -37.20459415460184 3
    endloop
  endfacet
  facet normal -0.751839807478995 0.6593458151000489 0
    outer loop
      vertex -47.54540584539816 -37.20459415460184 3
      vertex -47.42897299060683 -37.07182792916177 8
      vertex -47.42897299060683 -37.07182792916177 3
    endloop
  endfacet
  facet normal -0.8314696123025593 0.5555702330195811 0
    outer loop
      vertex -47.42897299060683 -37.07182792916177 3
      vertex -47.33086570489101 -36.925 8
      vertex -47.33086570489101 -36.925 3
    endloop
  endfacet
  facet normal -0.8968727415326764 0.44228869021902534 0
    outer loop
      vertex -47.33086570489101 -36.925 3
      vertex -47.25276263110976 -36.76662263369287 8
      vertex -47.25276263110976 -36.76662263369287 3
    endloop
  endfacet
  facet normal -0.8968727415326764 -0.44228869021902534 0
    outer loop
      vertex -47.25276263110976 -35.73337736630713 3
      vertex -47.33086570489101 -35.575 8
      vertex -47.33086570489101 -35.575 3
    endloop
  endfacet
  facet normal -0.751839807478995 -0.6593458151000489 0
    outer loop
      vertex -47.42897299060683 -35.42817207083823 3
      vertex -47.54540584539816 -35.29540584539816 8
      vertex -47.54540584539816 -35.29540584539816 3
    endloop
  endfacet
  facet normal -0.8314696123025593 -0.5555702330195811 0
    outer loop
      vertex -47.42897299060683 -35.42817207083823 3
      vertex -47.33086570489101 -35.575 3
      vertex -47.42897299060683 -35.42817207083823 8
    endloop
  endfacet
  facet normal 0 0 1
    outer loop
      vertex -47.25276263110976 -36.76662263369287 3
      vertex -47.19600013450976 -36.599405710888405 3
      vertex -47.19600013450976 -35.900594289111595 3
    endloop
  endfacet
  facet normal 0 0 1
    outer loop
      vertex -47.19600013450976 -36.599405710888405 3
      vertex -47.161549437145354 -36.42621035949707 3
      vertex -47.161549437145354 -36.07378964050293 3
    endloop
  endfacet
  facet normal 0 0 1
    outer loop
      vertex -47.161549437145354 -36.42621035949707 3
      vertex -47.15 -36.25 3
      vertex -47.161549437145354 -36.07378964050293 3
    endloop
  endfacet
  facet normal 0 0 1
    outer loop
      vertex -47.19600013450976 -36.599405710888405 3
      vertex -47.161549437145354 -36.07378964050293 3
      vertex -47.19600013450976 -35.900594289111595 3
    endloop
  endfacet
  facet normal 0 0 1
    outer loop
      vertex -47.25276263110976 -36.76662263369287 3
      vertex -47.19600013450976 -35.900594289111595 3
      vertex -47.25276263110976 -35.73337736630713 3
    endloop
  endfacet
  facet normal -0.9469301294951099 0.32143946530314904 0
    outer loop
      vertex -47.25276263110976 -36.76662263369287 3
      vertex -47.19600013450976 -36.599405710888405 8
      vertex -47.19600013450976 -36.599405710888405 3
    endloop
  endfacet
  facet normal -0.9807852804032264 0.1950903220161479 0
    outer loop
      vertex -47.19600013450976 -36.599405710888405 3
      vertex -47.161549437145354 -36.42621035949707 8
      vertex -47.161549437145354 -36.42621035949707 3
    endloop
  endfacet
  facet normal -0.9978589232386039 0.06540312923013807 0
    outer loop
      vertex -47.161549437145354 -36.42621035949707 3
      vertex -47.15 -36.25 8
      vertex -47.15 -36.25 3
    endloop
  endfacet
  facet normal -0.9978589232386039 -0.06540312923013807 0
    outer loop
      vertex -47.15 -36.25 3
      vertex -47.161549437145354 -36.07378964050293 8
      vertex -47.161549437145354 -36.07378964050293 3
    endloop
  endfacet
  facet normal -0.9807852804032264 -0.1950903220161479 0
    outer loop
      vertex -47.161549437145354 -36.07378964050293 3
      vertex -47.19600013450976 -35.900594289111595 8
      vertex -47.19600013450976 -35.900594289111595 3
    endloop
  endfacet
  facet normal -0.9469301294951099 -0.32143946530314904 0
    outer loop
      vertex -47.19600013450976 -35.900594289111595 3
      vertex -47.25276263110976 -35.73337736630713 8
      vertex -47.25276263110976 -35.73337736630713 3
    endloop
  endfacet
  facet normal 0.32143946530314904 0.9469301294951099 0
    outer loop
      vertex -49.01662263369287 -37.49723736889024 3
      vertex -49.01662263369287 -37.49723736889024 8
      vertex -48.849405710888405 -37.55399986549024 8
    endloop
  endfacet
  facet normal 0.751839807478995 0.6593458151000489 0
    outer loop
      vertex -49.57102700939317 -37.07182792916177 3
      vertex -49.57102700939317 -37.07182792916177 8
      vertex -49.45459415460184 -37.20459415460184 8
    endloop
  endfacet
  facet normal 0.6593458151000489 0.751839807478995 0
    outer loop
      vertex -49.45459415460184 -37.20459415460184 3
      vertex -49.45459415460184 -37.20459415460184 8
      vertex -49.32182792916177 -37.32102700939317 8
    endloop
  endfacet
  facet normal 0.8314696123025593 0.5555702330195811 0
    outer loop
      vertex -49.66913429510899 -36.925 3
      vertex -49.66913429510899 -36.925 8
      vertex -49.57102700939317 -37.07182792916177 8
    endloop
  endfacet
  facet normal 0.8968727415326764 0.44228869021902534 0
    outer loop
      vertex -49.74723736889024 -36.76662263369287 3
      vertex -49.74723736889024 -36.76662263369287 8
      vertex -49.66913429510899 -36.925 8
    endloop
  endfacet
  facet normal 0.5555702330195811 0.8314696123025593 0
    outer loop
      vertex -49.32182792916177 -37.32102700939317 3
      vertex -49.32182792916177 -37.32102700939317 8
      vertex -49.175 -37.41913429510899 8
    endloop
  endfacet
  facet normal 0.44228869021902534 0.8968727415326764 0
    outer loop
      vertex -49.175 -37.41913429510899 3
      vertex -49.175 -37.41913429510899 8
      vertex -49.01662263369287 -37.49723736889024 8
    endloop
  endfacet
  facet normal 0.9469301294951099 0.32143946530314904 0
    outer loop
      vertex -49.80399986549024 -36.599405710888405 3
      vertex -49.80399986549024 -36.599405710888405 8
      vertex -49.74723736889024 -36.76662263369287 8
    endloop
  endfacet
  facet normal 0.9807852804032272 0.19509032201614482 -1.2069097861830186e-16
    outer loop
      vertex -49.838450562854646 -36.42621035949707 3
      vertex -49.80680395047995 -36.58530862368035 8
      vertex -49.80399986549024 -36.599405710888405 8
    endloop
  endfacet
  facet normal 0.9807852804032265 0.1950903220161482 0
    outer loop
      vertex -49.80680395047995 -36.58530862368035 8
      vertex -49.838450562854646 -36.42621035949707 3
      vertex -49.838450562854646 -36.42621035949707 8
    endloop
  endfacet
  facet normal 0.9978589232387002 0.06540312922866594 -5.207018053114793e-14
    outer loop
      vertex -49.85 -36.25 3
      vertex -49.83852878579715 -36.42501690802003 8
      vertex -49.838450562854646 -36.42621035949707 8
    endloop
  endfacet
  facet normal 0.9978589232386031 0.0654031292301481 0
    outer loop
      vertex -49.83852878579715 -36.42501690802003 8
      vertex -49.85 -36.25 3
      vertex -49.85 -36.25 8
    endloop
  endfacet
  facet normal 0.9978589232386039 -0.06540312923013807 0
    outer loop
      vertex -49.838450562854646 -36.07378964050293 3
      vertex -49.838450562854646 -36.07378964050293 8
      vertex -49.85 -36.25 8
    endloop
  endfacet
  facet normal 0.9807852804032167 -0.19509032201619758 -1.786383031867471e-15
    outer loop
      vertex -49.80399986549024 -35.900594289111595 3
      vertex -49.83030427312478 -36.032835476429696 8
      vertex -49.838450562854646 -36.07378964050293 8
    endloop
  endfacet
  facet normal 0.9807852804032297 -0.19509032201613255 0
    outer loop
      vertex -49.83030427312478 -36.032835476429696 8
      vertex -49.80399986549024 -35.900594289111595 3
      vertex -49.80399986549024 -35.900594289111595 8
    endloop
  endfacet
  facet normal 0.9469301294951099 -0.32143946530314904 0
    outer loop
      vertex -49.74723736889024 -35.73337736630713 3
      vertex -49.74723736889024 -35.73337736630713 8
      vertex -49.80399986549024 -35.900594289111595 8
    endloop
  endfacet
  facet normal 0.8968727415326764 -0.44228869021902534 0
    outer loop
      vertex -49.66913429510899 -35.575 3
      vertex -49.66913429510899 -35.575 8
      vertex -49.74723736889024 -35.73337736630713 8
    endloop
  endfacet
  facet normal 0.8314696123025593 -0.5555702330195811 0
    outer loop
      vertex -49.57102700939317 -35.42817207083823 3
      vertex -49.57102700939317 -35.42817207083823 8
      vertex -49.66913429510899 -35.575 8
    endloop
  endfacet
  facet normal 0.751839807478995 -0.6593458151000489 0
    outer loop
      vertex -49.45459415460184 -35.29540584539816 3
      vertex -49.45459415460184 -35.29540584539816 8
      vertex -49.57102700939317 -35.42817207083823 8
    endloop
  endfacet
  facet normal 0.1950903220161479 0.9807852804032264 0
    outer loop
      vertex -48.849405710888405 -37.55399986549024 3
      vertex -48.849405710888405 -37.55399986549024 8
      vertex -48.67621035949707 -37.588450562854646 8
    endloop
  endfacet
  facet normal 0.06540312923013807 0.9978589232386039 0
    outer loop
      vertex -48.67621035949707 -37.588450562854646 3
      vertex -48.67621035949707 -37.588450562854646 8
      vertex -48.5 -37.6 8
    endloop
  endfacet
  facet normal -0.06540312923013807 0.9978589232386039 0
    outer loop
      vertex -48.5 -37.6 3
      vertex -48.5 -37.6 8
      vertex -48.32378964050293 -37.588450562854646 8
    endloop
  endfacet
  facet normal -0.1950903220161479 0.9807852804032264 0
    outer loop
      vertex -48.32378964050293 -37.588450562854646 3
      vertex -48.32378964050293 -37.588450562854646 8
      vertex -48.150594289111595 -37.55399986549024 8
    endloop
  endfacet
  facet normal -0.32143946530314904 0.9469301294951099 0
    outer loop
      vertex -48.150594289111595 -37.55399986549024 3
      vertex -48.150594289111595 -37.55399986549024 8
      vertex -47.98337736630713 -37.49723736889024 8
    endloop
  endfacet
  facet normal -0.44228869021902534 0.8968727415326764 0
    outer loop
      vertex -47.98337736630713 -37.49723736889024 3
      vertex -47.98337736630713 -37.49723736889024 8
      vertex -47.825 -37.41913429510899 8
    endloop
  endfacet
  facet normal -0.5555702330195811 0.8314696123025593 0
    outer loop
      vertex -47.825 -37.41913429510899 3
      vertex -47.825 -37.41913429510899 8
      vertex -47.67817207083823 -37.32102700939317 8
    endloop
  endfacet
  facet normal -0.6593458151000489 0.751839807478995 0
    outer loop
      vertex -47.67817207083823 -37.32102700939317 3
      vertex -47.67817207083823 -37.32102700939317 8
      vertex -47.54540584539816 -37.20459415460184 8
    endloop
  endfacet
  facet normal -0.751839807478995 0.6593458151000489 0
    outer loop
      vertex -47.54540584539816 -37.20459415460184 3
      vertex -47.54540584539816 -37.20459415460184 8
      vertex -47.42897299060683 -37.07182792916177 8
    endloop
  endfacet
  facet normal -0.8314696123025722 0.5555702330195617 0
    outer loop
      vertex -47.42897299060683 -37.07182792916177 3
      vertex -47.42897299060683 -37.07182792916177 8
      vertex -47.37144041265574 -36.985724341459154 8
    endloop
  endfacet
  facet normal -0.8314696123025267 0.5555702330196302 -1.7014810267864891e-15
    outer loop
      vertex -47.42897299060683 -37.07182792916177 3
      vertex -47.37144041265574 -36.985724341459154 8
      vertex -47.34408210402813 -36.9447797391103 8
    endloop
  endfacet
  facet normal -0.831469612302571 0.5555702330195638 7.292158142121979e-16
    outer loop
      vertex -47.42897299060683 -37.07182792916177 3
      vertex -47.34408210402813 -36.9447797391103 8
      vertex -47.33086570489101 -36.925 8
    endloop
  endfacet
  facet normal -0.8968727415326764 0.44228869021902534 0
    outer loop
      vertex -47.33086570489101 -36.925 3
      vertex -47.33086570489101 -36.925 8
      vertex -47.25276263110976 -36.76662263369287 8
    endloop
  endfacet
  facet normal -0.9469301294950783 0.3214394653032428 0
    outer loop
      vertex -47.25 -36.75848418488091 8
      vertex -47.25276263110976 -36.76662263369287 3
      vertex -47.25276263110976 -36.76662263369287 8
    endloop
  endfacet
  facet normal -0.8968727415326764 -0.44228869021902534 0
    outer loop
      vertex -47.25276263110976 -35.73337736630713 3
      vertex -47.25276263110976 -35.73337736630713 8
      vertex -47.33086570489101 -35.575 8
    endloop
  endfacet
  facet normal -0.6593458151000489 -0.751839807478995 0
    outer loop
      vertex -47.54540584539816 -35.29540584539816 3
      vertex -47.54540584539816 -35.29540584539816 8
      vertex -47.67817207083823 -35.17897299060683 8
    endloop
  endfacet
  facet normal -0.7518398074789022 -0.6593458151001546 4.969330053902299e-15
    outer loop
      vertex -47.42897299060683 -35.42817207083823 3
      vertex -47.51981112118302 -35.324591034847586 8
      vertex -47.54540584539816 -35.29540584539816 8
    endloop
  endfacet
  facet normal -0.7518398074790243 -0.6593458151000152 -1.3738023428800682e-16
    outer loop
      vertex -47.42897299060683 -35.42817207083823 3
      vertex -47.44592078901297 -35.40884681055894 8
      vertex -47.51981112118302 -35.324591034847586 8
    endloop
  endfacet
  facet normal -0.8314696123025593 -0.5555702330195811 0
    outer loop
      vertex -47.33086570489101 -35.575 3
      vertex -47.33086570489101 -35.575 8
      vertex -47.42897299060683 -35.42817207083823 8
    endloop
  endfacet
  facet normal -0.7518398074790068 -0.6593458151000353 0
    outer loop
      vertex -47.42897299060683 -35.42817207083823 3
      vertex -47.42897299060683 -35.42817207083823 8
      vertex -47.44592078901297 -35.40884681055894 8
    endloop
  endfacet
  facet normal -0.9469301294951116 0.32143946530314427 1.788353289574222e-16
    outer loop
      vertex -47.25276263110976 -36.76662263369287 3
      vertex -47.25 -36.75848418488091 8
      vertex -47.19600013450976 -36.599405710888405 8
    endloop
  endfacet
  facet normal -0.9807852804032264 0.1950903220161479 0
    outer loop
      vertex -47.19600013450976 -36.599405710888405 3
      vertex -47.19600013450976 -36.599405710888405 8
      vertex -47.161549437145354 -36.42621035949707 8
    endloop
  endfacet
  facet normal -0.9978589232386039 0.06540312923013807 0
    outer loop
      vertex -47.161549437145354 -36.42621035949707 3
      vertex -47.161549437145354 -36.42621035949707 8
      vertex -47.15 -36.25 8
    endloop
  endfacet
  facet normal -0.9978589232386039 -0.06540312923013807 0
    outer loop
      vertex -47.15 -36.25 3
      vertex -47.15 -36.25 8
      vertex -47.161549437145354 -36.07378964050293 8
    endloop
  endfacet
  facet normal -0.9807852804032264 -0.1950903220161479 0
    outer loop
      vertex -47.161549437145354 -36.07378964050293 3
      vertex -47.161549437145354 -36.07378964050293 8
      vertex -47.19600013450976 -35.900594289111595 8
    endloop
  endfacet
  facet normal -0.9469301294951116 -0.32143946530314427 0
    outer loop
      vertex -47.25 -35.74151581511909 8
      vertex -47.19600013450976 -35.900594289111595 3
      vertex -47.19600013450976 -35.900594289111595 8
    endloop
  endfacet
  facet normal -0.9469301294950783 -0.3214394653032428 3.512010478701224e-15
    outer loop
      vertex -47.19600013450976 -35.900594289111595 3
      vertex -47.25 -35.74151581511909 8
      vertex -47.25276263110976 -35.73337736630713 8
    endloop
  endfacet
  facet normal 0.5555702330195811 -0.8314696123025593 0
    outer loop
      vertex -49.32182792916177 -35.17897299060683 3
      vertex -49.175 -35.08086570489101 3
      vertex -49.32182792916177 -35.17897299060683 8
    endloop
  endfacet
  facet normal 0.44228869021902534 -0.8968727415326764 0
    outer loop
      vertex -49.175 -35.08086570489101 3
      vertex -49.01662263369287 -35.00276263110976 3
      vertex -49.175 -35.08086570489101 8
    endloop
  endfacet
  facet normal 0.32143946530314904 -0.9469301294951099 0
    outer loop
      vertex -49.01662263369287 -35.00276263110976 3
      vertex -48.849405710888405 -34.94600013450976 3
      vertex -49.01662263369287 -35.00276263110976 8
    endloop
  endfacet
  facet normal 0.1950903220161479 -0.9807852804032264 0
    outer loop
      vertex -48.849405710888405 -34.94600013450976 3
      vertex -48.67621035949707 -34.911549437145354 3
      vertex -48.849405710888405 -34.94600013450976 8
    endloop
  endfacet
  facet normal 0.06540312923013807 -0.9978589232386039 0
    outer loop
      vertex -48.67621035949707 -34.911549437145354 3
      vertex -48.5 -34.9 3
      vertex -48.67621035949707 -34.911549437145354 8
    endloop
  endfacet
  facet normal -0.06540312923013807 -0.9978589232386039 0
    outer loop
      vertex -48.5 -34.9 3
      vertex -48.32378964050293 -34.911549437145354 3
      vertex -48.5 -34.9 8
    endloop
  endfacet
  facet normal -0.1950903220161479 -0.9807852804032264 0
    outer loop
      vertex -48.32378964050293 -34.911549437145354 3
      vertex -48.150594289111595 -34.94600013450976 3
      vertex -48.32378964050293 -34.911549437145354 8
    endloop
  endfacet
  facet normal -0.32143946530314904 -0.9469301294951099 0
    outer loop
      vertex -48.150594289111595 -34.94600013450976 3
      vertex -47.98337736630713 -35.00276263110976 3
      vertex -48.150594289111595 -34.94600013450976 8
    endloop
  endfacet
  facet normal -0.44228869021902534 -0.8968727415326764 0
    outer loop
      vertex -47.98337736630713 -35.00276263110976 3
      vertex -47.825 -35.08086570489101 3
      vertex -47.98337736630713 -35.00276263110976 8
    endloop
  endfacet
  facet normal -0.5555702330195811 -0.8314696123025593 0
    outer loop
      vertex -47.825 -35.08086570489101 3
      vertex -47.67817207083823 -35.17897299060683 3
      vertex -47.825 -35.08086570489101 8
    endloop
  endfacet
  facet normal -0.6593458151000489 -0.751839807478995 0
    outer loop
      vertex -47.54540584539816 -35.29540584539816 3
      vertex -47.67817207083823 -35.17897299060683 8
      vertex -47.67817207083823 -35.17897299060683 3
    endloop
  endfacet
  facet normal 0.6593458151000348 -0.7518398074790074 -6.610566377428325e-16
    outer loop
      vertex -49.32182792916177 -35.17897299060683 3
      vertex -49.33044604066263 -35.186530871548534 8
      vertex -49.45459415460184 -35.29540584539816 8
    endloop
  endfacet
  facet normal 0.6593458151002515 -0.7518398074788173 0
    outer loop
      vertex -49.33044604066263 -35.186530871548534 8
      vertex -49.32182792916177 -35.17897299060683 3
      vertex -49.32182792916177 -35.17897299060683 8
    endloop
  endfacet
  facet normal 0.5555702330195811 -0.8314696123025593 0
    outer loop
      vertex -49.175 -35.08086570489101 3
      vertex -49.175 -35.08086570489101 8
      vertex -49.32182792916177 -35.17897299060683 8
    endloop
  endfacet
  facet normal 0.44228869021902534 -0.8968727415326764 0
    outer loop
      vertex -49.01662263369287 -35.00276263110976 3
      vertex -49.01662263369287 -35.00276263110976 8
      vertex -49.175 -35.08086570489101 8
    endloop
  endfacet
  facet normal 0.32143946530314904 -0.9469301294951099 0
    outer loop
      vertex -48.849405710888405 -34.94600013450976 3
      vertex -48.849405710888405 -34.94600013450976 8
      vertex -49.01662263369287 -35.00276263110976 8
    endloop
  endfacet
  facet normal 0.1950903220161479 -0.9807852804032264 0
    outer loop
      vertex -48.67621035949707 -34.911549437145354 3
      vertex -48.67621035949707 -34.911549437145354 8
      vertex -48.849405710888405 -34.94600013450976 8
    endloop
  endfacet
  facet normal 0.06540312923013807 -0.9978589232386039 0
    outer loop
      vertex -48.5 -34.9 3
      vertex -48.5 -34.9 8
      vertex -48.67621035949707 -34.911549437145354 8
    endloop
  endfacet
  facet normal -0.06540312923016206 -0.9978589232386024 0
    outer loop
      vertex -48.365308937030804 -34.90882811867726 8
      vertex -48.32378964050293 -34.911549437145354 3
      vertex -48.32378964050293 -34.911549437145354 8
    endloop
  endfacet
  facet normal -0.06540312923013067 -0.9978589232386044 2.6185341259509253e-16
    outer loop
      vertex -48.32378964050293 -34.911549437145354 3
      vertex -48.365308937030804 -34.90882811867726 8
      vertex -48.5 -34.9 8
    endloop
  endfacet
  facet normal -0.1950903220161479 -0.9807852804032264 0
    outer loop
      vertex -48.150594289111595 -34.94600013450976 3
      vertex -48.150594289111595 -34.94600013450976 8
      vertex -48.32378964050293 -34.911549437145354 8
    endloop
  endfacet
  facet normal -0.32143946530315737 -0.9469301294951071 0
    outer loop
      vertex -48.117673388447585 -34.957175274445774 8
      vertex -47.98337736630713 -35.00276263110976 3
      vertex -47.98337736630713 -35.00276263110976 8
    endloop
  endfacet
  facet normal -0.3214394653031151 -0.9469301294951213 1.267389775867679e-15
    outer loop
      vertex -47.98337736630713 -35.00276263110976 3
      vertex -48.117673388447585 -34.957175274445774 8
      vertex -48.150594289111595 -34.94600013450976 8
    endloop
  endfacet
  facet normal -0.4422886902190305 -0.8968727415326738 -2.0152942642991055e-16
    outer loop
      vertex -47.825 -35.08086570489101 3
      vertex -47.88456015777857 -35.051493885508805 8
      vertex -47.98337736630713 -35.00276263110976 8
    endloop
  endfacet
  facet normal -0.44228869021898287 -0.8968727415326975 0
    outer loop
      vertex -47.825 -35.08086570489101 3
      vertex -47.825 -35.08086570489101 8
      vertex -47.883751211832006 -35.05189281350226 8
    endloop
  endfacet
  facet normal -0.5555702330195653 -0.8314696123025699 0
    outer loop
      vertex -47.744043352677906 -35.1349592072292 8
      vertex -47.67817207083823 -35.17897299060683 3
      vertex -47.67817207083823 -35.17897299060683 8
    endloop
  endfacet
  facet normal -0.5555702330195939 -0.8314696123025509 -5.434054159093224e-16
    outer loop
      vertex -47.67817207083823 -35.17897299060683 3
      vertex -47.744043352677906 -35.1349592072292 8
      vertex -47.825 -35.08086570489101 8
    endloop
  endfacet
  facet normal -0.44228869022148304 -0.8968727415314643 -3.649415917661274e-14
    outer loop
      vertex -47.825 -35.08086570489101 3
      vertex -47.883751211832006 -35.05189281350226 8
      vertex -47.88456015777857 -35.051493885508805 8
    endloop
  endfacet
  facet normal 0.6593458151000489 0.751839807478995 0
    outer loop
      vertex -49.45459415460184 35.29540584539816 3
      vertex -49.32182792916177 35.17897299060683 8
      vertex -49.32182792916177 35.17897299060683 3
    endloop
  endfacet
  facet normal 0.5555702330195811 0.8314696123025593 0
    outer loop
      vertex -49.175 35.08086570489101 3
      vertex -49.32182792916177 35.17897299060683 3
      vertex -49.175 35.08086570489101 8
    endloop
  endfacet
  facet normal 0.44228869021902534 0.8968727415326764 0
    outer loop
      vertex -49.175 35.08086570489101 3
      vertex -49.01662263369287 35.00276263110976 8
      vertex -49.01662263369287 35.00276263110976 3
    endloop
  endfacet
  facet normal 0.32143946530314904 0.9469301294951099 0
    outer loop
      vertex -49.01662263369287 35.00276263110976 3
      vertex -48.849405710888405 34.94600013450976 8
      vertex -48.849405710888405 34.94600013450976 3
    endloop
  endfacet
  facet normal 0.1950903220161479 0.9807852804032264 0
    outer loop
      vertex -48.849405710888405 34.94600013450976 3
      vertex -48.67621035949707 34.911549437145354 8
      vertex -48.67621035949707 34.911549437145354 3
    endloop
  endfacet
  facet normal 0.06540312923013807 0.9978589232386039 0
    outer loop
      vertex -48.67621035949707 34.911549437145354 3
      vertex -48.5 34.9 8
      vertex -48.5 34.9 3
    endloop
  endfacet
  facet normal -0.06540312923013807 0.9978589232386039 0
    outer loop
      vertex -48.5 34.9 3
      vertex -48.32378964050293 34.911549437145354 8
      vertex -48.32378964050293 34.911549437145354 3
    endloop
  endfacet
  facet normal -0.1950903220161479 0.9807852804032264 0
    outer loop
      vertex -48.32378964050293 34.911549437145354 3
      vertex -48.150594289111595 34.94600013450976 8
      vertex -48.150594289111595 34.94600013450976 3
    endloop
  endfacet
  facet normal -0.32143946530314904 0.9469301294951099 0
    outer loop
      vertex -48.150594289111595 34.94600013450976 3
      vertex -47.98337736630713 35.00276263110976 8
      vertex -47.98337736630713 35.00276263110976 3
    endloop
  endfacet
  facet normal -0.44228869021902534 0.8968727415326764 0
    outer loop
      vertex -47.98337736630713 35.00276263110976 3
      vertex -47.825 35.08086570489101 8
      vertex -47.825 35.08086570489101 3
    endloop
  endfacet
  facet normal -0.5555702330195811 0.8314696123025593 0
    outer loop
      vertex -47.825 35.08086570489101 3
      vertex -47.67817207083823 35.17897299060683 8
      vertex -47.67817207083823 35.17897299060683 3
    endloop
  endfacet
  facet normal 0.5555702330195811 0.8314696123025593 0
    outer loop
      vertex -49.32182792916177 35.17897299060683 3
      vertex -49.32182792916177 35.17897299060683 8
      vertex -49.175 35.08086570489101 8
    endloop
  endfacet
  facet normal 0.44228869021902534 0.8968727415326764 0
    outer loop
      vertex -49.175 35.08086570489101 3
      vertex -49.175 35.08086570489101 8
      vertex -49.01662263369287 35.00276263110976 8
    endloop
  endfacet
  facet normal 0.32143946530314904 0.9469301294951099 0
    outer loop
      vertex -49.01662263369287 35.00276263110976 3
      vertex -49.01662263369287 35.00276263110976 8
      vertex -48.849405710888405 34.94600013450976 8
    endloop
  endfacet
  facet normal 0.1950903220161479 0.9807852804032264 0
    outer loop
      vertex -48.849405710888405 34.94600013450976 3
      vertex -48.849405710888405 34.94600013450976 8
      vertex -48.67621035949707 34.911549437145354 8
    endloop
  endfacet
  facet normal 0.06540312923013807 0.9978589232386039 0
    outer loop
      vertex -48.67621035949707 34.911549437145354 3
      vertex -48.67621035949707 34.911549437145354 8
      vertex -48.5 34.9 8
    endloop
  endfacet
  facet normal -0.06540312923013807 0.9978589232386039 0
    outer loop
      vertex -48.5 34.9 3
      vertex -48.5 34.9 8
      vertex -48.32378964050293 34.911549437145354 8
    endloop
  endfacet
  facet normal -0.1950903220161479 0.9807852804032264 0
    outer loop
      vertex -48.32378964050293 34.911549437145354 3
      vertex -48.32378964050293 34.911549437145354 8
      vertex -48.150594289111595 34.94600013450976 8
    endloop
  endfacet
  facet normal -0.32143946530314904 0.9469301294951099 0
    outer loop
      vertex -48.150594289111595 34.94600013450976 3
      vertex -48.150594289111595 34.94600013450976 8
      vertex -47.98337736630713 35.00276263110976 8
    endloop
  endfacet
  facet normal -0.44228869021902534 0.8968727415326764 0
    outer loop
      vertex -47.98337736630713 35.00276263110976 3
      vertex -47.98337736630713 35.00276263110976 8
      vertex -47.825 35.08086570489101 8
    endloop
  endfacet
  facet normal -0.5555702330195811 0.8314696123025593 0
    outer loop
      vertex -47.825 35.08086570489101 3
      vertex -47.825 35.08086570489101 8
      vertex -47.67817207083823 35.17897299060683 8
    endloop
  endfacet
  facet normal -0.6593458151000489 0.751839807478995 0
    outer loop
      vertex -47.67817207083823 35.17897299060683 3
      vertex -47.67817207083823 35.17897299060683 8
      vertex -47.54540584539816 35.29540584539816 8
    endloop
  endfacet
  facet normal 0 0 1
    outer loop
      vertex -49.80399986549024 35.900594289111595 3
      vertex -49.80399986549024 36.599405710888405 3
      vertex -49.838450562854646 36.07378964050293 3
    endloop
  endfacet
  facet normal 0 0 1
    outer loop
      vertex -49.838450562854646 36.07378964050293 3
      vertex -49.838450562854646 36.42621035949707 3
      vertex -49.85 36.25 3
    endloop
  endfacet
  facet normal 0 0 1
    outer loop
      vertex -49.838450562854646 36.07378964050293 3
      vertex -49.80399986549024 36.599405710888405 3
      vertex -49.838450562854646 36.42621035949707 3
    endloop
  endfacet
  facet normal 0 0 1
    outer loop
      vertex -49.80399986549024 35.900594289111595 3
      vertex -49.74723736889024 36.76662263369287 3
      vertex -49.80399986549024 36.599405710888405 3
    endloop
  endfacet
  facet normal 0 0 1
    outer loop
      vertex -49.45459415460184 35.29540584539816 3
      vertex -49.45459415460184 37.20459415460184 3
      vertex -49.57102700939317 35.42817207083823 3
    endloop
  endfacet
  facet normal 0 0 1
    outer loop
      vertex -49.45459415460184 35.29540584539816 3
      vertex -49.32182792916177 35.17897299060683 3
      vertex -49.32182792916177 37.32102700939317 3
    endloop
  endfacet
  facet normal 0 0 1
    outer loop
      vertex -49.175 35.08086570489101 3
      vertex -49.175 37.41913429510899 3
      vertex -49.32182792916177 35.17897299060683 3
    endloop
  endfacet
  facet normal 0 0 1
    outer loop
      vertex -49.175 35.08086570489101 3
      vertex -49.01662263369287 35.00276263110976 3
      vertex -49.01662263369287 37.49723736889024 3
    endloop
  endfacet
  facet normal 0 0 1
    outer loop
      vertex -49.66913429510899 35.575 3
      vertex -49.66913429510899 36.925 3
      vertex -49.74723736889024 35.73337736630713 3
    endloop
  endfacet
  facet normal 0 0 1
    outer loop
      vertex -49.80399986549024 35.900594289111595 3
      vertex -49.74723736889024 35.73337736630713 3
      vertex -49.74723736889024 36.76662263369287 3
    endloop
  endfacet
  facet normal 0 0 1
    outer loop
      vertex -49.57102700939317 35.42817207083823 3
      vertex -49.57102700939317 37.07182792916177 3
      vertex -49.66913429510899 35.575 3
    endloop
  endfacet
  facet normal 0 0 1
    outer loop
      vertex -49.74723736889024 35.73337736630713 3
      vertex -49.66913429510899 36.925 3
      vertex -49.74723736889024 36.76662263369287 3
    endloop
  endfacet
  facet normal 0 0 1
    outer loop
      vertex -49.66913429510899 35.575 3
      vertex -49.57102700939317 37.07182792916177 3
      vertex -49.66913429510899 36.925 3
    endloop
  endfacet
  facet normal 0 0 1
    outer loop
      vertex -49.57102700939317 35.42817207083823 3
      vertex -49.45459415460184 37.20459415460184 3
      vertex -49.57102700939317 37.07182792916177 3
    endloop
  endfacet
  facet normal 0 0 1
    outer loop
      vertex -49.45459415460184 35.29540584539816 3
      vertex -49.32182792916177 37.32102700939317 3
      vertex -49.45459415460184 37.20459415460184 3
    endloop
  endfacet
  facet normal 0 0 1
    outer loop
      vertex -49.32182792916177 35.17897299060683 3
      vertex -49.175 37.41913429510899 3
      vertex -49.32182792916177 37.32102700939317 3
    endloop
  endfacet
  facet normal 0 0 1
    outer loop
      vertex -49.175 35.08086570489101 3
      vertex -49.01662263369287 37.49723736889024 3
      vertex -49.175 37.41913429510899 3
    endloop
  endfacet
  facet normal 0 0 1
    outer loop
      vertex -49.01662263369287 35.00276263110976 3
      vertex -48.849405710888405 37.55399986549024 3
      vertex -49.01662263369287 37.49723736889024 3
    endloop
  endfacet
  facet normal 0 0 1
    outer loop
      vertex -49.01662263369287 35.00276263110976 3
      vertex -48.849405710888405 34.94600013450976 3
      vertex -48.849405710888405 37.55399986549024 3
    endloop
  endfacet
  facet normal 0 0 1
    outer loop
      vertex -48.849405710888405 34.94600013450976 3
      vertex -48.67621035949707 34.911549437145354 3
      vertex -48.67621035949707 37.588450562854646 3
    endloop
  endfacet
  facet normal 0 0 1
    outer loop
      vertex -48.67621035949707 34.911549437145354 3
      vertex -48.5 34.9 3
      vertex -48.5 37.6 3
    endloop
  endfacet
  facet normal 0 0 1
    outer loop
      vertex -48.5 34.9 3
      vertex -48.32378964050293 34.911549437145354 3
      vertex -48.32378964050293 37.588450562854646 3
    endloop
  endfacet
  facet normal 0 0 1
    outer loop
      vertex -48.32378964050293 34.911549437145354 3
      vertex -48.150594289111595 34.94600013450976 3
      vertex -48.150594289111595 37.55399986549024 3
    endloop
  endfacet
  facet normal 0 0 1
    outer loop
      vertex -48.849405710888405 34.94600013450976 3
      vertex -48.67621035949707 37.588450562854646 3
      vertex -48.849405710888405 37.55399986549024 3
    endloop
  endfacet
  facet normal 0 0 1
    outer loop
      vertex -48.67621035949707 34.911549437145354 3
      vertex -48.5 37.6 3
      vertex -48.67621035949707 37.588450562854646 3
    endloop
  endfacet
  facet normal 0 0 1
    outer loop
      vertex -48.5 34.9 3
      vertex -48.32378964050293 37.588450562854646 3
      vertex -48.5 37.6 3
    endloop
  endfacet
  facet normal 0 0 1
    outer loop
      vertex -48.32378964050293 34.911549437145354 3
      vertex -48.150594289111595 37.55399986549024 3
      vertex -48.32378964050293 37.588450562854646 3
    endloop
  endfacet
  facet normal 0 0 1
    outer loop
      vertex -48.150594289111595 34.94600013450976 3
      vertex -47.98337736630713 37.49723736889024 3
      vertex -48.150594289111595 37.55399986549024 3
    endloop
  endfacet
  facet normal 0 0 1
    outer loop
      vertex -48.150594289111595 34.94600013450976 3
      vertex -47.98337736630713 35.00276263110976 3
      vertex -47.98337736630713 37.49723736889024 3
    endloop
  endfacet
  facet normal 0 0 1
    outer loop
      vertex -47.98337736630713 35.00276263110976 3
      vertex -47.825 35.08086570489101 3
      vertex -47.825 37.41913429510899 3
    endloop
  endfacet
  facet normal 0 0 1
    outer loop
      vertex -47.825 35.08086570489101 3
      vertex -47.67817207083823 35.17897299060683 3
      vertex -47.67817207083823 37.32102700939317 3
    endloop
  endfacet
  facet normal 0 0 1
    outer loop
      vertex -47.67817207083823 35.17897299060683 3
      vertex -47.54540584539816 35.29540584539816 3
      vertex -47.54540584539816 37.20459415460184 3
    endloop
  endfacet
  facet normal 0 0 1
    outer loop
      vertex -47.54540584539816 35.29540584539816 3
      vertex -47.42897299060683 35.42817207083823 3
      vertex -47.42897299060683 37.07182792916177 3
    endloop
  endfacet
  facet normal 0 0 1
    outer loop
      vertex -47.42897299060683 35.42817207083823 3
      vertex -47.33086570489101 35.575 3
      vertex -47.33086570489101 36.925 3
    endloop
  endfacet
  facet normal 0 0 1
    outer loop
      vertex -47.98337736630713 35.00276263110976 3
      vertex -47.825 37.41913429510899 3
      vertex -47.98337736630713 37.49723736889024 3
    endloop
  endfacet
  facet normal 0 0 1
    outer loop
      vertex -47.825 35.08086570489101 3
      vertex -47.67817207083823 37.32102700939317 3
      vertex -47.825 37.41913429510899 3
    endloop
  endfacet
  facet normal 0 0 1
    outer loop
      vertex -47.33086570489101 35.575 3
      vertex -47.25276263110976 35.73337736630713 3
      vertex -47.25276263110976 36.76662263369287 3
    endloop
  endfacet
  facet normal 0 0 1
    outer loop
      vertex -47.54540584539816 35.29540584539816 3
      vertex -47.42897299060683 37.07182792916177 3
      vertex -47.54540584539816 37.20459415460184 3
    endloop
  endfacet
  facet normal 0 0 1
    outer loop
      vertex -47.67817207083823 35.17897299060683 3
      vertex -47.54540584539816 37.20459415460184 3
      vertex -47.67817207083823 37.32102700939317 3
    endloop
  endfacet
  facet normal 0 0 1
    outer loop
      vertex -47.42897299060683 35.42817207083823 3
      vertex -47.33086570489101 36.925 3
      vertex -47.42897299060683 37.07182792916177 3
    endloop
  endfacet
  facet normal 0 0 1
    outer loop
      vertex -47.33086570489101 35.575 3
      vertex -47.25276263110976 36.76662263369287 3
      vertex -47.33086570489101 36.925 3
    endloop
  endfacet
  facet normal 0.9807852804032264 0.1950903220161479 0
    outer loop
      vertex -49.80399986549024 35.900594289111595 3
      vertex -49.838450562854646 36.07378964050293 3
      vertex -49.80399986549024 35.900594289111595 8
    endloop
  endfacet
  facet normal 0.9978589232386039 0.06540312923013807 0
    outer loop
      vertex -49.838450562854646 36.07378964050293 3
      vertex -49.85 36.25 3
      vertex -49.838450562854646 36.07378964050293 8
    endloop
  endfacet
  facet normal 0.9978589232386039 -0.06540312923013807 0
    outer loop
      vertex -49.85 36.25 3
      vertex -49.838450562854646 36.42621035949707 3
      vertex -49.85 36.25 8
    endloop
  endfacet
  facet normal 0.9807852804032264 -0.1950903220161479 0
    outer loop
      vertex -49.838450562854646 36.42621035949707 3
      vertex -49.80399986549024 36.599405710888405 3
      vertex -49.838450562854646 36.42621035949707 8
    endloop
  endfacet
  facet normal 0.9469301294951099 -0.32143946530314904 0
    outer loop
      vertex -49.80399986549024 36.599405710888405 3
      vertex -49.74723736889024 36.76662263369287 3
      vertex -49.80399986549024 36.599405710888405 8
    endloop
  endfacet
  facet normal 0.8314696123025593 0.5555702330195811 0
    outer loop
      vertex -49.57102700939317 35.42817207083823 3
      vertex -49.66913429510899 35.575 3
      vertex -49.57102700939317 35.42817207083823 8
    endloop
  endfacet
  facet normal 0.751839807478995 0.6593458151000489 0
    outer loop
      vertex -49.45459415460184 35.29540584539816 3
      vertex -49.57102700939317 35.42817207083823 3
      vertex -49.45459415460184 35.29540584539816 8
    endloop
  endfacet
  facet normal 0.8968727415326764 0.44228869021902534 0
    outer loop
      vertex -49.66913429510899 35.575 3
      vertex -49.74723736889024 35.73337736630713 3
      vertex -49.66913429510899 35.575 8
    endloop
  endfacet
  facet normal 0.9469301294951099 0.32143946530314904 0
    outer loop
      vertex -49.80399986549024 35.900594289111595 3
      vertex -49.74723736889024 35.73337736630713 8
      vertex -49.74723736889024 35.73337736630713 3
    endloop
  endfacet
  facet normal 0.8968727415326764 -0.44228869021902534 0
    outer loop
      vertex -49.74723736889024 36.76662263369287 3
      vertex -49.66913429510899 36.925 3
      vertex -49.74723736889024 36.76662263369287 8
    endloop
  endfacet
  facet normal 0.8314696123025593 -0.5555702330195811 0
    outer loop
      vertex -49.66913429510899 36.925 3
      vertex -49.57102700939317 37.07182792916177 3
      vertex -49.66913429510899 36.925 8
    endloop
  endfacet
  facet normal 0.751839807478995 -0.6593458151000489 0
    outer loop
      vertex -49.57102700939317 37.07182792916177 3
      vertex -49.45459415460184 37.20459415460184 3
      vertex -49.57102700939317 37.07182792916177 8
    endloop
  endfacet
  facet normal 0.6593458151000489 -0.751839807478995 0
    outer loop
      vertex -49.45459415460184 37.20459415460184 3
      vertex -49.32182792916177 37.32102700939317 3
      vertex -49.45459415460184 37.20459415460184 8
    endloop
  endfacet
  facet normal 0.5555702330195811 -0.8314696123025593 0
    outer loop
      vertex -49.32182792916177 37.32102700939317 3
      vertex -49.175 37.41913429510899 3
      vertex -49.32182792916177 37.32102700939317 8
    endloop
  endfacet
  facet normal 0.44228869021902534 -0.8968727415326764 0
    outer loop
      vertex -49.175 37.41913429510899 3
      vertex -49.01662263369287 37.49723736889024 3
      vertex -49.175 37.41913429510899 8
    endloop
  endfacet
  facet normal 0.32143946530314904 -0.9469301294951099 0
    outer loop
      vertex -49.01662263369287 37.49723736889024 3
      vertex -48.849405710888405 37.55399986549024 3
      vertex -49.01662263369287 37.49723736889024 8
    endloop
  endfacet
  facet normal -0.6593458151000489 0.751839807478995 0
    outer loop
      vertex -47.67817207083823 35.17897299060683 3
      vertex -47.54540584539816 35.29540584539816 8
      vertex -47.54540584539816 35.29540584539816 3
    endloop
  endfacet
  facet normal -0.751839807478995 0.6593458151000489 0
    outer loop
      vertex -47.54540584539816 35.29540584539816 3
      vertex -47.42897299060683 35.42817207083823 8
      vertex -47.42897299060683 35.42817207083823 3
    endloop
  endfacet
  facet normal -0.8314696123025593 0.5555702330195811 0
    outer loop
      vertex -47.42897299060683 35.42817207083823 3
      vertex -47.33086570489101 35.575 8
      vertex -47.33086570489101 35.575 3
    endloop
  endfacet
  facet normal -0.8968727415326764 0.44228869021902534 0
    outer loop
      vertex -47.33086570489101 35.575 3
      vertex -47.25276263110976 35.73337736630713 8
      vertex -47.25276263110976 35.73337736630713 3
    endloop
  endfacet
  facet normal 0.1950903220161479 -0.9807852804032264 0
    outer loop
      vertex -48.849405710888405 37.55399986549024 3
      vertex -48.67621035949707 37.588450562854646 3
      vertex -48.849405710888405 37.55399986549024 8
    endloop
  endfacet
  facet normal 0.06540312923013807 -0.9978589232386039 0
    outer loop
      vertex -48.67621035949707 37.588450562854646 3
      vertex -48.5 37.6 3
      vertex -48.67621035949707 37.588450562854646 8
    endloop
  endfacet
  facet normal -0.06540312923013807 -0.9978589232386039 0
    outer loop
      vertex -48.32378964050293 37.588450562854646 3
      vertex -48.5 37.6 8
      vertex -48.5 37.6 3
    endloop
  endfacet
  facet normal -0.1950903220161479 -0.9807852804032264 0
    outer loop
      vertex -48.32378964050293 37.588450562854646 3
      vertex -48.150594289111595 37.55399986549024 3
      vertex -48.32378964050293 37.588450562854646 8
    endloop
  endfacet
  facet normal -0.32143946530314904 -0.9469301294951099 0
    outer loop
      vertex -48.150594289111595 37.55399986549024 3
      vertex -47.98337736630713 37.49723736889024 3
      vertex -48.150594289111595 37.55399986549024 8
    endloop
  endfacet
  facet normal -0.5555702330195811 -0.8314696123025593 0
    outer loop
      vertex -47.825 37.41913429510899 3
      vertex -47.67817207083823 37.32102700939317 3
      vertex -47.825 37.41913429510899 8
    endloop
  endfacet
  facet normal -0.8968727415326764 -0.44228869021902534 0
    outer loop
      vertex -47.25276263110976 36.76662263369287 3
      vertex -47.33086570489101 36.925 8
      vertex -47.33086570489101 36.925 3
    endloop
  endfacet
  facet normal -0.8314696123025593 -0.5555702330195811 0
    outer loop
      vertex -47.42897299060683 37.07182792916177 3
      vertex -47.33086570489101 36.925 3
      vertex -47.42897299060683 37.07182792916177 8
    endloop
  endfacet
  facet normal -0.751839807478995 -0.6593458151000489 0
    outer loop
      vertex -47.54540584539816 37.20459415460184 3
      vertex -47.42897299060683 37.07182792916177 3
      vertex -47.54540584539816 37.20459415460184 8
    endloop
  endfacet
  facet normal -0.6593458151000489 -0.751839807478995 0
    outer loop
      vertex -47.54540584539816 37.20459415460184 3
      vertex -47.67817207083823 37.32102700939317 8
      vertex -47.67817207083823 37.32102700939317 3
    endloop
  endfacet
  facet normal -0.44228869021902534 -0.8968727415326764 0
    outer loop
      vertex -47.98337736630713 37.49723736889024 3
      vertex -47.825 37.41913429510899 3
      vertex -47.98337736630713 37.49723736889024 8
    endloop
  endfacet
  facet normal 0 0 1
    outer loop
      vertex -47.25276263110976 35.73337736630713 3
      vertex -47.19600013450976 35.900594289111595 3
      vertex -47.19600013450976 36.599405710888405 3
    endloop
  endfacet
  facet normal 0 0 1
    outer loop
      vertex -47.19600013450976 35.900594289111595 3
      vertex -47.161549437145354 36.07378964050293 3
      vertex -47.161549437145354 36.42621035949707 3
    endloop
  endfacet
  facet normal 0 0 1
    outer loop
      vertex -47.161549437145354 36.07378964050293 3
      vertex -47.15 36.25 3
      vertex -47.161549437145354 36.42621035949707 3
    endloop
  endfacet
  facet normal 0 0 1
    outer loop
      vertex -47.19600013450976 35.900594289111595 3
      vertex -47.161549437145354 36.42621035949707 3
      vertex -47.19600013450976 36.599405710888405 3
    endloop
  endfacet
  facet normal 0 0 1
    outer loop
      vertex -47.25276263110976 35.73337736630713 3
      vertex -47.19600013450976 36.599405710888405 3
      vertex -47.25276263110976 36.76662263369287 3
    endloop
  endfacet
  facet normal -0.9469301294951099 0.32143946530314904 0
    outer loop
      vertex -47.25276263110976 35.73337736630713 3
      vertex -47.19600013450976 35.900594289111595 8
      vertex -47.19600013450976 35.900594289111595 3
    endloop
  endfacet
  facet normal -0.9807852804032264 0.1950903220161479 0
    outer loop
      vertex -47.19600013450976 35.900594289111595 3
      vertex -47.161549437145354 36.07378964050293 8
      vertex -47.161549437145354 36.07378964050293 3
    endloop
  endfacet
  facet normal -0.9978589232386039 0.06540312923013807 0
    outer loop
      vertex -47.161549437145354 36.07378964050293 3
      vertex -47.15 36.25 8
      vertex -47.15 36.25 3
    endloop
  endfacet
  facet normal -0.9978589232386039 -0.06540312923013807 0
    outer loop
      vertex -47.15 36.25 3
      vertex -47.161549437145354 36.42621035949707 8
      vertex -47.161549437145354 36.42621035949707 3
    endloop
  endfacet
  facet normal -0.9807852804032264 -0.1950903220161479 0
    outer loop
      vertex -47.161549437145354 36.42621035949707 3
      vertex -47.19600013450976 36.599405710888405 8
      vertex -47.19600013450976 36.599405710888405 3
    endloop
  endfacet
  facet normal -0.9469301294951099 -0.32143946530314904 0
    outer loop
      vertex -47.19600013450976 36.599405710888405 3
      vertex -47.25276263110976 36.76662263369287 8
      vertex -47.25276263110976 36.76662263369287 3
    endloop
  endfacet
  facet normal 0.9469301294951099 0.32143946530314904 0
    outer loop
      vertex -49.80399986549024 35.900594289111595 3
      vertex -49.80399986549024 35.900594289111595 8
      vertex -49.74723736889024 35.73337736630713 8
    endloop
  endfacet
  facet normal 0.9807852804032285 0.19509032201613755 0
    outer loop
      vertex -49.82541847981868 36.008272934791556 8
      vertex -49.838450562854646 36.07378964050293 3
      vertex -49.838450562854646 36.07378964050293 8
    endloop
  endfacet
  facet normal 0.9807852804032254 0.19509032201615426 2.2673914864846785e-16
    outer loop
      vertex -49.838450562854646 36.07378964050293 3
      vertex -49.82541847981868 36.008272934791556 8
      vertex -49.80399986549024 35.900594289111595 8
    endloop
  endfacet
  facet normal 0.9978589232386039 0.06540312923013807 0
    outer loop
      vertex -49.85 36.25 3
      vertex -49.85 36.25 8
      vertex -49.838450562854646 36.07378964050293 8
    endloop
  endfacet
  facet normal 0.9978589232386039 -0.06540312923013807 0
    outer loop
      vertex -49.838450562854646 36.42621035949707 3
      vertex -49.838450562854646 36.42621035949707 8
      vertex -49.85 36.25 8
    endloop
  endfacet
  facet normal 0.9807852804032264 -0.1950903220161479 0
    outer loop
      vertex -49.80399986549024 36.599405710888405 3
      vertex -49.80399986549024 36.599405710888405 8
      vertex -49.838450562854646 36.42621035949707 8
    endloop
  endfacet
  facet normal 0.8314696123025593 0.5555702330195811 0
    outer loop
      vertex -49.66913429510899 35.575 3
      vertex -49.66913429510899 35.575 8
      vertex -49.57102700939317 35.42817207083823 8
    endloop
  endfacet
  facet normal 0.7518398074789937 0.6593458151000504 0
    outer loop
      vertex -49.54737942544469 35.401207169331315 8
      vertex -49.57102700939317 35.42817207083823 3
      vertex -49.57102700939317 35.42817207083823 8
    endloop
  endfacet
  facet normal 0.7518398074789954 0.6593458151000484 -1.7874441148732098e-17
    outer loop
      vertex -49.57102700939317 35.42817207083823 3
      vertex -49.54737942544469 35.401207169331315 8
      vertex -49.45459415460184 35.29540584539816 8
    endloop
  endfacet
  facet normal 0.6593458151000489 0.751839807478995 0
    outer loop
      vertex -49.45459415460184 35.29540584539816 3
      vertex -49.45459415460184 35.29540584539816 8
      vertex -49.32182792916177 35.17897299060683 8
    endloop
  endfacet
  facet normal 0.8968727415326764 0.44228869021902534 0
    outer loop
      vertex -49.74723736889024 35.73337736630713 3
      vertex -49.74723736889024 35.73337736630713 8
      vertex -49.66913429510899 35.575 8
    endloop
  endfacet
  facet normal 0.9469301294951099 -0.32143946530314904 0
    outer loop
      vertex -49.74723736889024 36.76662263369287 3
      vertex -49.74723736889024 36.76662263369287 8
      vertex -49.80399986549024 36.599405710888405 8
    endloop
  endfacet
  facet normal 0.8968727415326764 -0.44228869021902534 0
    outer loop
      vertex -49.66913429510899 36.925 3
      vertex -49.66913429510899 36.925 8
      vertex -49.74723736889024 36.76662263369287 8
    endloop
  endfacet
  facet normal 0.8314696123025593 -0.5555702330195811 0
    outer loop
      vertex -49.57102700939317 37.07182792916177 3
      vertex -49.57102700939317 37.07182792916177 8
      vertex -49.66913429510899 36.925 8
    endloop
  endfacet
  facet normal 0.751839807478995 -0.6593458151000489 0
    outer loop
      vertex -49.45459415460184 37.20459415460184 3
      vertex -49.45459415460184 37.20459415460184 8
      vertex -49.57102700939317 37.07182792916177 8
    endloop
  endfacet
  facet normal 0.6593458151000489 -0.751839807478995 0
    outer loop
      vertex -49.32182792916177 37.32102700939317 3
      vertex -49.32182792916177 37.32102700939317 8
      vertex -49.45459415460184 37.20459415460184 8
    endloop
  endfacet
  facet normal 0.5555702330195811 -0.8314696123025593 0
    outer loop
      vertex -49.175 37.41913429510899 3
      vertex -49.175 37.41913429510899 8
      vertex -49.32182792916177 37.32102700939317 8
    endloop
  endfacet
  facet normal 0.44228869021902534 -0.8968727415326764 0
    outer loop
      vertex -49.01662263369287 37.49723736889024 3
      vertex -49.01662263369287 37.49723736889024 8
      vertex -49.175 37.41913429510899 8
    endloop
  endfacet
  facet normal -0.751839807478995 0.6593458151000489 0
    outer loop
      vertex -47.54540584539816 35.29540584539816 3
      vertex -47.54540584539816 35.29540584539816 8
      vertex -47.42897299060683 35.42817207083823 8
    endloop
  endfacet
  facet normal -0.8314696123025593 0.5555702330195811 0
    outer loop
      vertex -47.42897299060683 35.42817207083823 3
      vertex -47.42897299060683 35.42817207083823 8
      vertex -47.33086570489101 35.575 8
    endloop
  endfacet
  facet normal -0.8968727415326764 0.44228869021902534 0
    outer loop
      vertex -47.33086570489101 35.575 3
      vertex -47.33086570489101 35.575 8
      vertex -47.25276263110976 35.73337736630713 8
    endloop
  endfacet
  facet normal 0.321439465303161 -0.9469301294951059 4.454362590824207e-16
    outer loop
      vertex -48.849405710888405 37.55399986549024 3
      vertex -48.85058124909831 37.55360082403843 8
      vertex -49.01662263369287 37.49723736889024 8
    endloop
  endfacet
  facet normal 0.3214394653014621 -0.9469301294956824 0
    outer loop
      vertex -48.85058124909831 37.55360082403843 8
      vertex -48.849405710888405 37.55399986549024 3
      vertex -48.849405710888405 37.55399986549024 8
    endloop
  endfacet
  facet normal 0.1950903220161479 -0.9807852804032264 0
    outer loop
      vertex -48.67621035949707 37.588450562854646 3
      vertex -48.67621035949707 37.588450562854646 8
      vertex -48.849405710888405 37.55399986549024 8
    endloop
  endfacet
  facet normal 0.06540312923013807 -0.9978589232386039 0
    outer loop
      vertex -48.5 37.6 3
      vertex -48.5 37.6 8
      vertex -48.67621035949707 37.588450562854646 8
    endloop
  endfacet
  facet normal -0.06540312923013807 -0.9978589232386039 0
    outer loop
      vertex -48.32378964050293 37.588450562854646 3
      vertex -48.32378964050293 37.588450562854646 8
      vertex -48.5 37.6 8
    endloop
  endfacet
  facet normal -0.1950903220161479 -0.9807852804032264 0
    outer loop
      vertex -48.150594289111595 37.55399986549024 3
      vertex -48.150594289111595 37.55399986549024 8
      vertex -48.32378964050293 37.588450562854646 8
    endloop
  endfacet
  facet normal -0.44228869021902534 -0.8968727415326764 0
    outer loop
      vertex -47.825 37.41913429510899 3
      vertex -47.825 37.41913429510899 8
      vertex -47.98337736630713 37.49723736889024 8
    endloop
  endfacet
  facet normal -0.5555702330195811 -0.8314696123025593 0
    outer loop
      vertex -47.67817207083823 37.32102700939317 3
      vertex -47.67817207083823 37.32102700939317 8
      vertex -47.825 37.41913429510899 8
    endloop
  endfacet
  facet normal -0.8968727415326764 -0.44228869021902534 0
    outer loop
      vertex -47.25276263110976 36.76662263369287 3
      vertex -47.25276263110976 36.76662263369287 8
      vertex -47.33086570489101 36.925 8
    endloop
  endfacet
  facet normal -0.8314696123025314 -0.555570233019623 1.784076538423987e-15
    outer loop
      vertex -47.33086570489101 36.925 3
      vertex -47.376141289191224 36.99275970037176 8
      vertex -47.42897299060683 37.07182792916177 8
    endloop
  endfacet
  facet normal -0.8314696123025921 -0.555570233019532 0
    outer loop
      vertex -47.376141289191224 36.99275970037176 8
      vertex -47.33086570489101 36.925 3
      vertex -47.33086570489101 36.925 8
    endloop
  endfacet
  facet normal -0.6593458151000489 -0.751839807478995 0
    outer loop
      vertex -47.54540584539816 37.20459415460184 3
      vertex -47.54540584539816 37.20459415460184 8
      vertex -47.67817207083823 37.32102700939317 8
    endloop
  endfacet
  facet normal -0.751839807478995 -0.6593458151000489 0
    outer loop
      vertex -47.42897299060683 37.07182792916177 3
      vertex -47.42897299060683 37.07182792916177 8
      vertex -47.54540584539816 37.20459415460184 8
    endloop
  endfacet
  facet normal -0.32143946530314904 -0.9469301294951099 0
    outer loop
      vertex -47.98337736630713 37.49723736889024 3
      vertex -47.98337736630713 37.49723736889024 8
      vertex -48.150594289111595 37.55399986549024 8
    endloop
  endfacet
  facet normal -0.9469301294951099 0.32143946530314904 0
    outer loop
      vertex -47.25276263110976 35.73337736630713 3
      vertex -47.25276263110976 35.73337736630713 8
      vertex -47.19600013450976 35.900594289111595 8
    endloop
  endfacet
  facet normal -0.9807852804032264 0.1950903220161479 0
    outer loop
      vertex -47.19600013450976 35.900594289111595 3
      vertex -47.19600013450976 35.900594289111595 8
      vertex -47.161549437145354 36.07378964050293 8
    endloop
  endfacet
  facet normal -0.9978589232386039 0.06540312923013807 0
    outer loop
      vertex -47.161549437145354 36.07378964050293 3
      vertex -47.161549437145354 36.07378964050293 8
      vertex -47.15 36.25 8
    endloop
  endfacet
  facet normal -0.9978589232386039 -0.06540312923013807 0
    outer loop
      vertex -47.15 36.25 3
      vertex -47.15 36.25 8
      vertex -47.161549437145354 36.42621035949707 8
    endloop
  endfacet
  facet normal -0.9807852804032264 -0.1950903220161479 0
    outer loop
      vertex -47.161549437145354 36.42621035949707 3
      vertex -47.161549437145354 36.42621035949707 8
      vertex -47.19600013450976 36.599405710888405 8
    endloop
  endfacet
  facet normal -0.9469301294951099 -0.32143946530314904 0
    outer loop
      vertex -47.19600013450976 36.599405710888405 3
      vertex -47.19600013450976 36.599405710888405 8
      vertex -47.25276263110976 36.76662263369287 8
    endloop
  endfacet
  facet normal 0 0 1
    outer loop
      vertex 47.25276263110976 -36.76662263369287 3
      vertex 47.25276263110976 -35.73337736630713 3
      vertex 47.19600013450976 -36.599405710888405 3
    endloop
  endfacet
  facet normal 0 0 1
    outer loop
      vertex 47.19600013450976 -36.599405710888405 3
      vertex 47.19600013450976 -35.900594289111595 3
      vertex 47.161549437145354 -36.42621035949707 3
    endloop
  endfacet
  facet normal 0 0 1
    outer loop
      vertex 47.161549437145354 -36.42621035949707 3
      vertex 47.161549437145354 -36.07378964050293 3
      vertex 47.15 -36.25 3
    endloop
  endfacet
  facet normal 0 0 1
    outer loop
      vertex 47.161549437145354 -36.42621035949707 3
      vertex 47.19600013450976 -35.900594289111595 3
      vertex 47.161549437145354 -36.07378964050293 3
    endloop
  endfacet
  facet normal 0 0 1
    outer loop
      vertex 47.19600013450976 -36.599405710888405 3
      vertex 47.25276263110976 -35.73337736630713 3
      vertex 47.19600013450976 -35.900594289111595 3
    endloop
  endfacet
  facet normal 0.9469301294951099 0.32143946530314904 0
    outer loop
      vertex 47.25276263110976 -36.76662263369287 3
      vertex 47.19600013450976 -36.599405710888405 3
      vertex 47.25276263110976 -36.76662263369287 8
    endloop
  endfacet
  facet normal 0.9807852804032264 0.1950903220161479 0
    outer loop
      vertex 47.19600013450976 -36.599405710888405 3
      vertex 47.161549437145354 -36.42621035949707 3
      vertex 47.19600013450976 -36.599405710888405 8
    endloop
  endfacet
  facet normal 0.9978589232386039 0.06540312923013807 0
    outer loop
      vertex 47.161549437145354 -36.42621035949707 3
      vertex 47.15 -36.25 3
      vertex 47.161549437145354 -36.42621035949707 8
    endloop
  endfacet
  facet normal 0.9978589232386039 -0.06540312923013807 0
    outer loop
      vertex 47.15 -36.25 3
      vertex 47.161549437145354 -36.07378964050293 3
      vertex 47.15 -36.25 8
    endloop
  endfacet
  facet normal 0.9807852804032264 -0.1950903220161479 0
    outer loop
      vertex 47.161549437145354 -36.07378964050293 3
      vertex 47.19600013450976 -35.900594289111595 3
      vertex 47.161549437145354 -36.07378964050293 8
    endloop
  endfacet
  facet normal 0.9469301294951099 -0.32143946530314904 0
    outer loop
      vertex 47.19600013450976 -35.900594289111595 3
      vertex 47.25276263110976 -35.73337736630713 3
      vertex 47.19600013450976 -35.900594289111595 8
    endloop
  endfacet
  facet normal 0 0 1
    outer loop
      vertex 47.33086570489101 -36.925 3
      vertex 47.33086570489101 -35.575 3
      vertex 47.25276263110976 -36.76662263369287 3
    endloop
  endfacet
  facet normal 0 0 1
    outer loop
      vertex 47.33086570489101 -36.925 3
      vertex 47.42897299060683 -37.07182792916177 3
      vertex 47.42897299060683 -35.42817207083823 3
    endloop
  endfacet
  facet normal 0 0 1
    outer loop
      vertex 47.67817207083823 -37.32102700939317 3
      vertex 47.67817207083823 -35.17897299060683 3
      vertex 47.54540584539816 -37.20459415460184 3
    endloop
  endfacet
  facet normal 0 0 1
    outer loop
      vertex 47.54540584539816 -37.20459415460184 3
      vertex 47.54540584539816 -35.29540584539816 3
      vertex 47.42897299060683 -37.07182792916177 3
    endloop
  endfacet
  facet normal 0 0 1
    outer loop
      vertex 47.25276263110976 -36.76662263369287 3
      vertex 47.33086570489101 -35.575 3
      vertex 47.25276263110976 -35.73337736630713 3
    endloop
  endfacet
  facet normal 0 0 1
    outer loop
      vertex 47.67817207083823 -37.32102700939317 3
      vertex 47.825 -37.41913429510899 3
      vertex 47.825 -35.08086570489101 3
    endloop
  endfacet
  facet normal 0 0 1
    outer loop
      vertex 47.825 -37.41913429510899 3
      vertex 47.98337736630713 -37.49723736889024 3
      vertex 47.98337736630713 -35.00276263110976 3
    endloop
  endfacet
  facet normal 0 0 1
    outer loop
      vertex 47.33086570489101 -36.925 3
      vertex 47.42897299060683 -35.42817207083823 3
      vertex 47.33086570489101 -35.575 3
    endloop
  endfacet
  facet normal 0 0 1
    outer loop
      vertex 47.42897299060683 -37.07182792916177 3
      vertex 47.54540584539816 -35.29540584539816 3
      vertex 47.42897299060683 -35.42817207083823 3
    endloop
  endfacet
  facet normal 0 0 1
    outer loop
      vertex 47.54540584539816 -37.20459415460184 3
      vertex 47.67817207083823 -35.17897299060683 3
      vertex 47.54540584539816 -35.29540584539816 3
    endloop
  endfacet
  facet normal 0 0 1
    outer loop
      vertex 47.67817207083823 -37.32102700939317 3
      vertex 47.825 -35.08086570489101 3
      vertex 47.67817207083823 -35.17897299060683 3
    endloop
  endfacet
  facet normal 0 0 1
    outer loop
      vertex 47.825 -37.41913429510899 3
      vertex 47.98337736630713 -35.00276263110976 3
      vertex 47.825 -35.08086570489101 3
    endloop
  endfacet
  facet normal 0 0 1
    outer loop
      vertex 47.98337736630713 -37.49723736889024 3
      vertex 48.150594289111595 -34.94600013450976 3
      vertex 47.98337736630713 -35.00276263110976 3
    endloop
  endfacet
  facet normal 0 0 1
    outer loop
      vertex 47.98337736630713 -37.49723736889024 3
      vertex 48.150594289111595 -37.55399986549024 3
      vertex 48.150594289111595 -34.94600013450976 3
    endloop
  endfacet
  facet normal 0 0 1
    outer loop
      vertex 48.150594289111595 -37.55399986549024 3
      vertex 48.32378964050293 -37.588450562854646 3
      vertex 48.32378964050293 -34.911549437145354 3
    endloop
  endfacet
  facet normal 0 0 1
    outer loop
      vertex 48.32378964050293 -37.588450562854646 3
      vertex 48.5 -37.6 3
      vertex 48.5 -34.9 3
    endloop
  endfacet
  facet normal 0 0 1
    outer loop
      vertex 48.5 -37.6 3
      vertex 48.67621035949707 -37.588450562854646 3
      vertex 48.67621035949707 -34.911549437145354 3
    endloop
  endfacet
  facet normal 0 0 1
    outer loop
      vertex 48.67621035949707 -37.588450562854646 3
      vertex 48.849405710888405 -37.55399986549024 3
      vertex 48.849405710888405 -34.94600013450976 3
    endloop
  endfacet
  facet normal 0 0 1
    outer loop
      vertex 48.150594289111595 -37.55399986549024 3
      vertex 48.32378964050293 -34.911549437145354 3
      vertex 48.150594289111595 -34.94600013450976 3
    endloop
  endfacet
  facet normal 0 0 1
    outer loop
      vertex 48.32378964050293 -37.588450562854646 3
      vertex 48.5 -34.9 3
      vertex 48.32378964050293 -34.911549437145354 3
    endloop
  endfacet
  facet normal 0 0 1
    outer loop
      vertex 48.5 -37.6 3
      vertex 48.67621035949707 -34.911549437145354 3
      vertex 48.5 -34.9 3
    endloop
  endfacet
  facet normal 0 0 1
    outer loop
      vertex 48.67621035949707 -37.588450562854646 3
      vertex 48.849405710888405 -34.94600013450976 3
      vertex 48.67621035949707 -34.911549437145354 3
    endloop
  endfacet
  facet normal 0 0 1
    outer loop
      vertex 48.849405710888405 -37.55399986549024 3
      vertex 49.01662263369287 -35.00276263110976 3
      vertex 48.849405710888405 -34.94600013450976 3
    endloop
  endfacet
  facet normal 0 0 1
    outer loop
      vertex 48.849405710888405 -37.55399986549024 3
      vertex 49.01662263369287 -37.49723736889024 3
      vertex 49.01662263369287 -35.00276263110976 3
    endloop
  endfacet
  facet normal 0 0 1
    outer loop
      vertex 49.01662263369287 -37.49723736889024 3
      vertex 49.175 -37.41913429510899 3
      vertex 49.175 -35.08086570489101 3
    endloop
  endfacet
  facet normal 0 0 1
    outer loop
      vertex 49.175 -37.41913429510899 3
      vertex 49.32182792916177 -37.32102700939317 3
      vertex 49.32182792916177 -35.17897299060683 3
    endloop
  endfacet
  facet normal 0 0 1
    outer loop
      vertex 49.32182792916177 -37.32102700939317 3
      vertex 49.45459415460184 -37.20459415460184 3
      vertex 49.45459415460184 -35.29540584539816 3
    endloop
  endfacet
  facet normal 0 0 1
    outer loop
      vertex 49.45459415460184 -37.20459415460184 3
      vertex 49.57102700939317 -37.07182792916177 3
      vertex 49.57102700939317 -35.42817207083823 3
    endloop
  endfacet
  facet normal 0 0 1
    outer loop
      vertex 49.57102700939317 -37.07182792916177 3
      vertex 49.66913429510899 -36.925 3
      vertex 49.66913429510899 -35.575 3
    endloop
  endfacet
  facet normal 0 0 1
    outer loop
      vertex 49.66913429510899 -36.925 3
      vertex 49.74723736889024 -36.76662263369287 3
      vertex 49.74723736889024 -35.73337736630713 3
    endloop
  endfacet
  facet normal 0 0 1
    outer loop
      vertex 49.57102700939317 -37.07182792916177 3
      vertex 49.66913429510899 -35.575 3
      vertex 49.57102700939317 -35.42817207083823 3
    endloop
  endfacet
  facet normal 0 0 1
    outer loop
      vertex 49.74723736889024 -36.76662263369287 3
      vertex 49.80399986549024 -35.900594289111595 3
      vertex 49.74723736889024 -35.73337736630713 3
    endloop
  endfacet
  facet normal 0 0 1
    outer loop
      vertex 49.66913429510899 -36.925 3
      vertex 49.74723736889024 -35.73337736630713 3
      vertex 49.66913429510899 -35.575 3
    endloop
  endfacet
  facet normal 0 0 1
    outer loop
      vertex 49.01662263369287 -37.49723736889024 3
      vertex 49.175 -35.08086570489101 3
      vertex 49.01662263369287 -35.00276263110976 3
    endloop
  endfacet
  facet normal 0 0 1
    outer loop
      vertex 49.175 -37.41913429510899 3
      vertex 49.32182792916177 -35.17897299060683 3
      vertex 49.175 -35.08086570489101 3
    endloop
  endfacet
  facet normal 0 0 1
    outer loop
      vertex 49.32182792916177 -37.32102700939317 3
      vertex 49.45459415460184 -35.29540584539816 3
      vertex 49.32182792916177 -35.17897299060683 3
    endloop
  endfacet
  facet normal 0 0 1
    outer loop
      vertex 49.45459415460184 -37.20459415460184 3
      vertex 49.57102700939317 -35.42817207083823 3
      vertex 49.45459415460184 -35.29540584539816 3
    endloop
  endfacet
  facet normal 0 0 1
    outer loop
      vertex 49.74723736889024 -36.76662263369287 3
      vertex 49.80399986549024 -36.599405710888405 3
      vertex 49.80399986549024 -35.900594289111595 3
    endloop
  endfacet
  facet normal 0 0 1
    outer loop
      vertex 49.80399986549024 -36.599405710888405 3
      vertex 49.838450562854646 -36.42621035949707 3
      vertex 49.838450562854646 -36.07378964050293 3
    endloop
  endfacet
  facet normal 0 0 1
    outer loop
      vertex 49.838450562854646 -36.42621035949707 3
      vertex 49.85 -36.25 3
      vertex 49.838450562854646 -36.07378964050293 3
    endloop
  endfacet
  facet normal 0 0 1
    outer loop
      vertex 49.80399986549024 -36.599405710888405 3
      vertex 49.838450562854646 -36.07378964050293 3
      vertex 49.80399986549024 -35.900594289111595 3
    endloop
  endfacet
  facet normal 0.44228869021902534 0.8968727415326764 0
    outer loop
      vertex 47.825 -37.41913429510899 3
      vertex 47.98337736630713 -37.49723736889024 8
      vertex 47.98337736630713 -37.49723736889024 3
    endloop
  endfacet
  facet normal 0.6593458151000489 0.751839807478995 0
    outer loop
      vertex 47.67817207083823 -37.32102700939317 3
      vertex 47.54540584539816 -37.20459415460184 3
      vertex 47.67817207083823 -37.32102700939317 8
    endloop
  endfacet
  facet normal 0.751839807478995 0.6593458151000489 0
    outer loop
      vertex 47.54540584539816 -37.20459415460184 3
      vertex 47.42897299060683 -37.07182792916177 3
      vertex 47.54540584539816 -37.20459415460184 8
    endloop
  endfacet
  facet normal 0.8314696123025593 0.5555702330195811 0
    outer loop
      vertex 47.33086570489101 -36.925 3
      vertex 47.42897299060683 -37.07182792916177 8
      vertex 47.42897299060683 -37.07182792916177 3
    endloop
  endfacet
  facet normal 0.8968727415326764 0.44228869021902534 0
    outer loop
      vertex 47.33086570489101 -36.925 3
      vertex 47.25276263110976 -36.76662263369287 3
      vertex 47.33086570489101 -36.925 8
    endloop
  endfacet
  facet normal 0.5555702330195811 0.8314696123025593 0
    outer loop
      vertex 47.67817207083823 -37.32102700939317 3
      vertex 47.825 -37.41913429510899 8
      vertex 47.825 -37.41913429510899 3
    endloop
  endfacet
  facet normal 0.32143946530314904 0.9469301294951099 0
    outer loop
      vertex 47.98337736630713 -37.49723736889024 3
      vertex 48.150594289111595 -37.55399986549024 8
      vertex 48.150594289111595 -37.55399986549024 3
    endloop
  endfacet
  facet normal 0.1950903220161479 0.9807852804032264 0
    outer loop
      vertex 48.150594289111595 -37.55399986549024 3
      vertex 48.32378964050293 -37.588450562854646 8
      vertex 48.32378964050293 -37.588450562854646 3
    endloop
  endfacet
  facet normal 0.06540312923013807 0.9978589232386039 0
    outer loop
      vertex 48.32378964050293 -37.588450562854646 3
      vertex 48.5 -37.6 8
      vertex 48.5 -37.6 3
    endloop
  endfacet
  facet normal -0.06540312923013807 0.9978589232386039 0
    outer loop
      vertex 48.5 -37.6 3
      vertex 48.67621035949707 -37.588450562854646 8
      vertex 48.67621035949707 -37.588450562854646 3
    endloop
  endfacet
  facet normal -0.1950903220161479 0.9807852804032264 0
    outer loop
      vertex 48.67621035949707 -37.588450562854646 3
      vertex 48.849405710888405 -37.55399986549024 8
      vertex 48.849405710888405 -37.55399986549024 3
    endloop
  endfacet
  facet normal 0.8968727415326764 -0.44228869021902534 0
    outer loop
      vertex 47.25276263110976 -35.73337736630713 3
      vertex 47.33086570489101 -35.575 3
      vertex 47.25276263110976 -35.73337736630713 8
    endloop
  endfacet
  facet normal 0.8314696123025593 -0.5555702330195811 0
    outer loop
      vertex 47.33086570489101 -35.575 3
      vertex 47.42897299060683 -35.42817207083823 3
      vertex 47.33086570489101 -35.575 8
    endloop
  endfacet
  facet normal 0.751839807478995 -0.6593458151000489 0
    outer loop
      vertex 47.42897299060683 -35.42817207083823 3
      vertex 47.54540584539816 -35.29540584539816 3
      vertex 47.42897299060683 -35.42817207083823 8
    endloop
  endfacet
  facet normal 0.6593458151000489 -0.751839807478995 0
    outer loop
      vertex 47.54540584539816 -35.29540584539816 3
      vertex 47.67817207083823 -35.17897299060683 3
      vertex 47.54540584539816 -35.29540584539816 8
    endloop
  endfacet
  facet normal -0.32143946530314904 0.9469301294951099 0
    outer loop
      vertex 48.849405710888405 -37.55399986549024 3
      vertex 49.01662263369287 -37.49723736889024 8
      vertex 49.01662263369287 -37.49723736889024 3
    endloop
  endfacet
  facet normal -0.44228869021902534 0.8968727415326764 0
    outer loop
      vertex 49.01662263369287 -37.49723736889024 3
      vertex 49.175 -37.41913429510899 8
      vertex 49.175 -37.41913429510899 3
    endloop
  endfacet
  facet normal -0.5555702330195811 0.8314696123025593 0
    outer loop
      vertex 49.175 -37.41913429510899 3
      vertex 49.32182792916177 -37.32102700939317 8
      vertex 49.32182792916177 -37.32102700939317 3
    endloop
  endfacet
  facet normal -0.6593458151000489 0.751839807478995 0
    outer loop
      vertex 49.32182792916177 -37.32102700939317 3
      vertex 49.45459415460184 -37.20459415460184 8
      vertex 49.45459415460184 -37.20459415460184 3
    endloop
  endfacet
  facet normal -0.751839807478995 0.6593458151000489 0
    outer loop
      vertex 49.45459415460184 -37.20459415460184 3
      vertex 49.57102700939317 -37.07182792916177 8
      vertex 49.57102700939317 -37.07182792916177 3
    endloop
  endfacet
  facet normal -0.8314696123025593 0.5555702330195811 0
    outer loop
      vertex 49.57102700939317 -37.07182792916177 3
      vertex 49.66913429510899 -36.925 8
      vertex 49.66913429510899 -36.925 3
    endloop
  endfacet
  facet normal -0.8968727415326764 0.44228869021902534 0
    outer loop
      vertex 49.66913429510899 -36.925 3
      vertex 49.74723736889024 -36.76662263369287 8
      vertex 49.74723736889024 -36.76662263369287 3
    endloop
  endfacet
  facet normal -0.9469301294951099 -0.32143946530314904 0
    outer loop
      vertex 49.80399986549024 -35.900594289111595 3
      vertex 49.74723736889024 -35.73337736630713 8
      vertex 49.74723736889024 -35.73337736630713 3
    endloop
  endfacet
  facet normal -0.8968727415326764 -0.44228869021902534 0
    outer loop
      vertex 49.74723736889024 -35.73337736630713 3
      vertex 49.66913429510899 -35.575 8
      vertex 49.66913429510899 -35.575 3
    endloop
  endfacet
  facet normal -0.751839807478995 -0.6593458151000489 0
    outer loop
      vertex 49.57102700939317 -35.42817207083823 3
      vertex 49.45459415460184 -35.29540584539816 8
      vertex 49.45459415460184 -35.29540584539816 3
    endloop
  endfacet
  facet normal -0.8314696123025593 -0.5555702330195811 0
    outer loop
      vertex 49.66913429510899 -35.575 3
      vertex 49.57102700939317 -35.42817207083823 8
      vertex 49.57102700939317 -35.42817207083823 3
    endloop
  endfacet
  facet normal -0.9469301294951099 0.32143946530314904 0
    outer loop
      vertex 49.74723736889024 -36.76662263369287 3
      vertex 49.80399986549024 -36.599405710888405 8
      vertex 49.80399986549024 -36.599405710888405 3
    endloop
  endfacet
  facet normal -0.9807852804032264 0.1950903220161479 0
    outer loop
      vertex 49.80399986549024 -36.599405710888405 3
      vertex 49.838450562854646 -36.42621035949707 8
      vertex 49.838450562854646 -36.42621035949707 3
    endloop
  endfacet
  facet normal -0.9978589232386039 0.06540312923013807 0
    outer loop
      vertex 49.838450562854646 -36.42621035949707 3
      vertex 49.85 -36.25 8
      vertex 49.85 -36.25 3
    endloop
  endfacet
  facet normal -0.9978589232386039 -0.06540312923013807 0
    outer loop
      vertex 49.85 -36.25 3
      vertex 49.838450562854646 -36.07378964050293 8
      vertex 49.838450562854646 -36.07378964050293 3
    endloop
  endfacet
  facet normal -0.9807852804032264 -0.1950903220161479 0
    outer loop
      vertex 49.838450562854646 -36.07378964050293 3
      vertex 49.80399986549024 -35.900594289111595 8
      vertex 49.80399986549024 -35.900594289111595 3
    endloop
  endfacet
  facet normal 0.9469301294951099 0.32143946530314904 0
    outer loop
      vertex 47.19600013450976 -36.599405710888405 3
      vertex 47.19600013450976 -36.599405710888405 8
      vertex 47.25276263110976 -36.76662263369287 8
    endloop
  endfacet
  facet normal 0.9807852804032264 0.1950903220161479 0
    outer loop
      vertex 47.161549437145354 -36.42621035949707 3
      vertex 47.161549437145354 -36.42621035949707 8
      vertex 47.19600013450976 -36.599405710888405 8
    endloop
  endfacet
  facet normal 0.9978589232386039 0.06540312923013807 0
    outer loop
      vertex 47.15 -36.25 3
      vertex 47.15 -36.25 8
      vertex 47.161549437145354 -36.42621035949707 8
    endloop
  endfacet
  facet normal 0.9978589232386039 -0.06540312923013807 0
    outer loop
      vertex 47.161549437145354 -36.07378964050293 3
      vertex 47.161549437145354 -36.07378964050293 8
      vertex 47.15 -36.25 8
    endloop
  endfacet
  facet normal 0.9807852804032264 -0.1950903220161479 0
    outer loop
      vertex 47.19600013450976 -35.900594289111595 3
      vertex 47.19600013450976 -35.900594289111595 8
      vertex 47.161549437145354 -36.07378964050293 8
    endloop
  endfacet
  facet normal 0.9469301294951099 -0.32143946530314904 0
    outer loop
      vertex 47.25276263110976 -35.73337736630713 3
      vertex 47.25276263110976 -35.73337736630713 8
      vertex 47.19600013450976 -35.900594289111595 8
    endloop
  endfacet
  facet normal 0.4422886902190401 0.8968727415326692 -5.801561066902916e-16
    outer loop
      vertex 47.825 -37.41913429510899 3
      vertex 47.90721603048398 -37.459678754488614 8
      vertex 47.98337736630713 -37.49723736889024 8
    endloop
  endfacet
  facet normal 0.32143946530314904 0.9469301294951099 0
    outer loop
      vertex 47.98337736630713 -37.49723736889024 3
      vertex 47.98337736630713 -37.49723736889024 8
      vertex 48.150594289111595 -37.55399986549024 8
    endloop
  endfacet
  facet normal 0.751839807478995 0.6593458151000489 0
    outer loop
      vertex 47.42897299060683 -37.07182792916177 3
      vertex 47.42897299060683 -37.07182792916177 8
      vertex 47.54540584539816 -37.20459415460184 8
    endloop
  endfacet
  facet normal 0.6593458151000489 0.751839807478995 0
    outer loop
      vertex 47.54540584539816 -37.20459415460184 3
      vertex 47.54540584539816 -37.20459415460184 8
      vertex 47.67817207083823 -37.32102700939317 8
    endloop
  endfacet
  facet normal 0.8314696123025593 0.5555702330195811 0
    outer loop
      vertex 47.33086570489101 -36.925 3
      vertex 47.33086570489101 -36.925 8
      vertex 47.42897299060683 -37.07182792916177 8
    endloop
  endfacet
  facet normal 0.8968727415326764 0.44228869021902534 0
    outer loop
      vertex 47.25276263110976 -36.76662263369287 3
      vertex 47.25276263110976 -36.76662263369287 8
      vertex 47.33086570489101 -36.925 8
    endloop
  endfacet
  facet normal 0.5555702330195811 0.8314696123025593 0
    outer loop
      vertex 47.67817207083823 -37.32102700939317 3
      vertex 47.67817207083823 -37.32102700939317 8
      vertex 47.825 -37.41913429510899 8
    endloop
  endfacet
  facet normal 0.4422886902190117 0.8968727415326831 0
    outer loop
      vertex 47.90721603048398 -37.459678754488614 8
      vertex 47.825 -37.41913429510899 3
      vertex 47.825 -37.41913429510899 8
    endloop
  endfacet
  facet normal 0.1950903220161479 0.9807852804032264 0
    outer loop
      vertex 48.150594289111595 -37.55399986549024 3
      vertex 48.150594289111595 -37.55399986549024 8
      vertex 48.32378964050293 -37.588450562854646 8
    endloop
  endfacet
  facet normal 0.06540312923013807 0.9978589232386039 0
    outer loop
      vertex 48.32378964050293 -37.588450562854646 3
      vertex 48.32378964050293 -37.588450562854646 8
      vertex 48.5 -37.6 8
    endloop
  endfacet
  facet normal -0.06540312923013807 0.9978589232386039 0
    outer loop
      vertex 48.5 -37.6 3
      vertex 48.5 -37.6 8
      vertex 48.67621035949707 -37.588450562854646 8
    endloop
  endfacet
  facet normal -0.1950903220161479 0.9807852804032264 0
    outer loop
      vertex 48.67621035949707 -37.588450562854646 3
      vertex 48.67621035949707 -37.588450562854646 8
      vertex 48.849405710888405 -37.55399986549024 8
    endloop
  endfacet
  facet normal -0.32143946530314904 0.9469301294951099 0
    outer loop
      vertex 48.849405710888405 -37.55399986549024 3
      vertex 48.849405710888405 -37.55399986549024 8
      vertex 49.01662263369287 -37.49723736889024 8
    endloop
  endfacet
  facet normal 0.8968727415326764 -0.44228869021902534 0
    outer loop
      vertex 47.33086570489101 -35.575 3
      vertex 47.33086570489101 -35.575 8
      vertex 47.25276263110976 -35.73337736630713 8
    endloop
  endfacet
  facet normal 0.8314696123025593 -0.5555702330195811 0
    outer loop
      vertex 47.42897299060683 -35.42817207083823 3
      vertex 47.42897299060683 -35.42817207083823 8
      vertex 47.33086570489101 -35.575 8
    endloop
  endfacet
  facet normal 0.7518398074789988 -0.6593458151000442 2.1221863542457867e-16
    outer loop
      vertex 47.54540584539816 -35.29540584539816 3
      vertex 47.48179149114585 -35.36794411402537 8
      vertex 47.42897299060683 -35.42817207083823 8
    endloop
  endfacet
  facet normal 0.7518398074789917 -0.6593458151000525 0
    outer loop
      vertex 47.48179149114585 -35.36794411402537 8
      vertex 47.54540584539816 -35.29540584539816 3
      vertex 47.54540584539816 -35.29540584539816 8
    endloop
  endfacet
  facet normal -0.44228869021902534 0.8968727415326764 0
    outer loop
      vertex 49.01662263369287 -37.49723736889024 3
      vertex 49.01662263369287 -37.49723736889024 8
      vertex 49.175 -37.41913429510899 8
    endloop
  endfacet
  facet normal -0.5555702330195811 0.8314696123025593 0
    outer loop
      vertex 49.175 -37.41913429510899 3
      vertex 49.175 -37.41913429510899 8
      vertex 49.32182792916177 -37.32102700939317 8
    endloop
  endfacet
  facet normal -0.6593458151000489 0.751839807478995 0
    outer loop
      vertex 49.32182792916177 -37.32102700939317 3
      vertex 49.32182792916177 -37.32102700939317 8
      vertex 49.45459415460184 -37.20459415460184 8
    endloop
  endfacet
  facet normal -0.751839807478995 0.6593458151000489 0
    outer loop
      vertex 49.45459415460184 -37.20459415460184 3
      vertex 49.45459415460184 -37.20459415460184 8
      vertex 49.57102700939317 -37.07182792916177 8
    endloop
  endfacet
  facet normal -0.8314696123025593 0.5555702330195811 0
    outer loop
      vertex 49.57102700939317 -37.07182792916177 3
      vertex 49.57102700939317 -37.07182792916177 8
      vertex 49.66913429510899 -36.925 8
    endloop
  endfacet
  facet normal -0.8968727415326764 0.44228869021902534 0
    outer loop
      vertex 49.66913429510899 -36.925 3
      vertex 49.66913429510899 -36.925 8
      vertex 49.74723736889024 -36.76662263369287 8
    endloop
  endfacet
  facet normal -0.9469301294951099 0.32143946530314904 0
    outer loop
      vertex 49.74723736889024 -36.76662263369287 3
      vertex 49.74723736889024 -36.76662263369287 8
      vertex 49.80399986549024 -36.599405710888405 8
    endloop
  endfacet
  facet normal -0.8968727415326764 -0.44228869021902534 0
    outer loop
      vertex 49.74723736889024 -35.73337736630713 3
      vertex 49.74723736889024 -35.73337736630713 8
      vertex 49.66913429510899 -35.575 8
    endloop
  endfacet
  facet normal -0.6593458151000489 -0.751839807478995 0
    outer loop
      vertex 49.45459415460184 -35.29540584539816 3
      vertex 49.45459415460184 -35.29540584539816 8
      vertex 49.32182792916177 -35.17897299060683 8
    endloop
  endfacet
  facet normal -0.7518398074789836 -0.6593458151000617 0
    outer loop
      vertex 49.49829653216317 -35.34523885620918 8
      vertex 49.57102700939317 -35.42817207083823 3
      vertex 49.57102700939317 -35.42817207083823 8
    endloop
  endfacet
  facet normal -0.7518398074790138 -0.6593458151000272 -1.0102427671756178e-15
    outer loop
      vertex 49.57102700939317 -35.42817207083823 3
      vertex 49.49829653216317 -35.34523885620918 8
      vertex 49.45459415460184 -35.29540584539816 8
    endloop
  endfacet
  facet normal -0.8314696123025593 -0.5555702330195811 0
    outer loop
      vertex 49.66913429510899 -35.575 3
      vertex 49.66913429510899 -35.575 8
      vertex 49.57102700939317 -35.42817207083823 8
    endloop
  endfacet
  facet normal -0.9807852804032264 0.1950903220161479 0
    outer loop
      vertex 49.80399986549024 -36.599405710888405 3
      vertex 49.80399986549024 -36.599405710888405 8
      vertex 49.838450562854646 -36.42621035949707 8
    endloop
  endfacet
  facet normal -0.9978589232386039 0.06540312923013807 0
    outer loop
      vertex 49.838450562854646 -36.42621035949707 3
      vertex 49.838450562854646 -36.42621035949707 8
      vertex 49.85 -36.25 8
    endloop
  endfacet
  facet normal -0.9978589232386039 -0.06540312923013807 0
    outer loop
      vertex 49.85 -36.25 3
      vertex 49.85 -36.25 8
      vertex 49.838450562854646 -36.07378964050293 8
    endloop
  endfacet
  facet normal -0.9807852804032264 -0.1950903220161479 0
    outer loop
      vertex 49.838450562854646 -36.07378964050293 3
      vertex 49.838450562854646 -36.07378964050293 8
      vertex 49.80399986549024 -35.900594289111595 8
    endloop
  endfacet
  facet normal -0.9469301294951099 -0.32143946530314904 0
    outer loop
      vertex 49.80399986549024 -35.900594289111595 3
      vertex 49.80399986549024 -35.900594289111595 8
      vertex 49.74723736889024 -35.73337736630713 8
    endloop
  endfacet
  facet normal 0.5555702330195811 -0.8314696123025593 0
    outer loop
      vertex 47.67817207083823 -35.17897299060683 3
      vertex 47.825 -35.08086570489101 3
      vertex 47.67817207083823 -35.17897299060683 8
    endloop
  endfacet
  facet normal 0.44228869021902534 -0.8968727415326764 0
    outer loop
      vertex 47.825 -35.08086570489101 3
      vertex 47.98337736630713 -35.00276263110976 3
      vertex 47.825 -35.08086570489101 8
    endloop
  endfacet
  facet normal 0.32143946530314904 -0.9469301294951099 0
    outer loop
      vertex 47.98337736630713 -35.00276263110976 3
      vertex 48.150594289111595 -34.94600013450976 3
      vertex 47.98337736630713 -35.00276263110976 8
    endloop
  endfacet
  facet normal 0.1950903220161479 -0.9807852804032264 0
    outer loop
      vertex 48.150594289111595 -34.94600013450976 3
      vertex 48.32378964050293 -34.911549437145354 3
      vertex 48.150594289111595 -34.94600013450976 8
    endloop
  endfacet
  facet normal 0.06540312923013807 -0.9978589232386039 0
    outer loop
      vertex 48.32378964050293 -34.911549437145354 3
      vertex 48.5 -34.9 3
      vertex 48.32378964050293 -34.911549437145354 8
    endloop
  endfacet
  facet normal -0.06540312923013807 -0.9978589232386039 0
    outer loop
      vertex 48.5 -34.9 3
      vertex 48.67621035949707 -34.911549437145354 3
      vertex 48.5 -34.9 8
    endloop
  endfacet
  facet normal -0.1950903220161479 -0.9807852804032264 0
    outer loop
      vertex 48.67621035949707 -34.911549437145354 3
      vertex 48.849405710888405 -34.94600013450976 3
      vertex 48.67621035949707 -34.911549437145354 8
    endloop
  endfacet
  facet normal -0.32143946530314904 -0.9469301294951099 0
    outer loop
      vertex 48.849405710888405 -34.94600013450976 3
      vertex 49.01662263369287 -35.00276263110976 3
      vertex 48.849405710888405 -34.94600013450976 8
    endloop
  endfacet
  facet normal -0.44228869021902534 -0.8968727415326764 0
    outer loop
      vertex 49.01662263369287 -35.00276263110976 3
      vertex 49.175 -35.08086570489101 3
      vertex 49.01662263369287 -35.00276263110976 8
    endloop
  endfacet
  facet normal -0.5555702330195811 -0.8314696123025593 0
    outer loop
      vertex 49.175 -35.08086570489101 3
      vertex 49.32182792916177 -35.17897299060683 3
      vertex 49.175 -35.08086570489101 8
    endloop
  endfacet
  facet normal -0.6593458151000489 -0.751839807478995 0
    outer loop
      vertex 49.32182792916177 -35.17897299060683 3
      vertex 49.45459415460184 -35.29540584539816 3
      vertex 49.32182792916177 -35.17897299060683 8
    endloop
  endfacet
  facet normal 0.6593458151000489 -0.751839807478995 0
    outer loop
      vertex 47.67817207083823 -35.17897299060683 3
      vertex 47.67817207083823 -35.17897299060683 8
      vertex 47.54540584539816 -35.29540584539816 8
    endloop
  endfacet
  facet normal 0.5555702330195811 -0.8314696123025593 0
    outer loop
      vertex 47.825 -35.08086570489101 3
      vertex 47.825 -35.08086570489101 8
      vertex 47.67817207083823 -35.17897299060683 8
    endloop
  endfacet
  facet normal 0.44228869021902534 -0.8968727415326764 0
    outer loop
      vertex 47.98337736630713 -35.00276263110976 3
      vertex 47.98337736630713 -35.00276263110976 8
      vertex 47.825 -35.08086570489101 8
    endloop
  endfacet
  facet normal 0.32143946530314904 -0.9469301294951099 0
    outer loop
      vertex 48.150594289111595 -34.94600013450976 3
      vertex 48.150594289111595 -34.94600013450976 8
      vertex 47.98337736630713 -35.00276263110976 8
    endloop
  endfacet
  facet normal 0.1950903220161479 -0.9807852804032264 0
    outer loop
      vertex 48.32378964050293 -34.911549437145354 3
      vertex 48.32378964050293 -34.911549437145354 8
      vertex 48.150594289111595 -34.94600013450976 8
    endloop
  endfacet
  facet normal 0.06540312923013807 -0.9978589232386039 0
    outer loop
      vertex 48.5 -34.9 3
      vertex 48.5 -34.9 8
      vertex 48.32378964050293 -34.911549437145354 8
    endloop
  endfacet
  facet normal -0.06540312923013807 -0.9978589232386039 0
    outer loop
      vertex 48.67621035949707 -34.911549437145354 3
      vertex 48.67621035949707 -34.911549437145354 8
      vertex 48.5 -34.9 8
    endloop
  endfacet
  facet normal -0.1950903220161479 -0.9807852804032264 0
    outer loop
      vertex 48.849405710888405 -34.94600013450976 3
      vertex 48.849405710888405 -34.94600013450976 8
      vertex 48.67621035949707 -34.911549437145354 8
    endloop
  endfacet
  facet normal -0.32143946530314904 -0.9469301294951099 0
    outer loop
      vertex 49.01662263369287 -35.00276263110976 3
      vertex 49.01662263369287 -35.00276263110976 8
      vertex 48.849405710888405 -34.94600013450976 8
    endloop
  endfacet
  facet normal -0.44228869021902534 -0.8968727415326764 0
    outer loop
      vertex 49.175 -35.08086570489101 3
      vertex 49.175 -35.08086570489101 8
      vertex 49.01662263369287 -35.00276263110976 8
    endloop
  endfacet
  facet normal -0.5555702330195811 -0.8314696123025593 0
    outer loop
      vertex 49.32182792916177 -35.17897299060683 3
      vertex 49.32182792916177 -35.17897299060683 8
      vertex 49.175 -35.08086570489101 8
    endloop
  endfacet
  facet normal 0.6593458151000489 0.751839807478995 0
    outer loop
      vertex 47.54540584539816 35.29540584539816 3
      vertex 47.67817207083823 35.17897299060683 8
      vertex 47.67817207083823 35.17897299060683 3
    endloop
  endfacet
  facet normal 0.5555702330195811 0.8314696123025593 0
    outer loop
      vertex 47.67817207083823 35.17897299060683 3
      vertex 47.825 35.08086570489101 8
      vertex 47.825 35.08086570489101 3
    endloop
  endfacet
  facet normal 0.44228869021902534 0.8968727415326764 0
    outer loop
      vertex 47.825 35.08086570489101 3
      vertex 47.98337736630713 35.00276263110976 8
      vertex 47.98337736630713 35.00276263110976 3
    endloop
  endfacet
  facet normal 0.32143946530314904 0.9469301294951099 0
    outer loop
      vertex 48.150594289111595 34.94600013450976 3
      vertex 47.98337736630713 35.00276263110976 3
      vertex 48.150594289111595 34.94600013450976 8
    endloop
  endfacet
  facet normal 0.1950903220161479 0.9807852804032264 0
    outer loop
      vertex 48.150594289111595 34.94600013450976 3
      vertex 48.32378964050293 34.911549437145354 8
      vertex 48.32378964050293 34.911549437145354 3
    endloop
  endfacet
  facet normal 0.06540312923013807 0.9978589232386039 0
    outer loop
      vertex 48.32378964050293 34.911549437145354 3
      vertex 48.5 34.9 8
      vertex 48.5 34.9 3
    endloop
  endfacet
  facet normal -0.06540312923013807 0.9978589232386039 0
    outer loop
      vertex 48.5 34.9 3
      vertex 48.67621035949707 34.911549437145354 8
      vertex 48.67621035949707 34.911549437145354 3
    endloop
  endfacet
  facet normal -0.1950903220161479 0.9807852804032264 0
    outer loop
      vertex 48.67621035949707 34.911549437145354 3
      vertex 48.849405710888405 34.94600013450976 8
      vertex 48.849405710888405 34.94600013450976 3
    endloop
  endfacet
  facet normal -0.32143946530314904 0.9469301294951099 0
    outer loop
      vertex 48.849405710888405 34.94600013450976 3
      vertex 49.01662263369287 35.00276263110976 8
      vertex 49.01662263369287 35.00276263110976 3
    endloop
  endfacet
  facet normal -0.44228869021902534 0.8968727415326764 0
    outer loop
      vertex 49.01662263369287 35.00276263110976 3
      vertex 49.175 35.08086570489101 8
      vertex 49.175 35.08086570489101 3
    endloop
  endfacet
  facet normal -0.5555702330195811 0.8314696123025593 0
    outer loop
      vertex 49.175 35.08086570489101 3
      vertex 49.32182792916177 35.17897299060683 8
      vertex 49.32182792916177 35.17897299060683 3
    endloop
  endfacet
  facet normal 0.44228869021904443 0.896872741532667 0
    outer loop
      vertex 47.972636980685806 35.008059203152726 8
      vertex 47.825 35.08086570489101 3
      vertex 47.825 35.08086570489101 8
    endloop
  endfacet
  facet normal 0.5555702330195811 0.8314696123025593 0
    outer loop
      vertex 47.67817207083823 35.17897299060683 3
      vertex 47.67817207083823 35.17897299060683 8
      vertex 47.825 35.08086570489101 8
    endloop
  endfacet
  facet normal 0.4422886902187632 0.8968727415328056 1.0313859234135815e-14
    outer loop
      vertex 47.825 35.08086570489101 3
      vertex 47.972636980685806 35.008059203152726 8
      vertex 47.98337736630713 35.00276263110976 8
    endloop
  endfacet
  facet normal 0.32143946530314904 0.9469301294951099 0
    outer loop
      vertex 47.98337736630713 35.00276263110976 3
      vertex 47.98337736630713 35.00276263110976 8
      vertex 48.150594289111595 34.94600013450976 8
    endloop
  endfacet
  facet normal 0.1950903220161479 0.9807852804032264 0
    outer loop
      vertex 48.150594289111595 34.94600013450976 3
      vertex 48.150594289111595 34.94600013450976 8
      vertex 48.32378964050293 34.911549437145354 8
    endloop
  endfacet
  facet normal 0.06540312923013807 0.9978589232386039 0
    outer loop
      vertex 48.32378964050293 34.911549437145354 3
      vertex 48.32378964050293 34.911549437145354 8
      vertex 48.5 34.9 8
    endloop
  endfacet
  facet normal -0.06540312923013807 0.9978589232386039 0
    outer loop
      vertex 48.5 34.9 3
      vertex 48.5 34.9 8
      vertex 48.67621035949707 34.911549437145354 8
    endloop
  endfacet
  facet normal -0.1950903220161479 0.9807852804032264 0
    outer loop
      vertex 48.67621035949707 34.911549437145354 3
      vertex 48.67621035949707 34.911549437145354 8
      vertex 48.849405710888405 34.94600013450976 8
    endloop
  endfacet
  facet normal -0.32143946530314904 0.9469301294951099 0
    outer loop
      vertex 48.849405710888405 34.94600013450976 3
      vertex 48.849405710888405 34.94600013450976 8
      vertex 49.01662263369287 35.00276263110976 8
    endloop
  endfacet
  facet normal -0.44228869021902534 0.8968727415326764 0
    outer loop
      vertex 49.01662263369287 35.00276263110976 3
      vertex 49.01662263369287 35.00276263110976 8
      vertex 49.175 35.08086570489101 8
    endloop
  endfacet
  facet normal -0.5555702330195811 0.8314696123025593 0
    outer loop
      vertex 49.175 35.08086570489101 3
      vertex 49.175 35.08086570489101 8
      vertex 49.32182792916177 35.17897299060683 8
    endloop
  endfacet
  facet normal -0.6593458151000489 0.751839807478995 0
    outer loop
      vertex 49.32182792916177 35.17897299060683 3
      vertex 49.32182792916177 35.17897299060683 8
      vertex 49.45459415460184 35.29540584539816 8
    endloop
  endfacet
  facet normal 0 0 1
    outer loop
      vertex 47.25276263110976 35.73337736630713 3
      vertex 47.25276263110976 36.76662263369287 3
      vertex 47.19600013450976 35.900594289111595 3
    endloop
  endfacet
  facet normal 0 0 1
    outer loop
      vertex 47.19600013450976 35.900594289111595 3
      vertex 47.19600013450976 36.599405710888405 3
      vertex 47.161549437145354 36.07378964050293 3
    endloop
  endfacet
  facet normal 0 0 1
    outer loop
      vertex 47.161549437145354 36.07378964050293 3
      vertex 47.161549437145354 36.42621035949707 3
      vertex 47.15 36.25 3
    endloop
  endfacet
  facet normal 0 0 1
    outer loop
      vertex 47.161549437145354 36.07378964050293 3
      vertex 47.19600013450976 36.599405710888405 3
      vertex 47.161549437145354 36.42621035949707 3
    endloop
  endfacet
  facet normal 0 0 1
    outer loop
      vertex 47.19600013450976 35.900594289111595 3
      vertex 47.25276263110976 36.76662263369287 3
      vertex 47.19600013450976 36.599405710888405 3
    endloop
  endfacet
  facet normal 0.9469301294951099 0.32143946530314904 0
    outer loop
      vertex 47.25276263110976 35.73337736630713 3
      vertex 47.19600013450976 35.900594289111595 3
      vertex 47.25276263110976 35.73337736630713 8
    endloop
  endfacet
  facet normal 0.9807852804032264 0.1950903220161479 0
    outer loop
      vertex 47.19600013450976 35.900594289111595 3
      vertex 47.161549437145354 36.07378964050293 3
      vertex 47.19600013450976 35.900594289111595 8
    endloop
  endfacet
  facet normal 0.9978589232386039 0.06540312923013807 0
    outer loop
      vertex 47.161549437145354 36.07378964050293 3
      vertex 47.15 36.25 3
      vertex 47.161549437145354 36.07378964050293 8
    endloop
  endfacet
  facet normal 0.9978589232386039 -0.06540312923013807 0
    outer loop
      vertex 47.15 36.25 3
      vertex 47.161549437145354 36.42621035949707 3
      vertex 47.15 36.25 8
    endloop
  endfacet
  facet normal 0.9807852804032264 -0.1950903220161479 0
    outer loop
      vertex 47.161549437145354 36.42621035949707 3
      vertex 47.19600013450976 36.599405710888405 3
      vertex 47.161549437145354 36.42621035949707 8
    endloop
  endfacet
  facet normal 0.9469301294951099 -0.32143946530314904 0
    outer loop
      vertex 47.19600013450976 36.599405710888405 3
      vertex 47.25276263110976 36.76662263369287 3
      vertex 47.19600013450976 36.599405710888405 8
    endloop
  endfacet
  facet normal 0 0 1
    outer loop
      vertex 47.54540584539816 35.29540584539816 3
      vertex 47.54540584539816 37.20459415460184 3
      vertex 47.42897299060683 35.42817207083823 3
    endloop
  endfacet
  facet normal 0 0 1
    outer loop
      vertex 47.54540584539816 35.29540584539816 3
      vertex 47.67817207083823 35.17897299060683 3
      vertex 47.67817207083823 37.32102700939317 3
    endloop
  endfacet
  facet normal 0 0 1
    outer loop
      vertex 47.67817207083823 35.17897299060683 3
      vertex 47.825 35.08086570489101 3
      vertex 47.825 37.41913429510899 3
    endloop
  endfacet
  facet normal 0 0 1
    outer loop
      vertex 47.825 35.08086570489101 3
      vertex 47.98337736630713 35.00276263110976 3
      vertex 47.98337736630713 37.49723736889024 3
    endloop
  endfacet
  facet normal 0 0 1
    outer loop
      vertex 47.33086570489101 35.575 3
      vertex 47.33086570489101 36.925 3
      vertex 47.25276263110976 35.73337736630713 3
    endloop
  endfacet
  facet normal 0 0 1
    outer loop
      vertex 47.42897299060683 35.42817207083823 3
      vertex 47.42897299060683 37.07182792916177 3
      vertex 47.33086570489101 35.575 3
    endloop
  endfacet
  facet normal 0 0 1
    outer loop
      vertex 47.25276263110976 35.73337736630713 3
      vertex 47.33086570489101 36.925 3
      vertex 47.25276263110976 36.76662263369287 3
    endloop
  endfacet
  facet normal 0 0 1
    outer loop
      vertex 47.33086570489101 35.575 3
      vertex 47.42897299060683 37.07182792916177 3
      vertex 47.33086570489101 36.925 3
    endloop
  endfacet
  facet normal 0 0 1
    outer loop
      vertex 47.42897299060683 35.42817207083823 3
      vertex 47.54540584539816 37.20459415460184 3
      vertex 47.42897299060683 37.07182792916177 3
    endloop
  endfacet
  facet normal 0 0 1
    outer loop
      vertex 47.54540584539816 35.29540584539816 3
      vertex 47.67817207083823 37.32102700939317 3
      vertex 47.54540584539816 37.20459415460184 3
    endloop
  endfacet
  facet normal 0 0 1
    outer loop
      vertex 47.67817207083823 35.17897299060683 3
      vertex 47.825 37.41913429510899 3
      vertex 47.67817207083823 37.32102700939317 3
    endloop
  endfacet
  facet normal 0 0 1
    outer loop
      vertex 47.825 35.08086570489101 3
      vertex 47.98337736630713 37.49723736889024 3
      vertex 47.825 37.41913429510899 3
    endloop
  endfacet
  facet normal 0 0 1
    outer loop
      vertex 47.98337736630713 35.00276263110976 3
      vertex 48.150594289111595 37.55399986549024 3
      vertex 47.98337736630713 37.49723736889024 3
    endloop
  endfacet
  facet normal 0 0 1
    outer loop
      vertex 48.150594289111595 34.94600013450976 3
      vertex 48.150594289111595 37.55399986549024 3
      vertex 47.98337736630713 35.00276263110976 3
    endloop
  endfacet
  facet normal 0 0 1
    outer loop
      vertex 48.150594289111595 34.94600013450976 3
      vertex 48.32378964050293 34.911549437145354 3
      vertex 48.32378964050293 37.588450562854646 3
    endloop
  endfacet
  facet normal 0 0 1
    outer loop
      vertex 48.32378964050293 34.911549437145354 3
      vertex 48.5 34.9 3
      vertex 48.5 37.6 3
    endloop
  endfacet
  facet normal 0 0 1
    outer loop
      vertex 48.5 34.9 3
      vertex 48.67621035949707 34.911549437145354 3
      vertex 48.67621035949707 37.588450562854646 3
    endloop
  endfacet
  facet normal 0 0 1
    outer loop
      vertex 48.67621035949707 34.911549437145354 3
      vertex 48.849405710888405 34.94600013450976 3
      vertex 48.849405710888405 37.55399986549024 3
    endloop
  endfacet
  facet normal 0 0 1
    outer loop
      vertex 48.150594289111595 34.94600013450976 3
      vertex 48.32378964050293 37.588450562854646 3
      vertex 48.150594289111595 37.55399986549024 3
    endloop
  endfacet
  facet normal 0 0 1
    outer loop
      vertex 48.32378964050293 34.911549437145354 3
      vertex 48.5 37.6 3
      vertex 48.32378964050293 37.588450562854646 3
    endloop
  endfacet
  facet normal 0 0 1
    outer loop
      vertex 48.5 34.9 3
      vertex 48.67621035949707 37.588450562854646 3
      vertex 48.5 37.6 3
    endloop
  endfacet
  facet normal 0 0 1
    outer loop
      vertex 48.67621035949707 34.911549437145354 3
      vertex 48.849405710888405 37.55399986549024 3
      vertex 48.67621035949707 37.588450562854646 3
    endloop
  endfacet
  facet normal 0 0 1
    outer loop
      vertex 48.849405710888405 34.94600013450976 3
      vertex 49.01662263369287 37.49723736889024 3
      vertex 48.849405710888405 37.55399986549024 3
    endloop
  endfacet
  facet normal 0 0 1
    outer loop
      vertex 48.849405710888405 34.94600013450976 3
      vertex 49.01662263369287 35.00276263110976 3
      vertex 49.01662263369287 37.49723736889024 3
    endloop
  endfacet
  facet normal 0 0 1
    outer loop
      vertex 49.01662263369287 35.00276263110976 3
      vertex 49.175 35.08086570489101 3
      vertex 49.175 37.41913429510899 3
    endloop
  endfacet
  facet normal 0 0 1
    outer loop
      vertex 49.175 35.08086570489101 3
      vertex 49.32182792916177 35.17897299060683 3
      vertex 49.32182792916177 37.32102700939317 3
    endloop
  endfacet
  facet normal 0 0 1
    outer loop
      vertex 49.32182792916177 35.17897299060683 3
      vertex 49.45459415460184 35.29540584539816 3
      vertex 49.45459415460184 37.20459415460184 3
    endloop
  endfacet
  facet normal 0 0 1
    outer loop
      vertex 49.45459415460184 35.29540584539816 3
      vertex 49.57102700939317 35.42817207083823 3
      vertex 49.57102700939317 37.07182792916177 3
    endloop
  endfacet
  facet normal 0 0 1
    outer loop
      vertex 49.57102700939317 35.42817207083823 3
      vertex 49.66913429510899 35.575 3
      vertex 49.66913429510899 36.925 3
    endloop
  endfacet
  facet normal 0 0 1
    outer loop
      vertex 49.01662263369287 35.00276263110976 3
      vertex 49.175 37.41913429510899 3
      vertex 49.01662263369287 37.49723736889024 3
    endloop
  endfacet
  facet normal 0 0 1
    outer loop
      vertex 49.175 35.08086570489101 3
      vertex 49.32182792916177 37.32102700939317 3
      vertex 49.175 37.41913429510899 3
    endloop
  endfacet
  facet normal 0 0 1
    outer loop
      vertex 49.66913429510899 35.575 3
      vertex 49.74723736889024 35.73337736630713 3
      vertex 49.74723736889024 36.76662263369287 3
    endloop
  endfacet
  facet normal 0 0 1
    outer loop
      vertex 49.45459415460184 35.29540584539816 3
      vertex 49.57102700939317 37.07182792916177 3
      vertex 49.45459415460184 37.20459415460184 3
    endloop
  endfacet
  facet normal 0 0 1
    outer loop
      vertex 49.32182792916177 35.17897299060683 3
      vertex 49.45459415460184 37.20459415460184 3
      vertex 49.32182792916177 37.32102700939317 3
    endloop
  endfacet
  facet normal 0 0 1
    outer loop
      vertex 49.57102700939317 35.42817207083823 3
      vertex 49.66913429510899 36.925 3
      vertex 49.57102700939317 37.07182792916177 3
    endloop
  endfacet
  facet normal 0 0 1
    outer loop
      vertex 49.66913429510899 35.575 3
      vertex 49.74723736889024 36.76662263369287 3
      vertex 49.66913429510899 36.925 3
    endloop
  endfacet
  facet normal 0 0 1
    outer loop
      vertex 49.74723736889024 35.73337736630713 3
      vertex 49.80399986549024 36.599405710888405 3
      vertex 49.74723736889024 36.76662263369287 3
    endloop
  endfacet
  facet normal 0 0 1
    outer loop
      vertex 49.74723736889024 35.73337736630713 3
      vertex 49.80399986549024 35.900594289111595 3
      vertex 49.80399986549024 36.599405710888405 3
    endloop
  endfacet
  facet normal 0 0 1
    outer loop
      vertex 49.80399986549024 35.900594289111595 3
      vertex 49.838450562854646 36.07378964050293 3
      vertex 49.838450562854646 36.42621035949707 3
    endloop
  endfacet
  facet normal 0 0 1
    outer loop
      vertex 49.838450562854646 36.07378964050293 3
      vertex 49.85 36.25 3
      vertex 49.838450562854646 36.42621035949707 3
    endloop
  endfacet
  facet normal 0 0 1
    outer loop
      vertex 49.80399986549024 35.900594289111595 3
      vertex 49.838450562854646 36.42621035949707 3
      vertex 49.80399986549024 36.599405710888405 3
    endloop
  endfacet
  facet normal 0.8314696123025593 0.5555702330195811 0
    outer loop
      vertex 47.42897299060683 35.42817207083823 3
      vertex 47.33086570489101 35.575 3
      vertex 47.42897299060683 35.42817207083823 8
    endloop
  endfacet
  facet normal 0.751839807478995 0.6593458151000489 0
    outer loop
      vertex 47.54540584539816 35.29540584539816 3
      vertex 47.42897299060683 35.42817207083823 3
      vertex 47.54540584539816 35.29540584539816 8
    endloop
  endfacet
  facet normal 0.8968727415326764 0.44228869021902534 0
    outer loop
      vertex 47.33086570489101 35.575 3
      vertex 47.25276263110976 35.73337736630713 3
      vertex 47.33086570489101 35.575 8
    endloop
  endfacet
  facet normal 0.8968727415326764 -0.44228869021902534 0
    outer loop
      vertex 47.25276263110976 36.76662263369287 3
      vertex 47.33086570489101 36.925 3
      vertex 47.25276263110976 36.76662263369287 8
    endloop
  endfacet
  facet normal 0.8314696123025593 -0.5555702330195811 0
    outer loop
      vertex 47.33086570489101 36.925 3
      vertex 47.42897299060683 37.07182792916177 3
      vertex 47.33086570489101 36.925 8
    endloop
  endfacet
  facet normal 0.751839807478995 -0.6593458151000489 0
    outer loop
      vertex 47.42897299060683 37.07182792916177 3
      vertex 47.54540584539816 37.20459415460184 3
      vertex 47.42897299060683 37.07182792916177 8
    endloop
  endfacet
  facet normal 0.6593458151000489 -0.751839807478995 0
    outer loop
      vertex 47.54540584539816 37.20459415460184 3
      vertex 47.67817207083823 37.32102700939317 3
      vertex 47.54540584539816 37.20459415460184 8
    endloop
  endfacet
  facet normal 0.5555702330195811 -0.8314696123025593 0
    outer loop
      vertex 47.67817207083823 37.32102700939317 3
      vertex 47.825 37.41913429510899 3
      vertex 47.67817207083823 37.32102700939317 8
    endloop
  endfacet
  facet normal 0.44228869021902534 -0.8968727415326764 0
    outer loop
      vertex 47.825 37.41913429510899 3
      vertex 47.98337736630713 37.49723736889024 3
      vertex 47.825 37.41913429510899 8
    endloop
  endfacet
  facet normal 0.32143946530314904 -0.9469301294951099 0
    outer loop
      vertex 47.98337736630713 37.49723736889024 3
      vertex 48.150594289111595 37.55399986549024 3
      vertex 47.98337736630713 37.49723736889024 8
    endloop
  endfacet
  facet normal 0.1950903220161479 -0.9807852804032264 0
    outer loop
      vertex 48.150594289111595 37.55399986549024 3
      vertex 48.32378964050293 37.588450562854646 3
      vertex 48.150594289111595 37.55399986549024 8
    endloop
  endfacet
  facet normal 0.06540312923013807 -0.9978589232386039 0
    outer loop
      vertex 48.32378964050293 37.588450562854646 3
      vertex 48.5 37.6 3
      vertex 48.32378964050293 37.588450562854646 8
    endloop
  endfacet
  facet normal -0.06540312923013807 -0.9978589232386039 0
    outer loop
      vertex 48.67621035949707 37.588450562854646 3
      vertex 48.5 37.6 8
      vertex 48.5 37.6 3
    endloop
  endfacet
  facet normal -0.1950903220161479 -0.9807852804032264 0
    outer loop
      vertex 48.67621035949707 37.588450562854646 3
      vertex 48.849405710888405 37.55399986549024 3
      vertex 48.67621035949707 37.588450562854646 8
    endloop
  endfacet
  facet normal -0.32143946530314904 -0.9469301294951099 0
    outer loop
      vertex 48.849405710888405 37.55399986549024 3
      vertex 49.01662263369287 37.49723736889024 3
      vertex 48.849405710888405 37.55399986549024 8
    endloop
  endfacet
  facet normal -0.6593458151000489 0.751839807478995 0
    outer loop
      vertex 49.32182792916177 35.17897299060683 3
      vertex 49.45459415460184 35.29540584539816 8
      vertex 49.45459415460184 35.29540584539816 3
    endloop
  endfacet
  facet normal -0.751839807478995 0.6593458151000489 0
    outer loop
      vertex 49.45459415460184 35.29540584539816 3
      vertex 49.57102700939317 35.42817207083823 8
      vertex 49.57102700939317 35.42817207083823 3
    endloop
  endfacet
  facet normal -0.8314696123025593 0.5555702330195811 0
    outer loop
      vertex 49.57102700939317 35.42817207083823 3
      vertex 49.66913429510899 35.575 8
      vertex 49.66913429510899 35.575 3
    endloop
  endfacet
  facet normal -0.8968727415326764 0.44228869021902534 0
    outer loop
      vertex 49.66913429510899 35.575 3
      vertex 49.74723736889024 35.73337736630713 8
      vertex 49.74723736889024 35.73337736630713 3
    endloop
  endfacet
  facet normal -0.9469301294951099 -0.32143946530314904 0
    outer loop
      vertex 49.74723736889024 36.76662263369287 3
      vertex 49.80399986549024 36.599405710888405 3
      vertex 49.74723736889024 36.76662263369287 8
    endloop
  endfacet
  facet normal -0.9469301294951099 0.32143946530314904 0
    outer loop
      vertex 49.74723736889024 35.73337736630713 3
      vertex 49.80399986549024 35.900594289111595 8
      vertex 49.80399986549024 35.900594289111595 3
    endloop
  endfacet
  facet normal -0.9807852804032264 0.1950903220161479 0
    outer loop
      vertex 49.80399986549024 35.900594289111595 3
      vertex 49.838450562854646 36.07378964050293 8
      vertex 49.838450562854646 36.07378964050293 3
    endloop
  endfacet
  facet normal -0.9978589232386039 0.06540312923013807 0
    outer loop
      vertex 49.838450562854646 36.07378964050293 3
      vertex 49.85 36.25 8
      vertex 49.85 36.25 3
    endloop
  endfacet
  facet normal -0.9978589232386039 -0.06540312923013807 0
    outer loop
      vertex 49.85 36.25 3
      vertex 49.838450562854646 36.42621035949707 8
      vertex 49.838450562854646 36.42621035949707 3
    endloop
  endfacet
  facet normal -0.9807852804032264 -0.1950903220161479 0
    outer loop
      vertex 49.838450562854646 36.42621035949707 3
      vertex 49.80399986549024 36.599405710888405 8
      vertex 49.80399986549024 36.599405710888405 3
    endloop
  endfacet
  facet normal -0.5555702330195811 -0.8314696123025593 0
    outer loop
      vertex 49.175 37.41913429510899 3
      vertex 49.32182792916177 37.32102700939317 3
      vertex 49.175 37.41913429510899 8
    endloop
  endfacet
  facet normal -0.8968727415326764 -0.44228869021902534 0
    outer loop
      vertex 49.74723736889024 36.76662263369287 3
      vertex 49.66913429510899 36.925 8
      vertex 49.66913429510899 36.925 3
    endloop
  endfacet
  facet normal -0.8314696123025593 -0.5555702330195811 0
    outer loop
      vertex 49.57102700939317 37.07182792916177 3
      vertex 49.66913429510899 36.925 3
      vertex 49.57102700939317 37.07182792916177 8
    endloop
  endfacet
  facet normal -0.751839807478995 -0.6593458151000489 0
    outer loop
      vertex 49.45459415460184 37.20459415460184 3
      vertex 49.57102700939317 37.07182792916177 3
      vertex 49.45459415460184 37.20459415460184 8
    endloop
  endfacet
  facet normal -0.6593458151000489 -0.751839807478995 0
    outer loop
      vertex 49.32182792916177 37.32102700939317 3
      vertex 49.45459415460184 37.20459415460184 3
      vertex 49.32182792916177 37.32102700939317 8
    endloop
  endfacet
  facet normal -0.44228869021902534 -0.8968727415326764 0
    outer loop
      vertex 49.01662263369287 37.49723736889024 3
      vertex 49.175 37.41913429510899 3
      vertex 49.01662263369287 37.49723736889024 8
    endloop
  endfacet
  facet normal 0.9469301294951099 0.32143946530314904 0
    outer loop
      vertex 47.19600013450976 35.900594289111595 3
      vertex 47.19600013450976 35.900594289111595 8
      vertex 47.25276263110976 35.73337736630713 8
    endloop
  endfacet
  facet normal 0.9807852804032264 0.1950903220161479 0
    outer loop
      vertex 47.161549437145354 36.07378964050293 3
      vertex 47.161549437145354 36.07378964050293 8
      vertex 47.19600013450976 35.900594289111595 8
    endloop
  endfacet
  facet normal 0.9978589232386039 0.06540312923013807 0
    outer loop
      vertex 47.15 36.25 3
      vertex 47.15 36.25 8
      vertex 47.161549437145354 36.07378964050293 8
    endloop
  endfacet
  facet normal 0.9978589232386039 -0.06540312923013807 0
    outer loop
      vertex 47.161549437145354 36.42621035949707 3
      vertex 47.161549437145354 36.42621035949707 8
      vertex 47.15 36.25 8
    endloop
  endfacet
  facet normal 0.9807852804032264 -0.1950903220161479 0
    outer loop
      vertex 47.19600013450976 36.599405710888405 3
      vertex 47.19600013450976 36.599405710888405 8
      vertex 47.161549437145354 36.42621035949707 8
    endloop
  endfacet
  facet normal 0.9469301294951099 -0.32143946530314904 0
    outer loop
      vertex 47.25276263110976 36.76662263369287 3
      vertex 47.25276263110976 36.76662263369287 8
      vertex 47.19600013450976 36.599405710888405 8
    endloop
  endfacet
  facet normal 0.8314696123025593 0.5555702330195811 0
    outer loop
      vertex 47.33086570489101 35.575 3
      vertex 47.33086570489101 35.575 8
      vertex 47.42897299060683 35.42817207083823 8
    endloop
  endfacet
  facet normal 0.751839807478995 0.6593458151000489 0
    outer loop
      vertex 47.42897299060683 35.42817207083823 3
      vertex 47.42897299060683 35.42817207083823 8
      vertex 47.54540584539816 35.29540584539816 8
    endloop
  endfacet
  facet normal 0.6593458151000489 0.751839807478995 0
    outer loop
      vertex 47.54540584539816 35.29540584539816 3
      vertex 47.54540584539816 35.29540584539816 8
      vertex 47.67817207083823 35.17897299060683 8
    endloop
  endfacet
  facet normal 0.8968727415326764 0.44228869021902534 0
    outer loop
      vertex 47.25276263110976 35.73337736630713 3
      vertex 47.25276263110976 35.73337736630713 8
      vertex 47.33086570489101 35.575 8
    endloop
  endfacet
  facet normal 0.8968727415326764 -0.44228869021902534 0
    outer loop
      vertex 47.33086570489101 36.925 3
      vertex 47.33086570489101 36.925 8
      vertex 47.25276263110976 36.76662263369287 8
    endloop
  endfacet
  facet normal 0.8314696123025593 -0.5555702330195811 0
    outer loop
      vertex 47.42897299060683 37.07182792916177 3
      vertex 47.42897299060683 37.07182792916177 8
      vertex 47.33086570489101 36.925 8
    endloop
  endfacet
  facet normal 0.751839807478995 -0.6593458151000489 0
    outer loop
      vertex 47.54540584539816 37.20459415460184 3
      vertex 47.54540584539816 37.20459415460184 8
      vertex 47.42897299060683 37.07182792916177 8
    endloop
  endfacet
  facet normal 0.6593458151002025 -0.75183980747886 7.226099155166947e-15
    outer loop
      vertex 47.67817207083823 37.32102700939317 3
      vertex 47.55861766809391 37.216180612139254 8
      vertex 47.54540584539816 37.20459415460184 8
    endloop
  endfacet
  facet normal 0.6593458151000319 -0.7518398074790099 0
    outer loop
      vertex 47.55861766809391 37.216180612139254 8
      vertex 47.67817207083823 37.32102700939317 3
      vertex 47.67817207083823 37.32102700939317 8
    endloop
  endfacet
  facet normal 0.5555702330195811 -0.8314696123025593 0
    outer loop
      vertex 47.825 37.41913429510899 3
      vertex 47.825 37.41913429510899 8
      vertex 47.67817207083823 37.32102700939317 8
    endloop
  endfacet
  facet normal 0.44228869021902534 -0.8968727415326764 0
    outer loop
      vertex 47.98337736630713 37.49723736889024 3
      vertex 47.98337736630713 37.49723736889024 8
      vertex 47.825 37.41913429510899 8
    endloop
  endfacet
  facet normal 0.32143946530314904 -0.9469301294951099 0
    outer loop
      vertex 48.150594289111595 37.55399986549024 3
      vertex 48.150594289111595 37.55399986549024 8
      vertex 47.98337736630713 37.49723736889024 8
    endloop
  endfacet
  facet normal 0.1950903220161479 -0.9807852804032264 0
    outer loop
      vertex 48.32378964050293 37.588450562854646 3
      vertex 48.32378964050293 37.588450562854646 8
      vertex 48.150594289111595 37.55399986549024 8
    endloop
  endfacet
  facet normal 0.06540312923013807 -0.9978589232386039 0
    outer loop
      vertex 48.5 37.6 3
      vertex 48.5 37.6 8
      vertex 48.32378964050293 37.588450562854646 8
    endloop
  endfacet
  facet normal -0.06540312923013807 -0.9978589232386039 0
    outer loop
      vertex 48.67621035949707 37.588450562854646 3
      vertex 48.67621035949707 37.588450562854646 8
      vertex 48.5 37.6 8
    endloop
  endfacet
  facet normal -0.1950903220161479 -0.9807852804032264 0
    outer loop
      vertex 48.849405710888405 37.55399986549024 3
      vertex 48.849405710888405 37.55399986549024 8
      vertex 48.67621035949707 37.588450562854646 8
    endloop
  endfacet
  facet normal -0.751839807478995 0.6593458151000489 0
    outer loop
      vertex 49.45459415460184 35.29540584539816 3
      vertex 49.45459415460184 35.29540584539816 8
      vertex 49.57102700939317 35.42817207083823 8
    endloop
  endfacet
  facet normal -0.8314696123025593 0.5555702330195811 0
    outer loop
      vertex 49.57102700939317 35.42817207083823 3
      vertex 49.57102700939317 35.42817207083823 8
      vertex 49.66913429510899 35.575 8
    endloop
  endfacet
  facet normal -0.8968727415326764 0.44228869021902534 0
    outer loop
      vertex 49.66913429510899 35.575 3
      vertex 49.66913429510899 35.575 8
      vertex 49.74723736889024 35.73337736630713 8
    endloop
  endfacet
  facet normal -0.9469301294951099 0.32143946530314904 0
    outer loop
      vertex 49.74723736889024 35.73337736630713 3
      vertex 49.74723736889024 35.73337736630713 8
      vertex 49.80399986549024 35.900594289111595 8
    endloop
  endfacet
  facet normal -0.9807852804032264 0.1950903220161479 0
    outer loop
      vertex 49.80399986549024 35.900594289111595 3
      vertex 49.80399986549024 35.900594289111595 8
      vertex 49.838450562854646 36.07378964050293 8
    endloop
  endfacet
  facet normal -0.9978589232386039 0.06540312923013807 0
    outer loop
      vertex 49.838450562854646 36.07378964050293 3
      vertex 49.838450562854646 36.07378964050293 8
      vertex 49.85 36.25 8
    endloop
  endfacet
  facet normal -0.9978589232385995 -0.06540312923020614 0
    outer loop
      vertex 49.84894468139329 36.266101050530146 8
      vertex 49.85 36.25 3
      vertex 49.85 36.25 8
    endloop
  endfacet
  facet normal -0.9978589232386043 -0.06540312923013121 -2.422772091093755e-16
    outer loop
      vertex 49.85 36.25 3
      vertex 49.84894468139329 36.266101050530146 8
      vertex 49.838450562854646 36.42621035949707 8
    endloop
  endfacet
  facet normal -0.9807852804032264 -0.1950903220161479 0
    outer loop
      vertex 49.838450562854646 36.42621035949707 3
      vertex 49.838450562854646 36.42621035949707 8
      vertex 49.80399986549024 36.599405710888405 8
    endloop
  endfacet
  facet normal -0.9469301294951099 -0.32143946530314904 0
    outer loop
      vertex 49.80399986549024 36.599405710888405 3
      vertex 49.80399986549024 36.599405710888405 8
      vertex 49.74723736889024 36.76662263369287 8
    endloop
  endfacet
  facet normal -0.44228869021902534 -0.8968727415326764 0
    outer loop
      vertex 49.175 37.41913429510899 3
      vertex 49.175 37.41913429510899 8
      vertex 49.01662263369287 37.49723736889024 8
    endloop
  endfacet
  facet normal -0.5555702330195811 -0.8314696123025593 0
    outer loop
      vertex 49.32182792916177 37.32102700939317 3
      vertex 49.32182792916177 37.32102700939317 8
      vertex 49.175 37.41913429510899 8
    endloop
  endfacet
  facet normal -0.8968727415326764 -0.44228869021902534 0
    outer loop
      vertex 49.74723736889024 36.76662263369287 3
      vertex 49.74723736889024 36.76662263369287 8
      vertex 49.66913429510899 36.925 8
    endloop
  endfacet
  facet normal -0.8314696123025593 -0.5555702330195811 0
    outer loop
      vertex 49.66913429510899 36.925 3
      vertex 49.66913429510899 36.925 8
      vertex 49.57102700939317 37.07182792916177 8
    endloop
  endfacet
  facet normal -0.6593458151000489 -0.751839807478995 0
    outer loop
      vertex 49.45459415460184 37.20459415460184 3
      vertex 49.45459415460184 37.20459415460184 8
      vertex 49.32182792916177 37.32102700939317 8
    endloop
  endfacet
  facet normal -0.751839807478995 -0.6593458151000489 0
    outer loop
      vertex 49.57102700939317 37.07182792916177 3
      vertex 49.57102700939317 37.07182792916177 8
      vertex 49.45459415460184 37.20459415460184 8
    endloop
  endfacet
  facet normal -0.32143946530314904 -0.9469301294951099 0
    outer loop
      vertex 49.01662263369287 37.49723736889024 3
      vertex 49.01662263369287 37.49723736889024 8
      vertex 48.849405710888405 37.55399986549024 8
    endloop
  endfacet
  facet normal 0.4422886902189992 0 0.8968727415326893
    outer loop
      vertex -31.1 -47 8.094744111674235
      vertex -30.8419035512032 -47 7.96746502847517
      vertex -30.8419035512032 -44.600000001490116 7.96746502847517
    endloop
  endfacet
  facet normal 0.19509032201612556 0 0.9807852804032311
    outer loop
      vertex -30.569401899225547 -47 7.874963182164049
      vertex -30.287157622884113 -47 7.818821304977617
      vertex -30.287157622884113 -44.600000001490116 7.818821304977617
    endloop
  endfacet
  facet normal 0.32143946530316364 0 0.9469301294951049
    outer loop
      vertex -30.8419035512032 -47 7.96746502847517
      vertex -30.569401899225547 -47 7.874963182164049
      vertex -30.569401899225547 -44.600000001490116 7.874963182164049
    endloop
  endfacet
  facet normal 0.5555702330196027 0 0.8314696123025448
    outer loop
      vertex -31.339275143819187 -47 8.254622651359282
      vertex -31.1 -47 8.094744111674235
      vertex -31.1 -44.600000001490116 8.094744111674235
    endloop
  endfacet
  facet normal 0.5555702330196027 0 0.8314696123025448
    outer loop
      vertex -31.339275143819187 -47 8.254622651359282
      vertex -31.1 -44.600000001490116 8.094744111674235
      vertex -31.339275143819187 -44.600000001490116 8.254622651359282
    endloop
  endfacet
  facet normal 0.19509032201612556 0 0.9807852804032311
    outer loop
      vertex -30.569401899225547 -47 7.874963182164049
      vertex -30.287157622884113 -44.600000001490116 7.818821304977617
      vertex -30.569401899225547 -44.600000001490116 7.874963182164049
    endloop
  endfacet
  facet normal 0.32143946530316364 0 0.9469301294951049
    outer loop
      vertex -30.8419035512032 -47 7.96746502847517
      vertex -30.569401899225547 -44.600000001490116 7.874963182164049
      vertex -30.8419035512032 -44.600000001490116 7.96746502847517
    endloop
  endfacet
  facet normal 0.4422886902189992 0 0.8968727415326893
    outer loop
      vertex -31.1 -47 8.094744111674235
      vertex -30.8419035512032 -44.600000001490116 7.96746502847517
      vertex -31.1 -44.600000001490116 8.094744111674235
    endloop
  endfacet
  facet normal 0.946930129495109 0 0.3214394653031517
    outer loop
      vertex -32.03253497152483 -47 9.158096448796803
      vertex -32.03253497152483 -44.600000001490116 9.158096448796803
      vertex -32.12503681783595 -47 9.430598100774453
    endloop
  endfacet
  facet normal 0.946930129495109 0 0.3214394653031517
    outer loop
      vertex -32.12503681783595 -47 9.430598100774453
      vertex -32.03253497152483 -44.600000001490116 9.158096448796803
      vertex -32.12503681783595 -44.600000001490116 9.430598100774453
    endloop
  endfacet
  facet normal 0.6593458151000694 0 0.7518398074789768
    outer loop
      vertex -31.555634918610405 -47 8.444365081389595
      vertex -31.339275143819187 -47 8.254622651359282
      vertex -31.339275143819187 -44.600000001490116 8.254622651359282
    endloop
  endfacet
  facet normal 0.7518398074789825 0 0.659345815100063
    outer loop
      vertex -31.555634918610405 -47 8.444365081389595
      vertex -31.555634918610405 -44.600000001490116 8.444365081389595
      vertex -31.745377348640716 -47 8.660724856180815
    endloop
  endfacet
  facet normal 0.831469612302542 0 0.5555702330196071
    outer loop
      vertex -31.745377348640716 -47 8.660724856180815
      vertex -31.745377348640716 -44.600000001490116 8.660724856180815
      vertex -31.905255888325765 -47 8.9
    endloop
  endfacet
  facet normal 0.8968727415326868 0 0.4422886902190042
    outer loop
      vertex -31.905255888325765 -47 8.9
      vertex -31.905255888325765 -44.600000001490116 8.9
      vertex -32.03253497152483 -47 9.158096448796803
    endloop
  endfacet
  facet normal 0.7518398074789825 0 0.659345815100063
    outer loop
      vertex -31.745377348640716 -47 8.660724856180815
      vertex -31.555634918610405 -44.600000001490116 8.444365081389595
      vertex -31.745377348640716 -44.600000001490116 8.660724856180815
    endloop
  endfacet
  facet normal 0.6593458151000694 0 0.7518398074789768
    outer loop
      vertex -31.555634918610405 -47 8.444365081389595
      vertex -31.339275143819187 -44.600000001490116 8.254622651359282
      vertex -31.555634918610405 -44.600000001490116 8.444365081389595
    endloop
  endfacet
  facet normal 0.831469612302542 0 0.5555702330196071
    outer loop
      vertex -31.905255888325765 -47 8.9
      vertex -31.745377348640716 -44.600000001490116 8.660724856180815
      vertex -31.905255888325765 -44.600000001490116 8.9
    endloop
  endfacet
  facet normal 0.8968727415326868 0 0.4422886902190042
    outer loop
      vertex -32.03253497152483 -47 9.158096448796803
      vertex -31.905255888325765 -44.600000001490116 8.9
      vertex -32.03253497152483 -44.600000001490116 9.158096448796803
    endloop
  endfacet
  facet normal 0.06540312923014413 0 0.9978589232386035
    outer loop
      vertex -30.287157622884113 -47 7.818821304977617
      vertex -30 -47 7.8
      vertex -30 -44.600000001490116 7.8
    endloop
  endfacet
  facet normal -0.06540312923014413 0 0.9978589232386035
    outer loop
      vertex -30 -47 7.8
      vertex -29.712842377115887 -47 7.818821304977617
      vertex -29.712842377115887 -44.600000001490116 7.818821304977617
    endloop
  endfacet
  facet normal -0.19509032201612556 0 0.9807852804032311
    outer loop
      vertex -29.712842377115887 -47 7.818821304977617
      vertex -29.430598100774453 -47 7.874963182164049
      vertex -29.430598100774453 -44.600000001490116 7.874963182164049
    endloop
  endfacet
  facet normal -0.32143946530316364 0 0.9469301294951049
    outer loop
      vertex -29.430598100774453 -47 7.874963182164049
      vertex -29.1580964487968 -47 7.96746502847517
      vertex -29.1580964487968 -44.600000001490116 7.96746502847517
    endloop
  endfacet
  facet normal -0.4422886902189992 0 0.8968727415326893
    outer loop
      vertex -29.1580964487968 -47 7.96746502847517
      vertex -28.9 -47 8.094744111674235
      vertex -28.9 -44.600000001490116 8.094744111674235
    endloop
  endfacet
  facet normal -0.5555702330196027 0 0.8314696123025448
    outer loop
      vertex -28.9 -47 8.094744111674235
      vertex -28.660724856180813 -47 8.254622651359282
      vertex -28.660724856180813 -44.600000001490116 8.254622651359282
    endloop
  endfacet
  facet normal 0.06540312923014413 0 0.9978589232386035
    outer loop
      vertex -30.287157622884113 -47 7.818821304977617
      vertex -30 -44.600000001490116 7.8
      vertex -30.287157622884113 -44.600000001490116 7.818821304977617
    endloop
  endfacet
  facet normal -0.06540312923014413 0 0.9978589232386035
    outer loop
      vertex -30 -47 7.8
      vertex -29.712842377115887 -44.600000001490116 7.818821304977617
      vertex -30 -44.600000001490116 7.8
    endloop
  endfacet
  facet normal -0.19509032201612556 0 0.9807852804032311
    outer loop
      vertex -29.712842377115887 -47 7.818821304977617
      vertex -29.430598100774453 -44.600000001490116 7.874963182164049
      vertex -29.712842377115887 -44.600000001490116 7.818821304977617
    endloop
  endfacet
  facet normal -0.32143946530316364 0 0.9469301294951049
    outer loop
      vertex -29.430598100774453 -47 7.874963182164049
      vertex -29.1580964487968 -44.600000001490116 7.96746502847517
      vertex -29.430598100774453 -44.600000001490116 7.874963182164049
    endloop
  endfacet
  facet normal -0.4422886902189992 0 0.8968727415326893
    outer loop
      vertex -29.1580964487968 -47 7.96746502847517
      vertex -28.9 -44.600000001490116 8.094744111674235
      vertex -29.1580964487968 -44.600000001490116 7.96746502847517
    endloop
  endfacet
  facet normal -0.5555702330196027 0 0.8314696123025448
    outer loop
      vertex -28.9 -47 8.094744111674235
      vertex -28.660724856180813 -44.600000001490116 8.254622651359282
      vertex -28.9 -44.600000001490116 8.094744111674235
    endloop
  endfacet
  facet normal -0.6593458151000694 0 0.7518398074789768
    outer loop
      vertex -28.660724856180813 -47 8.254622651359282
      vertex -28.444365081389595 -47 8.444365081389595
      vertex -28.444365081389595 -44.600000001490116 8.444365081389595
    endloop
  endfacet
  facet normal -0.7518398074789825 0 0.659345815100063
    outer loop
      vertex -28.444365081389595 -47 8.444365081389595
      vertex -28.254622651359284 -47 8.660724856180815
      vertex -28.254622651359284 -44.600000001490116 8.660724856180815
    endloop
  endfacet
  facet normal -0.831469612302542 0 0.5555702330196071
    outer loop
      vertex -28.094744111674235 -47 8.9
      vertex -28.094744111674235 -44.600000001490116 8.9
      vertex -28.254622651359284 -47 8.660724856180815
    endloop
  endfacet
  facet normal -0.8968727415326868 0 0.4422886902190042
    outer loop
      vertex -27.967465028475168 -47 9.158096448796803
      vertex -27.967465028475168 -44.600000001490116 9.158096448796803
      vertex -28.094744111674235 -47 8.9
    endloop
  endfacet
  facet normal -0.9469301294951051 0 0.32143946530316275
    outer loop
      vertex -27.87496318216405 -47 9.430598100774453
      vertex -27.87496318216405 -44.600000001490116 9.430598100774453
      vertex -27.967465028475168 -47 9.158096448796803
    endloop
  endfacet
  facet normal -0.6593458151000694 0 0.7518398074789768
    outer loop
      vertex -28.660724856180813 -47 8.254622651359282
      vertex -28.444365081389595 -44.600000001490116 8.444365081389595
      vertex -28.660724856180813 -44.600000001490116 8.254622651359282
    endloop
  endfacet
  facet normal -0.7518398074789825 0 0.659345815100063
    outer loop
      vertex -28.444365081389595 -47 8.444365081389595
      vertex -28.254622651359284 -44.600000001490116 8.660724856180815
      vertex -28.444365081389595 -44.600000001490116 8.444365081389595
    endloop
  endfacet
  facet normal -0.831469612302542 0 0.5555702330196071
    outer loop
      vertex -28.254622651359284 -47 8.660724856180815
      vertex -28.094744111674235 -44.600000001490116 8.9
      vertex -28.254622651359284 -44.600000001490116 8.660724856180815
    endloop
  endfacet
  facet normal -0.8968727415326868 0 0.4422886902190042
    outer loop
      vertex -28.094744111674235 -47 8.9
      vertex -27.967465028475168 -44.600000001490116 9.158096448796803
      vertex -28.094744111674235 -44.600000001490116 8.9
    endloop
  endfacet
  facet normal -0.9469301294951051 0 0.32143946530316275
    outer loop
      vertex -27.967465028475168 -47 9.158096448796803
      vertex -27.87496318216405 -44.600000001490116 9.430598100774453
      vertex -27.967465028475168 -44.600000001490116 9.158096448796803
    endloop
  endfacet
  facet normal 0.9807852804032298 0 0.1950903220161315
    outer loop
      vertex -32.12503681783595 -47 9.430598100774453
      vertex -32.12503681783595 -44.600000001490116 9.430598100774453
      vertex -32.18117869502238 -47 9.712842377115887
    endloop
  endfacet
  facet normal 0.9978589232386027 0 0.06540312923015643
    outer loop
      vertex -32.18117869502238 -47 9.712842377115887
      vertex -32.18117869502238 -44.600000001490116 9.712842377115887
      vertex -32.2 -47 10
    endloop
  endfacet
  facet normal 0.9978589232386027 0 -0.06540312923015643
    outer loop
      vertex -32.2 -47 10
      vertex -32.2 -44.600000001490116 10
      vertex -32.18117869502238 -47 10.287157622884113
    endloop
  endfacet
  facet normal 0.9807852804032298 0 -0.1950903220161315
    outer loop
      vertex -32.18117869502238 -47 10.287157622884113
      vertex -32.18117869502238 -44.600000001490116 10.287157622884113
      vertex -32.12503681783595 -47 10.569401899225547
    endloop
  endfacet
  facet normal 0.946930129495109 0 -0.3214394653031517
    outer loop
      vertex -32.12503681783595 -47 10.569401899225547
      vertex -32.12503681783595 -44.600000001490116 10.569401899225547
      vertex -32.03253497152483 -47 10.841903551203197
    endloop
  endfacet
  facet normal 0.9807852804032298 0 0.1950903220161315
    outer loop
      vertex -32.12503681783595 -44.600000001490116 9.430598100774453
      vertex -32.18117869502238 -44.600000001490116 9.712842377115887
      vertex -32.18117869502238 -47 9.712842377115887
    endloop
  endfacet
  facet normal 0.9978589232386027 0 0.06540312923015643
    outer loop
      vertex -32.2 -47 10
      vertex -32.18117869502238 -44.600000001490116 9.712842377115887
      vertex -32.2 -44.600000001490116 10
    endloop
  endfacet
  facet normal 0.9978589232386027 0 -0.06540312923015643
    outer loop
      vertex -32.18117869502238 -47 10.287157622884113
      vertex -32.2 -44.600000001490116 10
      vertex -32.18117869502238 -44.600000001490116 10.287157622884113
    endloop
  endfacet
  facet normal 0.9807852804032298 0 -0.1950903220161315
    outer loop
      vertex -32.12503681783595 -47 10.569401899225547
      vertex -32.18117869502238 -44.600000001490116 10.287157622884113
      vertex -32.12503681783595 -44.600000001490116 10.569401899225547
    endloop
  endfacet
  facet normal 0.946930129495109 0 -0.3214394653031517
    outer loop
      vertex -32.12503681783595 -44.600000001490116 10.569401899225547
      vertex -32.03253497152483 -44.600000001490116 10.841903551203197
      vertex -32.03253497152483 -47 10.841903551203197
    endloop
  endfacet
  facet normal 0.8968727415326868 0 -0.4422886902190042
    outer loop
      vertex -32.03253497152483 -47 10.841903551203197
      vertex -32.03253497152483 -44.600000001490116 10.841903551203197
      vertex -31.905255888325765 -47 11.1
    endloop
  endfacet
  facet normal 0.831469612302542 0 -0.5555702330196071
    outer loop
      vertex -31.905255888325765 -47 11.1
      vertex -31.905255888325765 -44.600000001490116 11.1
      vertex -31.745377348640716 -47 11.339275143819185
    endloop
  endfacet
  facet normal 0.7518398074789825 0 -0.659345815100063
    outer loop
      vertex -31.745377348640716 -47 11.339275143819185
      vertex -31.745377348640716 -44.600000001490116 11.339275143819185
      vertex -31.555634918610405 -47 11.555634918610405
    endloop
  endfacet
  facet normal 0.6593458151000694 0 -0.7518398074789768
    outer loop
      vertex -31.555634918610405 -47 11.555634918610405
      vertex -31.555634918610405 -44.600000001490116 11.555634918610405
      vertex -31.339275143819187 -47 11.745377348640718
    endloop
  endfacet
  facet normal 0.5555702330196027 0 -0.8314696123025448
    outer loop
      vertex -31.339275143819187 -47 11.745377348640718
      vertex -31.339275143819187 -44.600000001490116 11.745377348640718
      vertex -31.1 -47 11.905255888325765
    endloop
  endfacet
  facet normal 0.8968727415326868 0 -0.4422886902190042
    outer loop
      vertex -31.905255888325765 -47 11.1
      vertex -32.03253497152483 -44.600000001490116 10.841903551203197
      vertex -31.905255888325765 -44.600000001490116 11.1
    endloop
  endfacet
  facet normal 0.831469612302542 0 -0.5555702330196071
    outer loop
      vertex -31.745377348640716 -47 11.339275143819185
      vertex -31.905255888325765 -44.600000001490116 11.1
      vertex -31.745377348640716 -44.600000001490116 11.339275143819185
    endloop
  endfacet
  facet normal 0.7518398074789825 0 -0.659345815100063
    outer loop
      vertex -31.555634918610405 -47 11.555634918610405
      vertex -31.745377348640716 -44.600000001490116 11.339275143819185
      vertex -31.555634918610405 -44.600000001490116 11.555634918610405
    endloop
  endfacet
  facet normal 0.6593458151000694 0 -0.7518398074789768
    outer loop
      vertex -31.339275143819187 -47 11.745377348640718
      vertex -31.555634918610405 -44.600000001490116 11.555634918610405
      vertex -31.339275143819187 -44.600000001490116 11.745377348640718
    endloop
  endfacet
  facet normal 0.5555702330196027 0 -0.8314696123025448
    outer loop
      vertex -31.1 -44.600000001490116 11.905255888325765
      vertex -31.1 -47 11.905255888325765
      vertex -31.339275143819187 -44.600000001490116 11.745377348640718
    endloop
  endfacet
  facet normal -0.9807852804032322 0 0.19509032201611962
    outer loop
      vertex -27.87496318216405 -47 9.430598100774453
      vertex -27.818821304977618 -47 9.712842377115887
      vertex -27.818821304977618 -44.600000001490116 9.712842377115887
    endloop
  endfacet
  facet normal -0.9978589232386035 0 0.06540312923014413
    outer loop
      vertex -27.8 -47 10
      vertex -27.8 -44.600000001490116 10
      vertex -27.818821304977618 -47 9.712842377115887
    endloop
  endfacet
  facet normal -0.9807852804032322 0 -0.19509032201611962
    outer loop
      vertex -27.87496318216405 -47 10.569401899225547
      vertex -27.87496318216405 -44.600000001490116 10.569401899225547
      vertex -27.818821304977618 -47 10.287157622884113
    endloop
  endfacet
  facet normal -0.9978589232386035 0 -0.06540312923014413
    outer loop
      vertex -27.818821304977618 -47 10.287157622884113
      vertex -27.818821304977618 -44.600000001490116 10.287157622884113
      vertex -27.8 -47 10
    endloop
  endfacet
  facet normal -0.9807852804032322 0 0.19509032201611962
    outer loop
      vertex -27.87496318216405 -47 9.430598100774453
      vertex -27.818821304977618 -44.600000001490116 9.712842377115887
      vertex -27.87496318216405 -44.600000001490116 9.430598100774453
    endloop
  endfacet
  facet normal -0.9978589232386035 0 0.06540312923014413
    outer loop
      vertex -27.818821304977618 -47 9.712842377115887
      vertex -27.8 -44.600000001490116 10
      vertex -27.818821304977618 -44.600000001490116 9.712842377115887
    endloop
  endfacet
  facet normal -0.9469301294951051 0 -0.32143946530316275
    outer loop
      vertex -27.87496318216405 -47 10.569401899225547
      vertex -27.967465028475168 -44.600000001490116 10.841903551203197
      vertex -27.87496318216405 -44.600000001490116 10.569401899225547
    endloop
  endfacet
  facet normal -0.9978589232386035 0 -0.06540312923014413
    outer loop
      vertex -27.8 -47 10
      vertex -27.818821304977618 -44.600000001490116 10.287157622884113
      vertex -27.8 -44.600000001490116 10
    endloop
  endfacet
  facet normal -0.9807852804032322 0 -0.19509032201611962
    outer loop
      vertex -27.818821304977618 -47 10.287157622884113
      vertex -27.87496318216405 -44.600000001490116 10.569401899225547
      vertex -27.818821304977618 -44.600000001490116 10.287157622884113
    endloop
  endfacet
  facet normal -0.5555702330196027 0 -0.8314696123025448
    outer loop
      vertex -28.660724856180813 -47 11.745377348640718
      vertex -28.9 -47 11.905255888325765
      vertex -28.9 -44.600000001490116 11.905255888325765
    endloop
  endfacet
  facet normal -0.5555702330196027 0 -0.8314696123025448
    outer loop
      vertex -28.660724856180813 -44.600000001490116 11.745377348640718
      vertex -28.660724856180813 -47 11.745377348640718
      vertex -28.9 -44.600000001490116 11.905255888325765
    endloop
  endfacet
  facet normal -0.9469301294951051 0 -0.32143946530316275
    outer loop
      vertex -27.87496318216405 -47 10.569401899225547
      vertex -27.967465028475168 -47 10.841903551203197
      vertex -27.967465028475168 -44.600000001490116 10.841903551203197
    endloop
  endfacet
  facet normal -0.8968727415326868 0 -0.4422886902190042
    outer loop
      vertex -28.094744111674235 -47 11.1
      vertex -28.094744111674235 -44.600000001490116 11.1
      vertex -27.967465028475168 -47 10.841903551203197
    endloop
  endfacet
  facet normal -0.831469612302542 0 -0.5555702330196071
    outer loop
      vertex -28.254622651359284 -47 11.339275143819185
      vertex -28.254622651359284 -44.600000001490116 11.339275143819185
      vertex -28.094744111674235 -47 11.1
    endloop
  endfacet
  facet normal -0.7518398074789825 0 -0.659345815100063
    outer loop
      vertex -28.254622651359284 -47 11.339275143819185
      vertex -28.444365081389595 -47 11.555634918610405
      vertex -28.444365081389595 -44.600000001490116 11.555634918610405
    endloop
  endfacet
  facet normal -0.6593458151000694 0 -0.7518398074789768
    outer loop
      vertex -28.444365081389595 -47 11.555634918610405
      vertex -28.660724856180813 -47 11.745377348640718
      vertex -28.660724856180813 -44.600000001490116 11.745377348640718
    endloop
  endfacet
  facet normal -0.8968727415326868 0 -0.4422886902190042
    outer loop
      vertex -27.967465028475168 -47 10.841903551203197
      vertex -28.094744111674235 -44.600000001490116 11.1
      vertex -27.967465028475168 -44.600000001490116 10.841903551203197
    endloop
  endfacet
  facet normal -0.831469612302542 0 -0.5555702330196071
    outer loop
      vertex -28.094744111674235 -47 11.1
      vertex -28.254622651359284 -44.600000001490116 11.339275143819185
      vertex -28.094744111674235 -44.600000001490116 11.1
    endloop
  endfacet
  facet normal -0.7518398074789825 0 -0.659345815100063
    outer loop
      vertex -28.254622651359284 -47 11.339275143819185
      vertex -28.444365081389595 -44.600000001490116 11.555634918610405
      vertex -28.254622651359284 -44.600000001490116 11.339275143819185
    endloop
  endfacet
  facet normal -0.6593458151000694 0 -0.7518398074789768
    outer loop
      vertex -28.444365081389595 -47 11.555634918610405
      vertex -28.660724856180813 -44.600000001490116 11.745377348640718
      vertex -28.444365081389595 -44.600000001490116 11.555634918610405
    endloop
  endfacet
  facet normal 0.4422886902189992 0 -0.8968727415326893
    outer loop
      vertex -30.8419035512032 -47 12.03253497152483
      vertex -31.1 -47 11.905255888325765
      vertex -31.1 -44.600000001490116 11.905255888325765
    endloop
  endfacet
  facet normal 0.3214394653031664 0 -0.946930129495104
    outer loop
      vertex -30.8419035512032 -47 12.03253497152483
      vertex -30.8419035512032 -44.600000001490116 12.03253497152483
      vertex -30.569401899225547 -47 12.125036817835952
    endloop
  endfacet
  facet normal 0.19509032201611962 0 -0.9807852804032322
    outer loop
      vertex -30.287157622884113 -47 12.181178695022382
      vertex -30.569401899225547 -47 12.125036817835952
      vertex -30.569401899225547 -44.600000001490116 12.125036817835952
    endloop
  endfacet
  facet normal 0.4422886902189992 0 -0.8968727415326893
    outer loop
      vertex -30.8419035512032 -47 12.03253497152483
      vertex -31.1 -44.600000001490116 11.905255888325765
      vertex -30.8419035512032 -44.600000001490116 12.03253497152483
    endloop
  endfacet
  facet normal 0.3214394653031664 0 -0.946930129495104
    outer loop
      vertex -30.569401899225547 -47 12.125036817835952
      vertex -30.8419035512032 -44.600000001490116 12.03253497152483
      vertex -30.569401899225547 -44.600000001490116 12.125036817835952
    endloop
  endfacet
  facet normal 0.19509032201611962 0 -0.9807852804032322
    outer loop
      vertex -30.287157622884113 -47 12.181178695022382
      vertex -30.569401899225547 -44.600000001490116 12.125036817835952
      vertex -30.287157622884113 -44.600000001490116 12.181178695022382
    endloop
  endfacet
  facet normal -0.19509032201611962 0 -0.9807852804032322
    outer loop
      vertex -29.430598100774453 -47 12.125036817835952
      vertex -29.712842377115887 -47 12.181178695022382
      vertex -29.712842377115887 -44.600000001490116 12.181178695022382
    endloop
  endfacet
  facet normal 0.06540312923014413 0 -0.9978589232386035
    outer loop
      vertex -30 -47 12.2
      vertex -30.287157622884113 -47 12.181178695022382
      vertex -30.287157622884113 -44.600000001490116 12.181178695022382
    endloop
  endfacet
  facet normal -0.06540312923014413 0 -0.9978589232386035
    outer loop
      vertex -29.712842377115887 -47 12.181178695022382
      vertex -30 -47 12.2
      vertex -30 -44.600000001490116 12.2
    endloop
  endfacet
  facet normal -0.3214394653031664 0 -0.946930129495104
    outer loop
      vertex -29.1580964487968 -47 12.03253497152483
      vertex -29.430598100774453 -47 12.125036817835952
      vertex -29.430598100774453 -44.600000001490116 12.125036817835952
    endloop
  endfacet
  facet normal -0.4422886902189992 0 -0.8968727415326893
    outer loop
      vertex -29.1580964487968 -47 12.03253497152483
      vertex -29.1580964487968 -44.600000001490116 12.03253497152483
      vertex -28.9 -47 11.905255888325765
    endloop
  endfacet
  facet normal 0.06540312923014413 0 -0.9978589232386035
    outer loop
      vertex -30 -47 12.2
      vertex -30.287157622884113 -44.600000001490116 12.181178695022382
      vertex -30 -44.600000001490116 12.2
    endloop
  endfacet
  facet normal -0.06540312923014413 0 -0.9978589232386035
    outer loop
      vertex -29.712842377115887 -47 12.181178695022382
      vertex -30 -44.600000001490116 12.2
      vertex -29.712842377115887 -44.600000001490116 12.181178695022382
    endloop
  endfacet
  facet normal -0.19509032201611962 0 -0.9807852804032322
    outer loop
      vertex -29.430598100774453 -47 12.125036817835952
      vertex -29.712842377115887 -44.600000001490116 12.181178695022382
      vertex -29.430598100774453 -44.600000001490116 12.125036817835952
    endloop
  endfacet
  facet normal -0.3214394653031664 0 -0.946930129495104
    outer loop
      vertex -29.1580964487968 -47 12.03253497152483
      vertex -29.430598100774453 -44.600000001490116 12.125036817835952
      vertex -29.1580964487968 -44.600000001490116 12.03253497152483
    endloop
  endfacet
  facet normal -0.4422886902189992 0 -0.8968727415326893
    outer loop
      vertex -28.9 -47 11.905255888325765
      vertex -29.1580964487968 -44.600000001490116 12.03253497152483
      vertex -28.9 -44.600000001490116 11.905255888325765
    endloop
  endfacet
  facet normal 0.4422886902190042 0 0.8968727415326868
    outer loop
      vertex -31.1 -47 26.094744111674235
      vertex -30.8419035512032 -47 25.967465028475168
      vertex -30.8419035512032 -44.600000001490116 25.967465028475168
    endloop
  endfacet
  facet normal 0.3214394653031609 0 0.946930129495106
    outer loop
      vertex -30.8419035512032 -47 25.967465028475168
      vertex -30.569401899225547 -47 25.87496318216405
      vertex -30.569401899225547 -44.600000001490116 25.87496318216405
    endloop
  endfacet
  facet normal 0.19509032201611962 0 0.9807852804032322
    outer loop
      vertex -30.569401899225547 -47 25.87496318216405
      vertex -30.287157622884113 -47 25.818821304977618
      vertex -30.287157622884113 -44.600000001490116 25.818821304977618
    endloop
  endfacet
  facet normal 0.4422886902190042 0 0.8968727415326868
    outer loop
      vertex -31.1 -47 26.094744111674235
      vertex -30.8419035512032 -44.600000001490116 25.967465028475168
      vertex -31.1 -44.600000001490116 26.094744111674235
    endloop
  endfacet
  facet normal 0.3214394653031609 0 0.946930129495106
    outer loop
      vertex -30.8419035512032 -47 25.967465028475168
      vertex -30.569401899225547 -44.600000001490116 25.87496318216405
      vertex -30.8419035512032 -44.600000001490116 25.967465028475168
    endloop
  endfacet
  facet normal 0.19509032201611962 0 0.9807852804032322
    outer loop
      vertex -30.569401899225547 -47 25.87496318216405
      vertex -30.287157622884113 -44.600000001490116 25.818821304977618
      vertex -30.569401899225547 -44.600000001490116 25.87496318216405
    endloop
  endfacet
  facet normal 0.06540312923014413 0 0.9978589232386035
    outer loop
      vertex -30.287157622884113 -47 25.818821304977618
      vertex -30 -47 25.8
      vertex -30 -44.600000001490116 25.8
    endloop
  endfacet
  facet normal -0.06540312923014413 0 0.9978589232386035
    outer loop
      vertex -30 -47 25.8
      vertex -29.712842377115887 -47 25.818821304977618
      vertex -29.712842377115887 -44.600000001490116 25.818821304977618
    endloop
  endfacet
  facet normal -0.19509032201611962 0 0.9807852804032322
    outer loop
      vertex -29.712842377115887 -47 25.818821304977618
      vertex -29.430598100774453 -47 25.87496318216405
      vertex -29.430598100774453 -44.600000001490116 25.87496318216405
    endloop
  endfacet
  facet normal -0.3214394653031609 0 0.946930129495106
    outer loop
      vertex -29.430598100774453 -47 25.87496318216405
      vertex -29.1580964487968 -47 25.967465028475168
      vertex -29.1580964487968 -44.600000001490116 25.967465028475168
    endloop
  endfacet
  facet normal -0.4422886902190042 0 0.8968727415326868
    outer loop
      vertex -29.1580964487968 -47 25.967465028475168
      vertex -28.9 -47 26.094744111674235
      vertex -28.9 -44.600000001490116 26.094744111674235
    endloop
  endfacet
  facet normal 0.06540312923014413 0 0.9978589232386035
    outer loop
      vertex -30.287157622884113 -47 25.818821304977618
      vertex -30 -44.600000001490116 25.8
      vertex -30.287157622884113 -44.600000001490116 25.818821304977618
    endloop
  endfacet
  facet normal -0.06540312923014413 0 0.9978589232386035
    outer loop
      vertex -30 -47 25.8
      vertex -29.712842377115887 -44.600000001490116 25.818821304977618
      vertex -30 -44.600000001490116 25.8
    endloop
  endfacet
  facet normal -0.19509032201611962 0 0.9807852804032322
    outer loop
      vertex -29.712842377115887 -47 25.818821304977618
      vertex -29.430598100774453 -44.600000001490116 25.87496318216405
      vertex -29.712842377115887 -44.600000001490116 25.818821304977618
    endloop
  endfacet
  facet normal -0.3214394653031609 0 0.946930129495106
    outer loop
      vertex -29.430598100774453 -47 25.87496318216405
      vertex -29.1580964487968 -44.600000001490116 25.967465028475168
      vertex -29.430598100774453 -44.600000001490116 25.87496318216405
    endloop
  endfacet
  facet normal -0.4422886902190042 0 0.8968727415326868
    outer loop
      vertex -29.1580964487968 -47 25.967465028475168
      vertex -28.9 -44.600000001490116 26.094744111674235
      vertex -29.1580964487968 -44.600000001490116 25.967465028475168
    endloop
  endfacet
  facet normal 0.9469301294951096 0 0.3214394653031498
    outer loop
      vertex -32.03253497152483 -47 27.1580964487968
      vertex -32.03253497152483 -44.600000001490116 27.1580964487968
      vertex -32.12503681783595 -47 27.430598100774453
    endloop
  endfacet
  facet normal 0.6593458151000661 0 0.7518398074789799
    outer loop
      vertex -31.555634918610405 -47 26.444365081389595
      vertex -31.339275143819187 -47 26.254622651359284
      vertex -31.339275143819187 -44.600000001490116 26.254622651359284
    endloop
  endfacet
  facet normal 0.7518398074789799 0 0.6593458151000661
    outer loop
      vertex -31.745377348640716 -47 26.660724856180813
      vertex -31.555634918610405 -47 26.444365081389595
      vertex -31.555634918610405 -44.600000001490116 26.444365081389595
    endloop
  endfacet
  facet normal 0.5555702330196071 0 0.831469612302542
    outer loop
      vertex -31.1 -47 26.094744111674235
      vertex -31.1 -44.600000001490116 26.094744111674235
      vertex -31.339275143819187 -47 26.254622651359284
    endloop
  endfacet
  facet normal 0.831469612302542 0 0.5555702330196071
    outer loop
      vertex -31.745377348640716 -47 26.660724856180813
      vertex -31.745377348640716 -44.600000001490116 26.660724856180813
      vertex -31.905255888325765 -47 26.9
    endloop
  endfacet
  facet normal 0.8968727415326868 0 0.4422886902190042
    outer loop
      vertex -31.905255888325765 -47 26.9
      vertex -31.905255888325765 -44.600000001490116 26.9
      vertex -32.03253497152483 -47 27.1580964487968
    endloop
  endfacet
  facet normal 0.5555702330196071 0 0.831469612302542
    outer loop
      vertex -31.339275143819187 -44.600000001490116 26.254622651359284
      vertex -31.339275143819187 -47 26.254622651359284
      vertex -31.1 -44.600000001490116 26.094744111674235
    endloop
  endfacet
  facet normal 0.6593458151000661 0 0.7518398074789799
    outer loop
      vertex -31.555634918610405 -47 26.444365081389595
      vertex -31.339275143819187 -44.600000001490116 26.254622651359284
      vertex -31.555634918610405 -44.600000001490116 26.444365081389595
    endloop
  endfacet
  facet normal 0.7518398074789799 0 0.6593458151000661
    outer loop
      vertex -31.745377348640716 -47 26.660724856180813
      vertex -31.555634918610405 -44.600000001490116 26.444365081389595
      vertex -31.745377348640716 -44.600000001490116 26.660724856180813
    endloop
  endfacet
  facet normal 0.831469612302542 0 0.5555702330196071
    outer loop
      vertex -31.905255888325765 -47 26.9
      vertex -31.745377348640716 -44.600000001490116 26.660724856180813
      vertex -31.905255888325765 -44.600000001490116 26.9
    endloop
  endfacet
  facet normal 0.8968727415326868 0 0.4422886902190042
    outer loop
      vertex -32.03253497152483 -47 27.1580964487968
      vertex -31.905255888325765 -44.600000001490116 26.9
      vertex -32.03253497152483 -44.600000001490116 27.1580964487968
    endloop
  endfacet
  facet normal 0.9807852804032298 0 0.1950903220161315
    outer loop
      vertex -32.12503681783595 -47 27.430598100774453
      vertex -32.12503681783595 -44.600000001490116 27.430598100774453
      vertex -32.18117869502238 -47 27.712842377115887
    endloop
  endfacet
  facet normal 0.9978589232386027 0 0.06540312923015643
    outer loop
      vertex -32.18117869502238 -47 27.712842377115887
      vertex -32.18117869502238 -44.600000001490116 27.712842377115887
      vertex -32.2 -47 28
    endloop
  endfacet
  facet normal 0.9978589232386027 0 -0.06540312923015643
    outer loop
      vertex -32.2 -47 28
      vertex -32.2 -44.600000001490116 28
      vertex -32.18117869502238 -47 28.287157622884113
    endloop
  endfacet
  facet normal 0.9807852804032298 0 -0.1950903220161315
    outer loop
      vertex -32.18117869502238 -47 28.287157622884113
      vertex -32.18117869502238 -44.600000001490116 28.287157622884113
      vertex -32.12503681783595 -47 28.569401899225547
    endloop
  endfacet
  facet normal 0.9469301294951096 0 0.3214394653031498
    outer loop
      vertex -32.12503681783595 -47 27.430598100774453
      vertex -32.03253497152483 -44.600000001490116 27.1580964487968
      vertex -32.12503681783595 -44.600000001490116 27.430598100774453
    endloop
  endfacet
  facet normal 0.9807852804032298 0 0.1950903220161315
    outer loop
      vertex -32.18117869502238 -47 27.712842377115887
      vertex -32.12503681783595 -44.600000001490116 27.430598100774453
      vertex -32.18117869502238 -44.600000001490116 27.712842377115887
    endloop
  endfacet
  facet normal 0.9978589232386027 0 0.06540312923015643
    outer loop
      vertex -32.2 -47 28
      vertex -32.18117869502238 -44.600000001490116 27.712842377115887
      vertex -32.2 -44.600000001490116 28
    endloop
  endfacet
  facet normal 0.9978589232386027 0 -0.06540312923015643
    outer loop
      vertex -32.18117869502238 -47 28.287157622884113
      vertex -32.2 -44.600000001490116 28
      vertex -32.18117869502238 -44.600000001490116 28.287157622884113
    endloop
  endfacet
  facet normal 0.9807852804032298 0 -0.1950903220161315
    outer loop
      vertex -32.12503681783595 -47 28.569401899225547
      vertex -32.18117869502238 -44.600000001490116 28.287157622884113
      vertex -32.12503681783595 -44.600000001490116 28.569401899225547
    endloop
  endfacet
  facet normal -0.5555702330196071 0 0.831469612302542
    outer loop
      vertex -28.9 -47 26.094744111674235
      vertex -28.660724856180813 -47 26.254622651359284
      vertex -28.660724856180813 -44.600000001490116 26.254622651359284
    endloop
  endfacet
  facet normal -0.5555702330196071 0 0.831469612302542
    outer loop
      vertex -28.9 -47 26.094744111674235
      vertex -28.660724856180813 -44.600000001490116 26.254622651359284
      vertex -28.9 -44.600000001490116 26.094744111674235
    endloop
  endfacet
  facet normal -0.6593458151000661 0 0.7518398074789799
    outer loop
      vertex -28.660724856180813 -47 26.254622651359284
      vertex -28.444365081389595 -47 26.444365081389595
      vertex -28.444365081389595 -44.600000001490116 26.444365081389595
    endloop
  endfacet
  facet normal -0.7518398074789799 0 0.6593458151000661
    outer loop
      vertex -28.254622651359284 -47 26.660724856180813
      vertex -28.254622651359284 -44.600000001490116 26.660724856180813
      vertex -28.444365081389595 -47 26.444365081389595
    endloop
  endfacet
  facet normal -0.831469612302542 0 0.5555702330196071
    outer loop
      vertex -28.094744111674235 -47 26.9
      vertex -28.094744111674235 -44.600000001490116 26.9
      vertex -28.254622651359284 -47 26.660724856180813
    endloop
  endfacet
  facet normal -0.8968727415326868 0 0.4422886902190042
    outer loop
      vertex -28.094744111674235 -47 26.9
      vertex -27.967465028475168 -47 27.1580964487968
      vertex -27.967465028475168 -44.600000001490116 27.1580964487968
    endloop
  endfacet
  facet normal -0.6593458151000661 0 0.7518398074789799
    outer loop
      vertex -28.660724856180813 -47 26.254622651359284
      vertex -28.444365081389595 -44.600000001490116 26.444365081389595
      vertex -28.660724856180813 -44.600000001490116 26.254622651359284
    endloop
  endfacet
  facet normal -0.7518398074789799 0 0.6593458151000661
    outer loop
      vertex -28.444365081389595 -47 26.444365081389595
      vertex -28.254622651359284 -44.600000001490116 26.660724856180813
      vertex -28.444365081389595 -44.600000001490116 26.444365081389595
    endloop
  endfacet
  facet normal -0.831469612302542 0 0.5555702330196071
    outer loop
      vertex -28.254622651359284 -47 26.660724856180813
      vertex -28.094744111674235 -44.600000001490116 26.9
      vertex -28.254622651359284 -44.600000001490116 26.660724856180813
    endloop
  endfacet
  facet normal -0.8968727415326868 0 0.4422886902190042
    outer loop
      vertex -28.094744111674235 -47 26.9
      vertex -27.967465028475168 -44.600000001490116 27.1580964487968
      vertex -28.094744111674235 -44.600000001490116 26.9
    endloop
  endfacet
  facet normal -0.946930129495106 0 0.3214394653031609
    outer loop
      vertex -27.967465028475168 -47 27.1580964487968
      vertex -27.87496318216405 -44.600000001490116 27.430598100774453
      vertex -27.967465028475168 -44.600000001490116 27.1580964487968
    endloop
  endfacet
  facet normal -0.946930129495106 0 0.3214394653031609
    outer loop
      vertex -27.967465028475168 -47 27.1580964487968
      vertex -27.87496318216405 -47 27.430598100774453
      vertex -27.87496318216405 -44.600000001490116 27.430598100774453
    endloop
  endfacet
  facet normal -0.9807852804032322 0 0.19509032201611962
    outer loop
      vertex -27.818821304977618 -47 27.712842377115887
      vertex -27.818821304977618 -44.600000001490116 27.712842377115887
      vertex -27.87496318216405 -47 27.430598100774453
    endloop
  endfacet
  facet normal -0.9978589232386035 0 0.06540312923014413
    outer loop
      vertex -27.8 -47 28
      vertex -27.8 -44.600000001490116 28
      vertex -27.818821304977618 -47 27.712842377115887
    endloop
  endfacet
  facet normal -0.9807852804032322 0 -0.19509032201611962
    outer loop
      vertex -27.818821304977618 -47 28.287157622884113
      vertex -27.87496318216405 -47 28.569401899225547
      vertex -27.87496318216405 -44.600000001490116 28.569401899225547
    endloop
  endfacet
  facet normal -0.9978589232386035 0 -0.06540312923014413
    outer loop
      vertex -27.8 -47 28
      vertex -27.818821304977618 -47 28.287157622884113
      vertex -27.818821304977618 -44.600000001490116 28.287157622884113
    endloop
  endfacet
  facet normal -0.9807852804032322 0 0.19509032201611962
    outer loop
      vertex -27.87496318216405 -47 27.430598100774453
      vertex -27.818821304977618 -44.600000001490116 27.712842377115887
      vertex -27.87496318216405 -44.600000001490116 27.430598100774453
    endloop
  endfacet
  facet normal -0.9978589232386035 0 0.06540312923014413
    outer loop
      vertex -27.818821304977618 -47 27.712842377115887
      vertex -27.8 -44.600000001490116 28
      vertex -27.818821304977618 -44.600000001490116 27.712842377115887
    endloop
  endfacet
  facet normal -0.9978589232386035 0 -0.06540312923014413
    outer loop
      vertex -27.8 -47 28
      vertex -27.818821304977618 -44.600000001490116 28.287157622884113
      vertex -27.8 -44.600000001490116 28
    endloop
  endfacet
  facet normal -0.9807852804032322 0 -0.19509032201611962
    outer loop
      vertex -27.818821304977618 -47 28.287157622884113
      vertex -27.87496318216405 -44.600000001490116 28.569401899225547
      vertex -27.818821304977618 -44.600000001490116 28.287157622884113
    endloop
  endfacet
  facet normal 0.9469301294951096 0 -0.3214394653031498
    outer loop
      vertex -32.12503681783595 -47 28.569401899225547
      vertex -32.12503681783595 -44.600000001490116 28.569401899225547
      vertex -32.03253497152483 -47 28.8419035512032
    endloop
  endfacet
  facet normal 0.9469301294951096 0 -0.3214394653031498
    outer loop
      vertex -32.03253497152483 -47 28.8419035512032
      vertex -32.12503681783595 -44.600000001490116 28.569401899225547
      vertex -32.03253497152483 -44.600000001490116 28.8419035512032
    endloop
  endfacet
  facet normal 0.8968727415326868 0 -0.4422886902190042
    outer loop
      vertex -32.03253497152483 -47 28.8419035512032
      vertex -32.03253497152483 -44.600000001490116 28.8419035512032
      vertex -31.905255888325765 -47 29.1
    endloop
  endfacet
  facet normal 0.831469612302542 0 -0.5555702330196071
    outer loop
      vertex -31.905255888325765 -47 29.1
      vertex -31.905255888325765 -44.600000001490116 29.1
      vertex -31.745377348640716 -47 29.339275143819187
    endloop
  endfacet
  facet normal 0.7518398074789799 0 -0.6593458151000661
    outer loop
      vertex -31.745377348640716 -47 29.339275143819187
      vertex -31.745377348640716 -44.600000001490116 29.339275143819187
      vertex -31.555634918610405 -47 29.555634918610405
    endloop
  endfacet
  facet normal 0.6593458151000661 0 -0.7518398074789799
    outer loop
      vertex -31.555634918610405 -47 29.555634918610405
      vertex -31.555634918610405 -44.600000001490116 29.555634918610405
      vertex -31.339275143819187 -47 29.745377348640716
    endloop
  endfacet
  facet normal 0.8968727415326868 0 -0.4422886902190042
    outer loop
      vertex -31.905255888325765 -47 29.1
      vertex -32.03253497152483 -44.600000001490116 28.8419035512032
      vertex -31.905255888325765 -44.600000001490116 29.1
    endloop
  endfacet
  facet normal 0.831469612302542 0 -0.5555702330196071
    outer loop
      vertex -31.745377348640716 -47 29.339275143819187
      vertex -31.905255888325765 -44.600000001490116 29.1
      vertex -31.745377348640716 -44.600000001490116 29.339275143819187
    endloop
  endfacet
  facet normal 0.7518398074789799 0 -0.6593458151000661
    outer loop
      vertex -31.555634918610405 -47 29.555634918610405
      vertex -31.745377348640716 -44.600000001490116 29.339275143819187
      vertex -31.555634918610405 -44.600000001490116 29.555634918610405
    endloop
  endfacet
  facet normal 0.6593458151000661 0 -0.7518398074789799
    outer loop
      vertex -31.339275143819187 -47 29.745377348640716
      vertex -31.555634918610405 -44.600000001490116 29.555634918610405
      vertex -31.339275143819187 -44.600000001490116 29.745377348640716
    endloop
  endfacet
  facet normal 0.5555702330196071 0 -0.831469612302542
    outer loop
      vertex -31.1 -47 29.905255888325765
      vertex -31.339275143819187 -47 29.745377348640716
      vertex -31.339275143819187 -44.600000001490116 29.745377348640716
    endloop
  endfacet
  facet normal 0.4422886902190042 0 -0.8968727415326868
    outer loop
      vertex -30.8419035512032 -47 30.032534971524832
      vertex -31.1 -47 29.905255888325765
      vertex -31.1 -44.600000001490116 29.905255888325765
    endloop
  endfacet
  facet normal 0.3214394653031609 0 -0.946930129495106
    outer loop
      vertex -30.8419035512032 -47 30.032534971524832
      vertex -30.8419035512032 -44.600000001490116 30.032534971524832
      vertex -30.569401899225547 -47 30.12503681783595
    endloop
  endfacet
  facet normal 0.19509032201611962 0 -0.9807852804032322
    outer loop
      vertex -30.287157622884113 -47 30.181178695022382
      vertex -30.569401899225547 -47 30.12503681783595
      vertex -30.569401899225547 -44.600000001490116 30.12503681783595
    endloop
  endfacet
  facet normal 0.5555702330196071 0 -0.831469612302542
    outer loop
      vertex -31.1 -47 29.905255888325765
      vertex -31.339275143819187 -44.600000001490116 29.745377348640716
      vertex -31.1 -44.600000001490116 29.905255888325765
    endloop
  endfacet
  facet normal 0.4422886902190042 0 -0.8968727415326868
    outer loop
      vertex -30.8419035512032 -47 30.032534971524832
      vertex -31.1 -44.600000001490116 29.905255888325765
      vertex -30.8419035512032 -44.600000001490116 30.032534971524832
    endloop
  endfacet
  facet normal 0.3214394653031609 0 -0.946930129495106
    outer loop
      vertex -30.569401899225547 -47 30.12503681783595
      vertex -30.8419035512032 -44.600000001490116 30.032534971524832
      vertex -30.569401899225547 -44.600000001490116 30.12503681783595
    endloop
  endfacet
  facet normal 0.19509032201611962 0 -0.9807852804032322
    outer loop
      vertex -30.287157622884113 -47 30.181178695022382
      vertex -30.569401899225547 -44.600000001490116 30.12503681783595
      vertex -30.287157622884113 -44.600000001490116 30.181178695022382
    endloop
  endfacet
  facet normal -0.946930129495106 0 -0.3214394653031609
    outer loop
      vertex -27.967465028475168 -47 28.8419035512032
      vertex -27.967465028475168 -44.600000001490116 28.8419035512032
      vertex -27.87496318216405 -47 28.569401899225547
    endloop
  endfacet
  facet normal -0.8968727415326868 0 -0.4422886902190042
    outer loop
      vertex -28.094744111674235 -47 29.1
      vertex -28.094744111674235 -44.600000001490116 29.1
      vertex -27.967465028475168 -47 28.8419035512032
    endloop
  endfacet
  facet normal -0.831469612302542 0 -0.5555702330196071
    outer loop
      vertex -28.094744111674235 -47 29.1
      vertex -28.254622651359284 -47 29.339275143819187
      vertex -28.254622651359284 -44.600000001490116 29.339275143819187
    endloop
  endfacet
  facet normal -0.7518398074789799 0 -0.6593458151000661
    outer loop
      vertex -28.254622651359284 -47 29.339275143819187
      vertex -28.444365081389595 -47 29.555634918610405
      vertex -28.444365081389595 -44.600000001490116 29.555634918610405
    endloop
  endfacet
  facet normal -0.6593458151000661 0 -0.7518398074789799
    outer loop
      vertex -28.444365081389595 -47 29.555634918610405
      vertex -28.660724856180813 -47 29.745377348640716
      vertex -28.660724856180813 -44.600000001490116 29.745377348640716
    endloop
  endfacet
  facet normal -0.946930129495106 0 -0.3214394653031609
    outer loop
      vertex -27.87496318216405 -47 28.569401899225547
      vertex -27.967465028475168 -44.600000001490116 28.8419035512032
      vertex -27.87496318216405 -44.600000001490116 28.569401899225547
    endloop
  endfacet
  facet normal -0.8968727415326868 0 -0.4422886902190042
    outer loop
      vertex -27.967465028475168 -47 28.8419035512032
      vertex -28.094744111674235 -44.600000001490116 29.1
      vertex -27.967465028475168 -44.600000001490116 28.8419035512032
    endloop
  endfacet
  facet normal -0.831469612302542 0 -0.5555702330196071
    outer loop
      vertex -28.094744111674235 -47 29.1
      vertex -28.254622651359284 -44.600000001490116 29.339275143819187
      vertex -28.094744111674235 -44.600000001490116 29.1
    endloop
  endfacet
  facet normal -0.7518398074789799 0 -0.6593458151000661
    outer loop
      vertex -28.254622651359284 -47 29.339275143819187
      vertex -28.444365081389595 -44.600000001490116 29.555634918610405
      vertex -28.254622651359284 -44.600000001490116 29.339275143819187
    endloop
  endfacet
  facet normal -0.6593458151000661 0 -0.7518398074789799
    outer loop
      vertex -28.444365081389595 -47 29.555634918610405
      vertex -28.660724856180813 -44.600000001490116 29.745377348640716
      vertex -28.444365081389595 -44.600000001490116 29.555634918610405
    endloop
  endfacet
  facet normal 0.06540312923014413 0 -0.9978589232386035
    outer loop
      vertex -30 -47 30.2
      vertex -30.287157622884113 -47 30.181178695022382
      vertex -30.287157622884113 -44.600000001490116 30.181178695022382
    endloop
  endfacet
  facet normal -0.06540312923014413 0 -0.9978589232386035
    outer loop
      vertex -29.712842377115887 -47 30.181178695022382
      vertex -30 -47 30.2
      vertex -30 -44.600000001490116 30.2
    endloop
  endfacet
  facet normal -0.19509032201611962 0 -0.9807852804032322
    outer loop
      vertex -29.430598100774453 -47 30.12503681783595
      vertex -29.712842377115887 -47 30.181178695022382
      vertex -29.712842377115887 -44.600000001490116 30.181178695022382
    endloop
  endfacet
  facet normal -0.5555702330196071 0 -0.831469612302542
    outer loop
      vertex -28.660724856180813 -47 29.745377348640716
      vertex -28.9 -47 29.905255888325765
      vertex -28.9 -44.600000001490116 29.905255888325765
    endloop
  endfacet
  facet normal -0.3214394653031609 0 -0.946930129495106
    outer loop
      vertex -29.1580964487968 -47 30.032534971524832
      vertex -29.430598100774453 -47 30.12503681783595
      vertex -29.430598100774453 -44.600000001490116 30.12503681783595
    endloop
  endfacet
  facet normal -0.4422886902190042 0 -0.8968727415326868
    outer loop
      vertex -29.1580964487968 -47 30.032534971524832
      vertex -29.1580964487968 -44.600000001490116 30.032534971524832
      vertex -28.9 -47 29.905255888325765
    endloop
  endfacet
  facet normal 0.06540312923014413 0 -0.9978589232386035
    outer loop
      vertex -30 -47 30.2
      vertex -30.287157622884113 -44.600000001490116 30.181178695022382
      vertex -30 -44.600000001490116 30.2
    endloop
  endfacet
  facet normal -0.06540312923014413 0 -0.9978589232386035
    outer loop
      vertex -29.712842377115887 -47 30.181178695022382
      vertex -30 -44.600000001490116 30.2
      vertex -29.712842377115887 -44.600000001490116 30.181178695022382
    endloop
  endfacet
  facet normal -0.5555702330196071 0 -0.831469612302542
    outer loop
      vertex -28.660724856180813 -47 29.745377348640716
      vertex -28.9 -44.600000001490116 29.905255888325765
      vertex -28.660724856180813 -44.600000001490116 29.745377348640716
    endloop
  endfacet
  facet normal -0.4422886902190042 0 -0.8968727415326868
    outer loop
      vertex -28.9 -47 29.905255888325765
      vertex -29.1580964487968 -44.600000001490116 30.032534971524832
      vertex -28.9 -44.600000001490116 29.905255888325765
    endloop
  endfacet
  facet normal -0.3214394653031609 0 -0.946930129495106
    outer loop
      vertex -29.1580964487968 -47 30.032534971524832
      vertex -29.430598100774453 -44.600000001490116 30.12503681783595
      vertex -29.1580964487968 -44.600000001490116 30.032534971524832
    endloop
  endfacet
  facet normal -0.19509032201611962 0 -0.9807852804032322
    outer loop
      vertex -29.430598100774453 -47 30.12503681783595
      vertex -29.712842377115887 -44.600000001490116 30.181178695022382
      vertex -29.430598100774453 -44.600000001490116 30.12503681783595
    endloop
  endfacet
  facet normal 0.4422886902189992 0 0.8968727415326893
    outer loop
      vertex 29.1580964487968 -44.600000001490116 7.96746502847517
      vertex 28.9 -47 8.094744111674235
      vertex 29.1580964487968 -47 7.96746502847517
    endloop
  endfacet
  facet normal 0.32143946530316364 0 0.9469301294951049
    outer loop
      vertex 29.430598100774453 -44.600000001490116 7.874963182164049
      vertex 29.1580964487968 -47 7.96746502847517
      vertex 29.430598100774453 -47 7.874963182164049
    endloop
  endfacet
  facet normal 0.5555702330196027 0 0.8314696123025448
    outer loop
      vertex 28.9 -44.600000001490116 8.094744111674235
      vertex 28.660724856180813 -47 8.254622651359282
      vertex 28.9 -47 8.094744111674235
    endloop
  endfacet
  facet normal 0.19509032201612556 0 0.9807852804032311
    outer loop
      vertex 29.712842377115887 -44.600000001490116 7.818821304977617
      vertex 29.430598100774453 -47 7.874963182164049
      vertex 29.712842377115887 -47 7.818821304977617
    endloop
  endfacet
  facet normal 0.06540312923014413 0 0.9978589232386035
    outer loop
      vertex 30 -44.600000001490116 7.8
      vertex 29.712842377115887 -47 7.818821304977617
      vertex 30 -47 7.8
    endloop
  endfacet
  facet normal -0.06540312923014413 0 0.9978589232386035
    outer loop
      vertex 30.287157622884113 -44.600000001490116 7.818821304977617
      vertex 30 -47 7.8
      vertex 30.287157622884113 -47 7.818821304977617
    endloop
  endfacet
  facet normal 0.19509032201612556 0 0.9807852804032311
    outer loop
      vertex 29.712842377115887 -44.600000001490116 7.818821304977617
      vertex 29.430598100774453 -44.600000001490116 7.874963182164049
      vertex 29.430598100774453 -47 7.874963182164049
    endloop
  endfacet
  facet normal 0.32143946530316364 0 0.9469301294951049
    outer loop
      vertex 29.430598100774453 -44.600000001490116 7.874963182164049
      vertex 29.1580964487968 -44.600000001490116 7.96746502847517
      vertex 29.1580964487968 -47 7.96746502847517
    endloop
  endfacet
  facet normal 0.4422886902189992 0 0.8968727415326893
    outer loop
      vertex 29.1580964487968 -44.600000001490116 7.96746502847517
      vertex 28.9 -44.600000001490116 8.094744111674235
      vertex 28.9 -47 8.094744111674235
    endloop
  endfacet
  facet normal 0.5555702330196027 0 0.8314696123025448
    outer loop
      vertex 28.9 -44.600000001490116 8.094744111674235
      vertex 28.660724856180813 -44.600000001490116 8.254622651359282
      vertex 28.660724856180813 -47 8.254622651359282
    endloop
  endfacet
  facet normal 0.06540312923014413 0 0.9978589232386035
    outer loop
      vertex 30 -44.600000001490116 7.8
      vertex 29.712842377115887 -44.600000001490116 7.818821304977617
      vertex 29.712842377115887 -47 7.818821304977617
    endloop
  endfacet
  facet normal -0.06540312923014413 0 0.9978589232386035
    outer loop
      vertex 30.287157622884113 -44.600000001490116 7.818821304977617
      vertex 30 -44.600000001490116 7.8
      vertex 30 -47 7.8
    endloop
  endfacet
  facet normal 0.6593458151000694 0 0.7518398074789768
    outer loop
      vertex 28.660724856180813 -44.600000001490116 8.254622651359282
      vertex 28.444365081389595 -47 8.444365081389595
      vertex 28.660724856180813 -47 8.254622651359282
    endloop
  endfacet
  facet normal 0.7518398074789825 0 0.659345815100063
    outer loop
      vertex 28.444365081389595 -44.600000001490116 8.444365081389595
      vertex 28.254622651359284 -47 8.660724856180815
      vertex 28.444365081389595 -47 8.444365081389595
    endloop
  endfacet
  facet normal 0.831469612302542 0 0.5555702330196071
    outer loop
      vertex 28.254622651359284 -44.600000001490116 8.660724856180815
      vertex 28.094744111674235 -47 8.9
      vertex 28.254622651359284 -47 8.660724856180815
    endloop
  endfacet
  facet normal 0.8968727415326868 0 0.4422886902190042
    outer loop
      vertex 28.094744111674235 -44.600000001490116 8.9
      vertex 27.967465028475168 -47 9.158096448796803
      vertex 28.094744111674235 -47 8.9
    endloop
  endfacet
  facet normal 0.9469301294951051 0 0.32143946530316275
    outer loop
      vertex 27.967465028475168 -44.600000001490116 9.158096448796803
      vertex 27.87496318216405 -47 9.430598100774453
      vertex 27.967465028475168 -47 9.158096448796803
    endloop
  endfacet
  facet normal 0.6593458151000694 0 0.7518398074789768
    outer loop
      vertex 28.660724856180813 -44.600000001490116 8.254622651359282
      vertex 28.444365081389595 -44.600000001490116 8.444365081389595
      vertex 28.444365081389595 -47 8.444365081389595
    endloop
  endfacet
  facet normal 0.7518398074789825 0 0.659345815100063
    outer loop
      vertex 28.254622651359284 -44.600000001490116 8.660724856180815
      vertex 28.254622651359284 -47 8.660724856180815
      vertex 28.444365081389595 -44.600000001490116 8.444365081389595
    endloop
  endfacet
  facet normal 0.831469612302542 0 0.5555702330196071
    outer loop
      vertex 28.094744111674235 -44.600000001490116 8.9
      vertex 28.094744111674235 -47 8.9
      vertex 28.254622651359284 -44.600000001490116 8.660724856180815
    endloop
  endfacet
  facet normal 0.8968727415326868 0 0.4422886902190042
    outer loop
      vertex 27.967465028475168 -44.600000001490116 9.158096448796803
      vertex 27.967465028475168 -47 9.158096448796803
      vertex 28.094744111674235 -44.600000001490116 8.9
    endloop
  endfacet
  facet normal 0.9469301294951051 0 0.32143946530316275
    outer loop
      vertex 27.87496318216405 -44.600000001490116 9.430598100774453
      vertex 27.87496318216405 -47 9.430598100774453
      vertex 27.967465028475168 -44.600000001490116 9.158096448796803
    endloop
  endfacet
  facet normal -0.19509032201612556 0 0.9807852804032311
    outer loop
      vertex 30.569401899225547 -44.600000001490116 7.874963182164049
      vertex 30.287157622884113 -47 7.818821304977617
      vertex 30.569401899225547 -47 7.874963182164049
    endloop
  endfacet
  facet normal -0.32143946530316364 0 0.9469301294951049
    outer loop
      vertex 30.8419035512032 -44.600000001490116 7.96746502847517
      vertex 30.569401899225547 -47 7.874963182164049
      vertex 30.8419035512032 -47 7.96746502847517
    endloop
  endfacet
  facet normal -0.4422886902189992 0 0.8968727415326893
    outer loop
      vertex 31.1 -44.600000001490116 8.094744111674235
      vertex 30.8419035512032 -47 7.96746502847517
      vertex 31.1 -47 8.094744111674235
    endloop
  endfacet
  facet normal -0.5555702330196027 0 0.8314696123025448
    outer loop
      vertex 31.339275143819187 -44.600000001490116 8.254622651359282
      vertex 31.1 -47 8.094744111674235
      vertex 31.339275143819187 -47 8.254622651359282
    endloop
  endfacet
  facet normal -0.19509032201612556 0 0.9807852804032311
    outer loop
      vertex 30.569401899225547 -44.600000001490116 7.874963182164049
      vertex 30.287157622884113 -44.600000001490116 7.818821304977617
      vertex 30.287157622884113 -47 7.818821304977617
    endloop
  endfacet
  facet normal -0.32143946530316364 0 0.9469301294951049
    outer loop
      vertex 30.8419035512032 -44.600000001490116 7.96746502847517
      vertex 30.569401899225547 -44.600000001490116 7.874963182164049
      vertex 30.569401899225547 -47 7.874963182164049
    endloop
  endfacet
  facet normal -0.4422886902189992 0 0.8968727415326893
    outer loop
      vertex 31.1 -44.600000001490116 8.094744111674235
      vertex 30.8419035512032 -44.600000001490116 7.96746502847517
      vertex 30.8419035512032 -47 7.96746502847517
    endloop
  endfacet
  facet normal -0.5555702330196027 0 0.8314696123025448
    outer loop
      vertex 31.339275143819187 -44.600000001490116 8.254622651359282
      vertex 31.1 -44.600000001490116 8.094744111674235
      vertex 31.1 -47 8.094744111674235
    endloop
  endfacet
  facet normal -0.6593458151000694 0 0.7518398074789768
    outer loop
      vertex 31.555634918610405 -44.600000001490116 8.444365081389595
      vertex 31.339275143819187 -47 8.254622651359282
      vertex 31.555634918610405 -47 8.444365081389595
    endloop
  endfacet
  facet normal -0.7518398074789825 0 0.659345815100063
    outer loop
      vertex 31.555634918610405 -47 8.444365081389595
      vertex 31.745377348640716 -47 8.660724856180815
      vertex 31.745377348640716 -44.600000001490116 8.660724856180815
    endloop
  endfacet
  facet normal -0.831469612302542 0 0.5555702330196071
    outer loop
      vertex 31.905255888325765 -44.600000001490116 8.9
      vertex 31.745377348640716 -47 8.660724856180815
      vertex 31.905255888325765 -47 8.9
    endloop
  endfacet
  facet normal -0.8968727415326868 0 0.4422886902190042
    outer loop
      vertex 32.03253497152483 -44.600000001490116 9.158096448796803
      vertex 31.905255888325765 -47 8.9
      vertex 32.03253497152483 -47 9.158096448796803
    endloop
  endfacet
  facet normal -0.6593458151000694 0 0.7518398074789768
    outer loop
      vertex 31.555634918610405 -44.600000001490116 8.444365081389595
      vertex 31.339275143819187 -44.600000001490116 8.254622651359282
      vertex 31.339275143819187 -47 8.254622651359282
    endloop
  endfacet
  facet normal -0.7518398074789825 0 0.659345815100063
    outer loop
      vertex 31.555634918610405 -44.600000001490116 8.444365081389595
      vertex 31.555634918610405 -47 8.444365081389595
      vertex 31.745377348640716 -44.600000001490116 8.660724856180815
    endloop
  endfacet
  facet normal -0.831469612302542 0 0.5555702330196071
    outer loop
      vertex 31.745377348640716 -44.600000001490116 8.660724856180815
      vertex 31.745377348640716 -47 8.660724856180815
      vertex 31.905255888325765 -44.600000001490116 8.9
    endloop
  endfacet
  facet normal -0.8968727415326868 0 0.4422886902190042
    outer loop
      vertex 31.905255888325765 -44.600000001490116 8.9
      vertex 31.905255888325765 -47 8.9
      vertex 32.03253497152483 -44.600000001490116 9.158096448796803
    endloop
  endfacet
  facet normal -0.946930129495109 0 0.3214394653031517
    outer loop
      vertex 32.12503681783595 -44.600000001490116 9.430598100774453
      vertex 32.03253497152483 -47 9.158096448796803
      vertex 32.12503681783595 -47 9.430598100774453
    endloop
  endfacet
  facet normal -0.946930129495109 0 0.3214394653031517
    outer loop
      vertex 32.03253497152483 -44.600000001490116 9.158096448796803
      vertex 32.03253497152483 -47 9.158096448796803
      vertex 32.12503681783595 -44.600000001490116 9.430598100774453
    endloop
  endfacet
  facet normal 0.9978589232386035 0 0.06540312923014413
    outer loop
      vertex 27.818821304977618 -44.600000001490116 9.712842377115887
      vertex 27.8 -47 10
      vertex 27.818821304977618 -47 9.712842377115887
    endloop
  endfacet
  facet normal 0.9807852804032322 0 0.19509032201611962
    outer loop
      vertex 27.87496318216405 -44.600000001490116 9.430598100774453
      vertex 27.818821304977618 -47 9.712842377115887
      vertex 27.87496318216405 -47 9.430598100774453
    endloop
  endfacet
  facet normal 0.9978589232386035 0 -0.06540312923014413
    outer loop
      vertex 27.8 -44.600000001490116 10
      vertex 27.818821304977618 -47 10.287157622884113
      vertex 27.8 -47 10
    endloop
  endfacet
  facet normal 0.9807852804032322 0 -0.19509032201611962
    outer loop
      vertex 27.818821304977618 -44.600000001490116 10.287157622884113
      vertex 27.87496318216405 -47 10.569401899225547
      vertex 27.818821304977618 -47 10.287157622884113
    endloop
  endfacet
  facet normal 0.9469301294951051 0 -0.32143946530316275
    outer loop
      vertex 27.87496318216405 -44.600000001490116 10.569401899225547
      vertex 27.967465028475168 -47 10.841903551203197
      vertex 27.87496318216405 -47 10.569401899225547
    endloop
  endfacet
  facet normal 0.9807852804032322 0 0.19509032201611962
    outer loop
      vertex 27.87496318216405 -44.600000001490116 9.430598100774453
      vertex 27.818821304977618 -44.600000001490116 9.712842377115887
      vertex 27.818821304977618 -47 9.712842377115887
    endloop
  endfacet
  facet normal 0.9978589232386035 0 0.06540312923014413
    outer loop
      vertex 27.8 -44.600000001490116 10
      vertex 27.8 -47 10
      vertex 27.818821304977618 -44.600000001490116 9.712842377115887
    endloop
  endfacet
  facet normal 0.9978589232386035 0 -0.06540312923014413
    outer loop
      vertex 27.818821304977618 -44.600000001490116 10.287157622884113
      vertex 27.818821304977618 -47 10.287157622884113
      vertex 27.8 -44.600000001490116 10
    endloop
  endfacet
  facet normal 0.9807852804032322 0 -0.19509032201611962
    outer loop
      vertex 27.87496318216405 -44.600000001490116 10.569401899225547
      vertex 27.87496318216405 -47 10.569401899225547
      vertex 27.818821304977618 -44.600000001490116 10.287157622884113
    endloop
  endfacet
  facet normal 0.8968727415326868 0 -0.4422886902190042
    outer loop
      vertex 27.967465028475168 -44.600000001490116 10.841903551203197
      vertex 28.094744111674235 -47 11.1
      vertex 27.967465028475168 -47 10.841903551203197
    endloop
  endfacet
  facet normal 0.831469612302542 0 -0.5555702330196071
    outer loop
      vertex 28.094744111674235 -44.600000001490116 11.1
      vertex 28.254622651359284 -47 11.339275143819185
      vertex 28.094744111674235 -47 11.1
    endloop
  endfacet
  facet normal 0.7518398074789825 0 -0.659345815100063
    outer loop
      vertex 28.254622651359284 -44.600000001490116 11.339275143819185
      vertex 28.444365081389595 -47 11.555634918610405
      vertex 28.254622651359284 -47 11.339275143819185
    endloop
  endfacet
  facet normal 0.6593458151000694 0 -0.7518398074789768
    outer loop
      vertex 28.444365081389595 -47 11.555634918610405
      vertex 28.444365081389595 -44.600000001490116 11.555634918610405
      vertex 28.660724856180813 -47 11.745377348640718
    endloop
  endfacet
  facet normal 0.9469301294951051 0 -0.32143946530316275
    outer loop
      vertex 27.87496318216405 -44.600000001490116 10.569401899225547
      vertex 27.967465028475168 -44.600000001490116 10.841903551203197
      vertex 27.967465028475168 -47 10.841903551203197
    endloop
  endfacet
  facet normal 0.8968727415326868 0 -0.4422886902190042
    outer loop
      vertex 28.094744111674235 -44.600000001490116 11.1
      vertex 28.094744111674235 -47 11.1
      vertex 27.967465028475168 -44.600000001490116 10.841903551203197
    endloop
  endfacet
  facet normal 0.831469612302542 0 -0.5555702330196071
    outer loop
      vertex 28.254622651359284 -44.600000001490116 11.339275143819185
      vertex 28.254622651359284 -47 11.339275143819185
      vertex 28.094744111674235 -44.600000001490116 11.1
    endloop
  endfacet
  facet normal 0.7518398074789825 0 -0.659345815100063
    outer loop
      vertex 28.444365081389595 -44.600000001490116 11.555634918610405
      vertex 28.444365081389595 -47 11.555634918610405
      vertex 28.254622651359284 -44.600000001490116 11.339275143819185
    endloop
  endfacet
  facet normal 0.6593458151000694 0 -0.7518398074789768
    outer loop
      vertex 28.444365081389595 -44.600000001490116 11.555634918610405
      vertex 28.660724856180813 -44.600000001490116 11.745377348640718
      vertex 28.660724856180813 -47 11.745377348640718
    endloop
  endfacet
  facet normal 0.5555702330196027 0 -0.8314696123025448
    outer loop
      vertex 28.660724856180813 -47 11.745377348640718
      vertex 28.660724856180813 -44.600000001490116 11.745377348640718
      vertex 28.9 -47 11.905255888325765
    endloop
  endfacet
  facet normal 0.5555702330196027 0 -0.8314696123025448
    outer loop
      vertex 28.9 -44.600000001490116 11.905255888325765
      vertex 28.9 -47 11.905255888325765
      vertex 28.660724856180813 -44.600000001490116 11.745377348640718
    endloop
  endfacet
  facet normal -0.9807852804032298 0 0.1950903220161315
    outer loop
      vertex 32.12503681783595 -47 9.430598100774453
      vertex 32.18117869502238 -47 9.712842377115887
      vertex 32.18117869502238 -44.600000001490116 9.712842377115887
    endloop
  endfacet
  facet normal -0.9978589232386027 0 0.06540312923015643
    outer loop
      vertex 32.2 -44.600000001490116 10
      vertex 32.18117869502238 -47 9.712842377115887
      vertex 32.2 -47 10
    endloop
  endfacet
  facet normal -0.9978589232386027 0 -0.06540312923015643
    outer loop
      vertex 32.18117869502238 -44.600000001490116 10.287157622884113
      vertex 32.2 -47 10
      vertex 32.18117869502238 -47 10.287157622884113
    endloop
  endfacet
  facet normal -0.9807852804032298 0 -0.1950903220161315
    outer loop
      vertex 32.12503681783595 -44.600000001490116 10.569401899225547
      vertex 32.18117869502238 -47 10.287157622884113
      vertex 32.12503681783595 -47 10.569401899225547
    endloop
  endfacet
  facet normal -0.9807852804032298 0 0.1950903220161315
    outer loop
      vertex 32.12503681783595 -44.600000001490116 9.430598100774453
      vertex 32.12503681783595 -47 9.430598100774453
      vertex 32.18117869502238 -44.600000001490116 9.712842377115887
    endloop
  endfacet
  facet normal -0.9978589232386027 0 0.06540312923015643
    outer loop
      vertex 32.18117869502238 -44.600000001490116 9.712842377115887
      vertex 32.18117869502238 -47 9.712842377115887
      vertex 32.2 -44.600000001490116 10
    endloop
  endfacet
  facet normal -0.9978589232386027 0 -0.06540312923015643
    outer loop
      vertex 32.2 -44.600000001490116 10
      vertex 32.2 -47 10
      vertex 32.18117869502238 -44.600000001490116 10.287157622884113
    endloop
  endfacet
  facet normal -0.9807852804032298 0 -0.1950903220161315
    outer loop
      vertex 32.18117869502238 -44.600000001490116 10.287157622884113
      vertex 32.18117869502238 -47 10.287157622884113
      vertex 32.12503681783595 -44.600000001490116 10.569401899225547
    endloop
  endfacet
  facet normal -0.946930129495109 0 -0.3214394653031517
    outer loop
      vertex 32.12503681783595 -44.600000001490116 10.569401899225547
      vertex 32.12503681783595 -47 10.569401899225547
      vertex 32.03253497152483 -44.600000001490116 10.841903551203197
    endloop
  endfacet
  facet normal -0.8968727415326868 0 -0.4422886902190042
    outer loop
      vertex 31.905255888325765 -44.600000001490116 11.1
      vertex 32.03253497152483 -47 10.841903551203197
      vertex 31.905255888325765 -47 11.1
    endloop
  endfacet
  facet normal -0.831469612302542 0 -0.5555702330196071
    outer loop
      vertex 31.745377348640716 -44.600000001490116 11.339275143819185
      vertex 31.905255888325765 -47 11.1
      vertex 31.745377348640716 -47 11.339275143819185
    endloop
  endfacet
  facet normal -0.5555702330196027 0 -0.8314696123025448
    outer loop
      vertex 31.1 -44.600000001490116 11.905255888325765
      vertex 31.339275143819187 -47 11.745377348640718
      vertex 31.1 -47 11.905255888325765
    endloop
  endfacet
  facet normal -0.7518398074789825 0 -0.659345815100063
    outer loop
      vertex 31.555634918610405 -44.600000001490116 11.555634918610405
      vertex 31.745377348640716 -47 11.339275143819185
      vertex 31.555634918610405 -47 11.555634918610405
    endloop
  endfacet
  facet normal -0.6593458151000694 0 -0.7518398074789768
    outer loop
      vertex 31.339275143819187 -44.600000001490116 11.745377348640718
      vertex 31.555634918610405 -47 11.555634918610405
      vertex 31.339275143819187 -47 11.745377348640718
    endloop
  endfacet
  facet normal -0.8968727415326868 0 -0.4422886902190042
    outer loop
      vertex 32.03253497152483 -44.600000001490116 10.841903551203197
      vertex 32.03253497152483 -47 10.841903551203197
      vertex 31.905255888325765 -44.600000001490116 11.1
    endloop
  endfacet
  facet normal -0.831469612302542 0 -0.5555702330196071
    outer loop
      vertex 31.905255888325765 -44.600000001490116 11.1
      vertex 31.905255888325765 -47 11.1
      vertex 31.745377348640716 -44.600000001490116 11.339275143819185
    endloop
  endfacet
  facet normal -0.7518398074789825 0 -0.659345815100063
    outer loop
      vertex 31.745377348640716 -44.600000001490116 11.339275143819185
      vertex 31.745377348640716 -47 11.339275143819185
      vertex 31.555634918610405 -44.600000001490116 11.555634918610405
    endloop
  endfacet
  facet normal -0.6593458151000694 0 -0.7518398074789768
    outer loop
      vertex 31.339275143819187 -44.600000001490116 11.745377348640718
      vertex 31.555634918610405 -44.600000001490116 11.555634918610405
      vertex 31.555634918610405 -47 11.555634918610405
    endloop
  endfacet
  facet normal -0.5555702330196027 0 -0.8314696123025448
    outer loop
      vertex 31.339275143819187 -44.600000001490116 11.745377348640718
      vertex 31.339275143819187 -47 11.745377348640718
      vertex 31.1 -44.600000001490116 11.905255888325765
    endloop
  endfacet
  facet normal -0.946930129495109 0 -0.3214394653031517
    outer loop
      vertex 32.12503681783595 -47 10.569401899225547
      vertex 32.03253497152483 -47 10.841903551203197
      vertex 32.03253497152483 -44.600000001490116 10.841903551203197
    endloop
  endfacet
  facet normal 0.4422886902189992 0 -0.8968727415326893
    outer loop
      vertex 28.9 -47 11.905255888325765
      vertex 28.9 -44.600000001490116 11.905255888325765
      vertex 29.1580964487968 -47 12.03253497152483
    endloop
  endfacet
  facet normal 0.3214394653031664 0 -0.946930129495104
    outer loop
      vertex 29.1580964487968 -47 12.03253497152483
      vertex 29.1580964487968 -44.600000001490116 12.03253497152483
      vertex 29.430598100774453 -47 12.125036817835952
    endloop
  endfacet
  facet normal 0.19509032201611962 0 -0.9807852804032322
    outer loop
      vertex 29.430598100774453 -44.600000001490116 12.125036817835952
      vertex 29.712842377115887 -47 12.181178695022382
      vertex 29.430598100774453 -47 12.125036817835952
    endloop
  endfacet
  facet normal 0.06540312923014413 0 -0.9978589232386035
    outer loop
      vertex 29.712842377115887 -44.600000001490116 12.181178695022382
      vertex 30 -47 12.2
      vertex 29.712842377115887 -47 12.181178695022382
    endloop
  endfacet
  facet normal -0.06540312923014413 0 -0.9978589232386035
    outer loop
      vertex 30 -44.600000001490116 12.2
      vertex 30.287157622884113 -47 12.181178695022382
      vertex 30 -47 12.2
    endloop
  endfacet
  facet normal 0.4422886902189992 0 -0.8968727415326893
    outer loop
      vertex 28.9 -44.600000001490116 11.905255888325765
      vertex 29.1580964487968 -44.600000001490116 12.03253497152483
      vertex 29.1580964487968 -47 12.03253497152483
    endloop
  endfacet
  facet normal 0.3214394653031664 0 -0.946930129495104
    outer loop
      vertex 29.1580964487968 -44.600000001490116 12.03253497152483
      vertex 29.430598100774453 -44.600000001490116 12.125036817835952
      vertex 29.430598100774453 -47 12.125036817835952
    endloop
  endfacet
  facet normal 0.19509032201611962 0 -0.9807852804032322
    outer loop
      vertex 29.430598100774453 -44.600000001490116 12.125036817835952
      vertex 29.712842377115887 -44.600000001490116 12.181178695022382
      vertex 29.712842377115887 -47 12.181178695022382
    endloop
  endfacet
  facet normal 0.06540312923014413 0 -0.9978589232386035
    outer loop
      vertex 29.712842377115887 -44.600000001490116 12.181178695022382
      vertex 30 -44.600000001490116 12.2
      vertex 30 -47 12.2
    endloop
  endfacet
  facet normal -0.06540312923014413 0 -0.9978589232386035
    outer loop
      vertex 30 -44.600000001490116 12.2
      vertex 30.287157622884113 -44.600000001490116 12.181178695022382
      vertex 30.287157622884113 -47 12.181178695022382
    endloop
  endfacet
  facet normal -0.19509032201611962 0 -0.9807852804032322
    outer loop
      vertex 30.287157622884113 -44.600000001490116 12.181178695022382
      vertex 30.569401899225547 -47 12.125036817835952
      vertex 30.287157622884113 -47 12.181178695022382
    endloop
  endfacet
  facet normal -0.3214394653031664 0 -0.946930129495104
    outer loop
      vertex 30.569401899225547 -44.600000001490116 12.125036817835952
      vertex 30.8419035512032 -47 12.03253497152483
      vertex 30.569401899225547 -47 12.125036817835952
    endloop
  endfacet
  facet normal -0.4422886902189992 0 -0.8968727415326893
    outer loop
      vertex 30.8419035512032 -47 12.03253497152483
      vertex 30.8419035512032 -44.600000001490116 12.03253497152483
      vertex 31.1 -47 11.905255888325765
    endloop
  endfacet
  facet normal -0.19509032201611962 0 -0.9807852804032322
    outer loop
      vertex 30.287157622884113 -44.600000001490116 12.181178695022382
      vertex 30.569401899225547 -44.600000001490116 12.125036817835952
      vertex 30.569401899225547 -47 12.125036817835952
    endloop
  endfacet
  facet normal -0.3214394653031664 0 -0.946930129495104
    outer loop
      vertex 30.569401899225547 -44.600000001490116 12.125036817835952
      vertex 30.8419035512032 -44.600000001490116 12.03253497152483
      vertex 30.8419035512032 -47 12.03253497152483
    endloop
  endfacet
  facet normal -0.4422886902189992 0 -0.8968727415326893
    outer loop
      vertex 30.8419035512032 -44.600000001490116 12.03253497152483
      vertex 31.1 -44.600000001490116 11.905255888325765
      vertex 31.1 -47 11.905255888325765
    endloop
  endfacet
  facet normal 0.4422886902190042 0 0.8968727415326868
    outer loop
      vertex 29.1580964487968 -44.600000001490116 25.967465028475168
      vertex 28.9 -47 26.094744111674235
      vertex 29.1580964487968 -47 25.967465028475168
    endloop
  endfacet
  facet normal 0.3214394653031609 0 0.946930129495106
    outer loop
      vertex 29.430598100774453 -44.600000001490116 25.87496318216405
      vertex 29.1580964487968 -47 25.967465028475168
      vertex 29.430598100774453 -47 25.87496318216405
    endloop
  endfacet
  facet normal 0.06540312923014413 0 0.9978589232386035
    outer loop
      vertex 30 -44.600000001490116 25.8
      vertex 29.712842377115887 -47 25.818821304977618
      vertex 30 -47 25.8
    endloop
  endfacet
  facet normal -0.06540312923014413 0 0.9978589232386035
    outer loop
      vertex 30.287157622884113 -44.600000001490116 25.818821304977618
      vertex 30 -47 25.8
      vertex 30.287157622884113 -47 25.818821304977618
    endloop
  endfacet
  facet normal 0.19509032201611962 0 0.9807852804032322
    outer loop
      vertex 29.712842377115887 -44.600000001490116 25.818821304977618
      vertex 29.430598100774453 -47 25.87496318216405
      vertex 29.712842377115887 -47 25.818821304977618
    endloop
  endfacet
  facet normal 0.4422886902190042 0 0.8968727415326868
    outer loop
      vertex 29.1580964487968 -44.600000001490116 25.967465028475168
      vertex 28.9 -44.600000001490116 26.094744111674235
      vertex 28.9 -47 26.094744111674235
    endloop
  endfacet
  facet normal 0.3214394653031609 0 0.946930129495106
    outer loop
      vertex 29.430598100774453 -44.600000001490116 25.87496318216405
      vertex 29.1580964487968 -44.600000001490116 25.967465028475168
      vertex 29.1580964487968 -47 25.967465028475168
    endloop
  endfacet
  facet normal 0.19509032201611962 0 0.9807852804032322
    outer loop
      vertex 29.712842377115887 -44.600000001490116 25.818821304977618
      vertex 29.430598100774453 -44.600000001490116 25.87496318216405
      vertex 29.430598100774453 -47 25.87496318216405
    endloop
  endfacet
  facet normal 0.06540312923014413 0 0.9978589232386035
    outer loop
      vertex 30 -44.600000001490116 25.8
      vertex 29.712842377115887 -44.600000001490116 25.818821304977618
      vertex 29.712842377115887 -47 25.818821304977618
    endloop
  endfacet
  facet normal -0.06540312923014413 0 0.9978589232386035
    outer loop
      vertex 30.287157622884113 -44.600000001490116 25.818821304977618
      vertex 30 -44.600000001490116 25.8
      vertex 30 -47 25.8
    endloop
  endfacet
  facet normal -0.19509032201611962 0 0.9807852804032322
    outer loop
      vertex 30.569401899225547 -44.600000001490116 25.87496318216405
      vertex 30.287157622884113 -47 25.818821304977618
      vertex 30.569401899225547 -47 25.87496318216405
    endloop
  endfacet
  facet normal -0.3214394653031609 0 0.946930129495106
    outer loop
      vertex 30.8419035512032 -44.600000001490116 25.967465028475168
      vertex 30.569401899225547 -47 25.87496318216405
      vertex 30.8419035512032 -47 25.967465028475168
    endloop
  endfacet
  facet normal -0.4422886902190042 0 0.8968727415326868
    outer loop
      vertex 31.1 -44.600000001490116 26.094744111674235
      vertex 30.8419035512032 -47 25.967465028475168
      vertex 31.1 -47 26.094744111674235
    endloop
  endfacet
  facet normal -0.19509032201611962 0 0.9807852804032322
    outer loop
      vertex 30.569401899225547 -44.600000001490116 25.87496318216405
      vertex 30.287157622884113 -44.600000001490116 25.818821304977618
      vertex 30.287157622884113 -47 25.818821304977618
    endloop
  endfacet
  facet normal -0.3214394653031609 0 0.946930129495106
    outer loop
      vertex 30.8419035512032 -44.600000001490116 25.967465028475168
      vertex 30.569401899225547 -44.600000001490116 25.87496318216405
      vertex 30.569401899225547 -47 25.87496318216405
    endloop
  endfacet
  facet normal -0.4422886902190042 0 0.8968727415326868
    outer loop
      vertex 31.1 -44.600000001490116 26.094744111674235
      vertex 30.8419035512032 -44.600000001490116 25.967465028475168
      vertex 30.8419035512032 -47 25.967465028475168
    endloop
  endfacet
  facet normal 0.6593458151000661 0 0.7518398074789799
    outer loop
      vertex 28.660724856180813 -44.600000001490116 26.254622651359284
      vertex 28.444365081389595 -47 26.444365081389595
      vertex 28.660724856180813 -47 26.254622651359284
    endloop
  endfacet
  facet normal 0.7518398074789799 0 0.6593458151000661
    outer loop
      vertex 28.444365081389595 -44.600000001490116 26.444365081389595
      vertex 28.254622651359284 -47 26.660724856180813
      vertex 28.444365081389595 -47 26.444365081389595
    endloop
  endfacet
  facet normal 0.831469612302542 0 0.5555702330196071
    outer loop
      vertex 28.254622651359284 -44.600000001490116 26.660724856180813
      vertex 28.094744111674235 -47 26.9
      vertex 28.254622651359284 -47 26.660724856180813
    endloop
  endfacet
  facet normal 0.8968727415326868 0 0.4422886902190042
    outer loop
      vertex 28.094744111674235 -44.600000001490116 26.9
      vertex 27.967465028475168 -47 27.1580964487968
      vertex 28.094744111674235 -47 26.9
    endloop
  endfacet
  facet normal 0.946930129495106 0 0.3214394653031609
    outer loop
      vertex 27.967465028475168 -44.600000001490116 27.1580964487968
      vertex 27.87496318216405 -47 27.430598100774453
      vertex 27.967465028475168 -47 27.1580964487968
    endloop
  endfacet
  facet normal 0.6593458151000661 0 0.7518398074789799
    outer loop
      vertex 28.660724856180813 -44.600000001490116 26.254622651359284
      vertex 28.444365081389595 -44.600000001490116 26.444365081389595
      vertex 28.444365081389595 -47 26.444365081389595
    endloop
  endfacet
  facet normal 0.7518398074789799 0 0.6593458151000661
    outer loop
      vertex 28.254622651359284 -44.600000001490116 26.660724856180813
      vertex 28.254622651359284 -47 26.660724856180813
      vertex 28.444365081389595 -44.600000001490116 26.444365081389595
    endloop
  endfacet
  facet normal 0.831469612302542 0 0.5555702330196071
    outer loop
      vertex 28.094744111674235 -44.600000001490116 26.9
      vertex 28.094744111674235 -47 26.9
      vertex 28.254622651359284 -44.600000001490116 26.660724856180813
    endloop
  endfacet
  facet normal 0.8968727415326868 0 0.4422886902190042
    outer loop
      vertex 27.967465028475168 -44.600000001490116 27.1580964487968
      vertex 27.967465028475168 -47 27.1580964487968
      vertex 28.094744111674235 -44.600000001490116 26.9
    endloop
  endfacet
  facet normal 0.5555702330196071 0 0.831469612302542
    outer loop
      vertex 28.9 -47 26.094744111674235
      vertex 28.9 -44.600000001490116 26.094744111674235
      vertex 28.660724856180813 -47 26.254622651359284
    endloop
  endfacet
  facet normal 0.5555702330196071 0 0.831469612302542
    outer loop
      vertex 28.660724856180813 -44.600000001490116 26.254622651359284
      vertex 28.660724856180813 -47 26.254622651359284
      vertex 28.9 -44.600000001490116 26.094744111674235
    endloop
  endfacet
  facet normal 0.9978589232386035 0 0.06540312923014413
    outer loop
      vertex 27.818821304977618 -44.600000001490116 27.712842377115887
      vertex 27.8 -47 28
      vertex 27.818821304977618 -47 27.712842377115887
    endloop
  endfacet
  facet normal 0.9807852804032322 0 0.19509032201611962
    outer loop
      vertex 27.87496318216405 -44.600000001490116 27.430598100774453
      vertex 27.818821304977618 -47 27.712842377115887
      vertex 27.87496318216405 -47 27.430598100774453
    endloop
  endfacet
  facet normal 0.9978589232386035 0 -0.06540312923014413
    outer loop
      vertex 27.8 -44.600000001490116 28
      vertex 27.818821304977618 -47 28.287157622884113
      vertex 27.8 -47 28
    endloop
  endfacet
  facet normal 0.9807852804032322 0 -0.19509032201611962
    outer loop
      vertex 27.818821304977618 -44.600000001490116 28.287157622884113
      vertex 27.87496318216405 -47 28.569401899225547
      vertex 27.818821304977618 -47 28.287157622884113
    endloop
  endfacet
  facet normal 0.9807852804032322 0 0.19509032201611962
    outer loop
      vertex 27.818821304977618 -44.600000001490116 27.712842377115887
      vertex 27.818821304977618 -47 27.712842377115887
      vertex 27.87496318216405 -44.600000001490116 27.430598100774453
    endloop
  endfacet
  facet normal 0.9978589232386035 0 0.06540312923014413
    outer loop
      vertex 27.8 -44.600000001490116 28
      vertex 27.8 -47 28
      vertex 27.818821304977618 -44.600000001490116 27.712842377115887
    endloop
  endfacet
  facet normal 0.946930129495106 0 0.3214394653031609
    outer loop
      vertex 27.87496318216405 -44.600000001490116 27.430598100774453
      vertex 27.87496318216405 -47 27.430598100774453
      vertex 27.967465028475168 -44.600000001490116 27.1580964487968
    endloop
  endfacet
  facet normal 0.9978589232386035 0 -0.06540312923014413
    outer loop
      vertex 27.818821304977618 -44.600000001490116 28.287157622884113
      vertex 27.818821304977618 -47 28.287157622884113
      vertex 27.8 -44.600000001490116 28
    endloop
  endfacet
  facet normal 0.9807852804032322 0 -0.19509032201611962
    outer loop
      vertex 27.87496318216405 -44.600000001490116 28.569401899225547
      vertex 27.87496318216405 -47 28.569401899225547
      vertex 27.818821304977618 -44.600000001490116 28.287157622884113
    endloop
  endfacet
  facet normal -0.5555702330196071 0 0.831469612302542
    outer loop
      vertex 31.339275143819187 -44.600000001490116 26.254622651359284
      vertex 31.1 -47 26.094744111674235
      vertex 31.339275143819187 -47 26.254622651359284
    endloop
  endfacet
  facet normal -0.6593458151000661 0 0.7518398074789799
    outer loop
      vertex 31.555634918610405 -44.600000001490116 26.444365081389595
      vertex 31.339275143819187 -47 26.254622651359284
      vertex 31.555634918610405 -47 26.444365081389595
    endloop
  endfacet
  facet normal -0.7518398074789799 0 0.6593458151000661
    outer loop
      vertex 31.745377348640716 -44.600000001490116 26.660724856180813
      vertex 31.555634918610405 -47 26.444365081389595
      vertex 31.745377348640716 -47 26.660724856180813
    endloop
  endfacet
  facet normal -0.831469612302542 0 0.5555702330196071
    outer loop
      vertex 31.905255888325765 -44.600000001490116 26.9
      vertex 31.745377348640716 -47 26.660724856180813
      vertex 31.905255888325765 -47 26.9
    endloop
  endfacet
  facet normal -0.8968727415326868 0 0.4422886902190042
    outer loop
      vertex 31.905255888325765 -47 26.9
      vertex 32.03253497152483 -47 27.1580964487968
      vertex 32.03253497152483 -44.600000001490116 27.1580964487968
    endloop
  endfacet
  facet normal -0.5555702330196071 0 0.831469612302542
    outer loop
      vertex 31.339275143819187 -44.600000001490116 26.254622651359284
      vertex 31.1 -44.600000001490116 26.094744111674235
      vertex 31.1 -47 26.094744111674235
    endloop
  endfacet
  facet normal -0.6593458151000661 0 0.7518398074789799
    outer loop
      vertex 31.555634918610405 -44.600000001490116 26.444365081389595
      vertex 31.339275143819187 -44.600000001490116 26.254622651359284
      vertex 31.339275143819187 -47 26.254622651359284
    endloop
  endfacet
  facet normal -0.7518398074789799 0 0.6593458151000661
    outer loop
      vertex 31.555634918610405 -44.600000001490116 26.444365081389595
      vertex 31.555634918610405 -47 26.444365081389595
      vertex 31.745377348640716 -44.600000001490116 26.660724856180813
    endloop
  endfacet
  facet normal -0.831469612302542 0 0.5555702330196071
    outer loop
      vertex 31.745377348640716 -44.600000001490116 26.660724856180813
      vertex 31.745377348640716 -47 26.660724856180813
      vertex 31.905255888325765 -44.600000001490116 26.9
    endloop
  endfacet
  facet normal -0.8968727415326868 0 0.4422886902190042
    outer loop
      vertex 31.905255888325765 -44.600000001490116 26.9
      vertex 31.905255888325765 -47 26.9
      vertex 32.03253497152483 -44.600000001490116 27.1580964487968
    endloop
  endfacet
  facet normal -0.9469301294951096 0 0.3214394653031498
    outer loop
      vertex 32.03253497152483 -44.600000001490116 27.1580964487968
      vertex 32.03253497152483 -47 27.1580964487968
      vertex 32.12503681783595 -44.600000001490116 27.430598100774453
    endloop
  endfacet
  facet normal -0.9469301294951096 0 0.3214394653031498
    outer loop
      vertex 32.03253497152483 -47 27.1580964487968
      vertex 32.12503681783595 -47 27.430598100774453
      vertex 32.12503681783595 -44.600000001490116 27.430598100774453
    endloop
  endfacet
  facet normal -0.9807852804032298 0 0.1950903220161315
    outer loop
      vertex 32.18117869502238 -44.600000001490116 27.712842377115887
      vertex 32.12503681783595 -47 27.430598100774453
      vertex 32.18117869502238 -47 27.712842377115887
    endloop
  endfacet
  facet normal -0.9978589232386027 0 0.06540312923015643
    outer loop
      vertex 32.2 -44.600000001490116 28
      vertex 32.18117869502238 -47 27.712842377115887
      vertex 32.2 -47 28
    endloop
  endfacet
  facet normal -0.9978589232386027 0 -0.06540312923015643
    outer loop
      vertex 32.2 -47 28
      vertex 32.18117869502238 -47 28.287157622884113
      vertex 32.18117869502238 -44.600000001490116 28.287157622884113
    endloop
  endfacet
  facet normal -0.9807852804032298 0 -0.1950903220161315
    outer loop
      vertex 32.18117869502238 -47 28.287157622884113
      vertex 32.12503681783595 -47 28.569401899225547
      vertex 32.12503681783595 -44.600000001490116 28.569401899225547
    endloop
  endfacet
  facet normal -0.9807852804032298 0 0.1950903220161315
    outer loop
      vertex 32.12503681783595 -44.600000001490116 27.430598100774453
      vertex 32.12503681783595 -47 27.430598100774453
      vertex 32.18117869502238 -44.600000001490116 27.712842377115887
    endloop
  endfacet
  facet normal -0.9978589232386027 0 0.06540312923015643
    outer loop
      vertex 32.18117869502238 -44.600000001490116 27.712842377115887
      vertex 32.18117869502238 -47 27.712842377115887
      vertex 32.2 -44.600000001490116 28
    endloop
  endfacet
  facet normal -0.9978589232386027 0 -0.06540312923015643
    outer loop
      vertex 32.2 -44.600000001490116 28
      vertex 32.2 -47 28
      vertex 32.18117869502238 -44.600000001490116 28.287157622884113
    endloop
  endfacet
  facet normal -0.9807852804032298 0 -0.1950903220161315
    outer loop
      vertex 32.18117869502238 -44.600000001490116 28.287157622884113
      vertex 32.18117869502238 -47 28.287157622884113
      vertex 32.12503681783595 -44.600000001490116 28.569401899225547
    endloop
  endfacet
  facet normal 0.946930129495106 0 -0.3214394653031609
    outer loop
      vertex 27.87496318216405 -44.600000001490116 28.569401899225547
      vertex 27.967465028475168 -47 28.8419035512032
      vertex 27.87496318216405 -47 28.569401899225547
    endloop
  endfacet
  facet normal 0.8968727415326868 0 -0.4422886902190042
    outer loop
      vertex 27.967465028475168 -44.600000001490116 28.8419035512032
      vertex 28.094744111674235 -47 29.1
      vertex 27.967465028475168 -47 28.8419035512032
    endloop
  endfacet
  facet normal 0.831469612302542 0 -0.5555702330196071
    outer loop
      vertex 28.094744111674235 -44.600000001490116 29.1
      vertex 28.254622651359284 -47 29.339275143819187
      vertex 28.094744111674235 -47 29.1
    endloop
  endfacet
  facet normal 0.7518398074789799 0 -0.6593458151000661
    outer loop
      vertex 28.254622651359284 -44.600000001490116 29.339275143819187
      vertex 28.444365081389595 -47 29.555634918610405
      vertex 28.254622651359284 -47 29.339275143819187
    endloop
  endfacet
  facet normal 0.6593458151000661 0 -0.7518398074789799
    outer loop
      vertex 28.444365081389595 -47 29.555634918610405
      vertex 28.444365081389595 -44.600000001490116 29.555634918610405
      vertex 28.660724856180813 -47 29.745377348640716
    endloop
  endfacet
  facet normal 0.946930129495106 0 -0.3214394653031609
    outer loop
      vertex 27.967465028475168 -44.600000001490116 28.8419035512032
      vertex 27.967465028475168 -47 28.8419035512032
      vertex 27.87496318216405 -44.600000001490116 28.569401899225547
    endloop
  endfacet
  facet normal 0.8968727415326868 0 -0.4422886902190042
    outer loop
      vertex 28.094744111674235 -44.600000001490116 29.1
      vertex 28.094744111674235 -47 29.1
      vertex 27.967465028475168 -44.600000001490116 28.8419035512032
    endloop
  endfacet
  facet normal 0.831469612302542 0 -0.5555702330196071
    outer loop
      vertex 28.254622651359284 -44.600000001490116 29.339275143819187
      vertex 28.254622651359284 -47 29.339275143819187
      vertex 28.094744111674235 -44.600000001490116 29.1
    endloop
  endfacet
  facet normal 0.7518398074789799 0 -0.6593458151000661
    outer loop
      vertex 28.444365081389595 -44.600000001490116 29.555634918610405
      vertex 28.444365081389595 -47 29.555634918610405
      vertex 28.254622651359284 -44.600000001490116 29.339275143819187
    endloop
  endfacet
  facet normal 0.6593458151000661 0 -0.7518398074789799
    outer loop
      vertex 28.444365081389595 -44.600000001490116 29.555634918610405
      vertex 28.660724856180813 -44.600000001490116 29.745377348640716
      vertex 28.660724856180813 -47 29.745377348640716
    endloop
  endfacet
  facet normal 0.5555702330196071 0 -0.831469612302542
    outer loop
      vertex 28.660724856180813 -44.600000001490116 29.745377348640716
      vertex 28.9 -47 29.905255888325765
      vertex 28.660724856180813 -47 29.745377348640716
    endloop
  endfacet
  facet normal 0.4422886902190042 0 -0.8968727415326868
    outer loop
      vertex 28.9 -47 29.905255888325765
      vertex 28.9 -44.600000001490116 29.905255888325765
      vertex 29.1580964487968 -47 30.032534971524832
    endloop
  endfacet
  facet normal 0.3214394653031609 0 -0.946930129495106
    outer loop
      vertex 29.1580964487968 -47 30.032534971524832
      vertex 29.1580964487968 -44.600000001490116 30.032534971524832
      vertex 29.430598100774453 -47 30.12503681783595
    endloop
  endfacet
  facet normal 0.19509032201611962 0 -0.9807852804032322
    outer loop
      vertex 29.430598100774453 -44.600000001490116 30.12503681783595
      vertex 29.712842377115887 -47 30.181178695022382
      vertex 29.430598100774453 -47 30.12503681783595
    endloop
  endfacet
  facet normal 0.06540312923014413 0 -0.9978589232386035
    outer loop
      vertex 29.712842377115887 -44.600000001490116 30.181178695022382
      vertex 30 -47 30.2
      vertex 29.712842377115887 -47 30.181178695022382
    endloop
  endfacet
  facet normal -0.06540312923014413 0 -0.9978589232386035
    outer loop
      vertex 30 -44.600000001490116 30.2
      vertex 30.287157622884113 -47 30.181178695022382
      vertex 30 -47 30.2
    endloop
  endfacet
  facet normal 0.5555702330196071 0 -0.831469612302542
    outer loop
      vertex 28.660724856180813 -44.600000001490116 29.745377348640716
      vertex 28.9 -44.600000001490116 29.905255888325765
      vertex 28.9 -47 29.905255888325765
    endloop
  endfacet
  facet normal 0.4422886902190042 0 -0.8968727415326868
    outer loop
      vertex 28.9 -44.600000001490116 29.905255888325765
      vertex 29.1580964487968 -44.600000001490116 30.032534971524832
      vertex 29.1580964487968 -47 30.032534971524832
    endloop
  endfacet
  facet normal 0.3214394653031609 0 -0.946930129495106
    outer loop
      vertex 29.1580964487968 -44.600000001490116 30.032534971524832
      vertex 29.430598100774453 -44.600000001490116 30.12503681783595
      vertex 29.430598100774453 -47 30.12503681783595
    endloop
  endfacet
  facet normal 0.19509032201611962 0 -0.9807852804032322
    outer loop
      vertex 29.430598100774453 -44.600000001490116 30.12503681783595
      vertex 29.712842377115887 -44.600000001490116 30.181178695022382
      vertex 29.712842377115887 -47 30.181178695022382
    endloop
  endfacet
  facet normal 0.06540312923014413 0 -0.9978589232386035
    outer loop
      vertex 29.712842377115887 -44.600000001490116 30.181178695022382
      vertex 30 -44.600000001490116 30.2
      vertex 30 -47 30.2
    endloop
  endfacet
  facet normal -0.06540312923014413 0 -0.9978589232386035
    outer loop
      vertex 30 -44.600000001490116 30.2
      vertex 30.287157622884113 -44.600000001490116 30.181178695022382
      vertex 30.287157622884113 -47 30.181178695022382
    endloop
  endfacet
  facet normal -0.8968727415326868 0 -0.4422886902190042
    outer loop
      vertex 31.905255888325765 -44.600000001490116 29.1
      vertex 32.03253497152483 -47 28.8419035512032
      vertex 31.905255888325765 -47 29.1
    endloop
  endfacet
  facet normal -0.831469612302542 0 -0.5555702330196071
    outer loop
      vertex 31.905255888325765 -47 29.1
      vertex 31.745377348640716 -47 29.339275143819187
      vertex 31.745377348640716 -44.600000001490116 29.339275143819187
    endloop
  endfacet
  facet normal -0.7518398074789799 0 -0.6593458151000661
    outer loop
      vertex 31.745377348640716 -47 29.339275143819187
      vertex 31.555634918610405 -47 29.555634918610405
      vertex 31.555634918610405 -44.600000001490116 29.555634918610405
    endloop
  endfacet
  facet normal -0.6593458151000661 0 -0.7518398074789799
    outer loop
      vertex 31.339275143819187 -44.600000001490116 29.745377348640716
      vertex 31.555634918610405 -47 29.555634918610405
      vertex 31.339275143819187 -47 29.745377348640716
    endloop
  endfacet
  facet normal -0.8968727415326868 0 -0.4422886902190042
    outer loop
      vertex 32.03253497152483 -44.600000001490116 28.8419035512032
      vertex 32.03253497152483 -47 28.8419035512032
      vertex 31.905255888325765 -44.600000001490116 29.1
    endloop
  endfacet
  facet normal -0.831469612302542 0 -0.5555702330196071
    outer loop
      vertex 31.905255888325765 -44.600000001490116 29.1
      vertex 31.905255888325765 -47 29.1
      vertex 31.745377348640716 -44.600000001490116 29.339275143819187
    endloop
  endfacet
  facet normal -0.6593458151000661 0 -0.7518398074789799
    outer loop
      vertex 31.339275143819187 -44.600000001490116 29.745377348640716
      vertex 31.555634918610405 -44.600000001490116 29.555634918610405
      vertex 31.555634918610405 -47 29.555634918610405
    endloop
  endfacet
  facet normal -0.7518398074789799 0 -0.6593458151000661
    outer loop
      vertex 31.745377348640716 -44.600000001490116 29.339275143819187
      vertex 31.745377348640716 -47 29.339275143819187
      vertex 31.555634918610405 -44.600000001490116 29.555634918610405
    endloop
  endfacet
  facet normal -0.9469301294951096 0 -0.3214394653031498
    outer loop
      vertex 32.03253497152483 -44.600000001490116 28.8419035512032
      vertex 32.12503681783595 -47 28.569401899225547
      vertex 32.03253497152483 -47 28.8419035512032
    endloop
  endfacet
  facet normal -0.9469301294951096 0 -0.3214394653031498
    outer loop
      vertex 32.12503681783595 -44.600000001490116 28.569401899225547
      vertex 32.12503681783595 -47 28.569401899225547
      vertex 32.03253497152483 -44.600000001490116 28.8419035512032
    endloop
  endfacet
  facet normal -0.5555702330196071 0 -0.831469612302542
    outer loop
      vertex 31.1 -44.600000001490116 29.905255888325765
      vertex 31.339275143819187 -47 29.745377348640716
      vertex 31.1 -47 29.905255888325765
    endloop
  endfacet
  facet normal -0.3214394653031609 0 -0.946930129495106
    outer loop
      vertex 30.569401899225547 -44.600000001490116 30.12503681783595
      vertex 30.8419035512032 -47 30.032534971524832
      vertex 30.569401899225547 -47 30.12503681783595
    endloop
  endfacet
  facet normal -0.19509032201611962 0 -0.9807852804032322
    outer loop
      vertex 30.287157622884113 -44.600000001490116 30.181178695022382
      vertex 30.569401899225547 -47 30.12503681783595
      vertex 30.287157622884113 -47 30.181178695022382
    endloop
  endfacet
  facet normal -0.4422886902190042 0 -0.8968727415326868
    outer loop
      vertex 30.8419035512032 -47 30.032534971524832
      vertex 30.8419035512032 -44.600000001490116 30.032534971524832
      vertex 31.1 -47 29.905255888325765
    endloop
  endfacet
  facet normal -0.4422886902190042 0 -0.8968727415326868
    outer loop
      vertex 30.8419035512032 -44.600000001490116 30.032534971524832
      vertex 31.1 -44.600000001490116 29.905255888325765
      vertex 31.1 -47 29.905255888325765
    endloop
  endfacet
  facet normal -0.3214394653031609 0 -0.946930129495106
    outer loop
      vertex 30.569401899225547 -44.600000001490116 30.12503681783595
      vertex 30.8419035512032 -44.600000001490116 30.032534971524832
      vertex 30.8419035512032 -47 30.032534971524832
    endloop
  endfacet
  facet normal -0.19509032201611962 0 -0.9807852804032322
    outer loop
      vertex 30.287157622884113 -44.600000001490116 30.181178695022382
      vertex 30.569401899225547 -44.600000001490116 30.12503681783595
      vertex 30.569401899225547 -47 30.12503681783595
    endloop
  endfacet
  facet normal -0.5555702330196071 0 -0.831469612302542
    outer loop
      vertex 31.1 -44.600000001490116 29.905255888325765
      vertex 31.339275143819187 -44.600000001490116 29.745377348640716
      vertex 31.339275143819187 -47 29.745377348640716
    endloop
  endfacet
  facet normal 0 0 1
    outer loop
      vertex -51.8 -39.55 8
      vertex -51.435045716034885 -38.82658663883506 8
      vertex -51.8 -39.146642955940834 8
    endloop
  endfacet
  facet normal 0 0 1
    outer loop
      vertex -51.8 -39.55 8
      vertex -51.320425711011154 -38.75 8
      vertex -51.435045716034885 -38.82658663883506 8
    endloop
  endfacet
  facet normal 0 0 1
    outer loop
      vertex -51.8 -38.75 8
      vertex -51.320425711011154 -38.75 8
      vertex -51.238470658762466 -38.59971957636726 8
    endloop
  endfacet
  facet normal 0 0 1
    outer loop
      vertex -51.238470658762466 -38.59971957636726 8
      vertex -51.320425711011154 -38.75 8
      vertex -51.20356514130129 -38.540648700663716 8
    endloop
  endfacet
  facet normal 0 0 1
    outer loop
      vertex -51.8 -39.55 8
      vertex -49.8694154861473 -36.475522349686486 8
      vertex -51.320425711011154 -38.75 8
    endloop
  endfacet
  facet normal 1 0 0
    outer loop
      vertex -51.8 -39.55 8
      vertex -51.8 -39.146642955940834 9.9
      vertex -51.8 -39.55 9.9
    endloop
  endfacet
  facet normal 0 0 1
    outer loop
      vertex -51.20356514130129 -38.540648700663716 8
      vertex -51.8 -33.75 8
      vertex -51.8 -38.75 8
    endloop
  endfacet
  facet normal 0 0 1
    outer loop
      vertex -51.320425711011154 -38.75 8
      vertex -49.906156643025696 -36.34503431896656 8
      vertex -51.20356514130129 -38.540648700663716 8
    endloop
  endfacet
  facet normal 0 0 1
    outer loop
      vertex -51.20356514130129 -38.540648700663716 8
      vertex -49.906156643025696 -36.34503431896656 8
      vertex -51.8 -33.75 8
    endloop
  endfacet
  facet normal 0 0 1
    outer loop
      vertex -51.8 -39.55 8
      vertex -48.871372644928385 -37.568859923838616 8
      vertex -49.20675649015446 -37.63746257880167 8
    endloop
  endfacet
  facet normal 0 0 1
    outer loop
      vertex -51.8 -39.55 8
      vertex -48.79286904939138 -37.66170510744154 8
      vertex -48.871372644928385 -37.568859923838616 8
    endloop
  endfacet
  facet normal 0 0 1
    outer loop
      vertex -51.8 -39.55 8
      vertex -48.60959194565344 -37.66475887697704 8
      vertex -48.79286904939138 -37.66170510744154 8
    endloop
  endfacet
  facet normal 0 0 1
    outer loop
      vertex -51.8 -39.55 8
      vertex -48.12972235225299 -37.598925978103736 8
      vertex -48.60959194565344 -37.66475887697704 8
    endloop
  endfacet
  facet normal 0 0 1
    outer loop
      vertex -51.8 -39.55 8
      vertex -47.24788906371376 -38.41365302692862 8
      vertex -48.12972235225299 -37.598925978103736 8
    endloop
  endfacet
  facet normal 0 0 1
    outer loop
      vertex -51.8 -39.55 8
      vertex -46.564954283965115 -38.82658663883506 8
      vertex -47 -38.53589838486224 8
    endloop
  endfacet
  facet normal 0 0 1
    outer loop
      vertex -51.8 -39.55 8
      vertex -46.17157287525381 -39.17157287525381 8
      vertex -46.564954283965115 -38.82658663883506 8
    endloop
  endfacet
  facet normal 0 0 1
    outer loop
      vertex -51.8 -39.55 8
      vertex -47 -38.53589838486224 8
      vertex -47.24788906371376 -38.41365302692862 8
    endloop
  endfacet
  facet normal 0 0 1
    outer loop
      vertex -51.8 -39.55 8
      vertex -45.839701193893376 -39.55 8
      vertex -46.17157287525381 -39.17157287525381 8
    endloop
  endfacet
  facet normal 0 1 0
    outer loop
      vertex -51.8 -39.55 8
      vertex -51.8 -39.55 9.9
      vertex -45.839701193893376 -39.55 9.9
    endloop
  endfacet
  facet normal 0 1 0
    outer loop
      vertex -51.8 -39.55 8
      vertex -45.839701193893376 -39.55 9.9
      vertex -45.839701193893376 -39.55 8
    endloop
  endfacet
  facet normal 0 0 1
    outer loop
      vertex -51.8 -39.55 8
      vertex -49.685872881892564 -37.435872881892564 8
      vertex -49.88289397499905 -36.71603120852065 8
    endloop
  endfacet
  facet normal 0 0 1
    outer loop
      vertex -51.8 -39.55 8
      vertex -49.365049946514134 -37.359902723639024 8
      vertex -49.685872881892564 -37.435872881892564 8
    endloop
  endfacet
  facet normal 0 0 1
    outer loop
      vertex -51.8 -39.55 8
      vertex -49.88289397499905 -36.71603120852065 8
      vertex -49.8694154861473 -36.475522349686486 8
    endloop
  endfacet
  facet normal 0 0 1
    outer loop
      vertex -51.8 -39.55 8
      vertex -49.20675649015446 -37.63746257880167 8
      vertex -49.365049946514134 -37.359902723639024 8
    endloop
  endfacet
  facet normal 0 0 1
    outer loop
      vertex -49.83852878579715 -36.42501690802003 8
      vertex -51.320425711011154 -38.75 8
      vertex -49.8694154861473 -36.475522349686486 8
    endloop
  endfacet
  facet normal 0 0 1
    outer loop
      vertex -49.83852878579715 -36.42501690802003 8
      vertex -49.906156643025696 -36.34503431896656 8
      vertex -51.320425711011154 -38.75 8
    endloop
  endfacet
  facet normal 0 0 1
    outer loop
      vertex -49.80680395047995 -36.58530862368035 8
      vertex -49.8694154861473 -36.475522349686486 8
      vertex -49.88289397499905 -36.71603120852065 8
    endloop
  endfacet
  facet normal 0 0 1
    outer loop
      vertex -51.8 -33.75 8
      vertex -49.906156643025696 -36.34503431896656 8
      vertex -49.855005274354646 -36.05543600200915 8
    endloop
  endfacet
  facet normal 0 0 1
    outer loop
      vertex -49.855005274354646 -36.05543600200915 8
      vertex -49.83929936588229 -36.04106566200249 8
      vertex -49.89872562025446 -33.75 8
    endloop
  endfacet
  facet normal 0 0 1
    outer loop
      vertex -48.12972235225299 -37.598925978103736 8
      vertex -48.55470764385261 -37.632327244094725 8
      vertex -48.60959194565344 -37.66475887697704 8
    endloop
  endfacet
  facet normal 0 0 1
    outer loop
      vertex -47.24788906371376 -38.41365302692862 8
      vertex -46.9780964274782 -38.23338335072809 8
      vertex -48.12972235225299 -37.598925978103736 8
    endloop
  endfacet
  facet normal 0 0 1
    outer loop
      vertex -46.9780964274782 -38.23338335072809 8
      vertex -46.73223304703363 -38.01776695296637 8
      vertex -48.12972235225299 -37.598925978103736 8
    endloop
  endfacet
  facet normal 0 0 1
    outer loop
      vertex -48.12972235225299 -37.598925978103736 8
      vertex -46.51661664927191 -37.7719035725218 8
      vertex -48.143522098545056 -37.553982672026336 8
    endloop
  endfacet
  facet normal 0 0 1
    outer loop
      vertex -47.992756954427946 -37.55361614131162 8
      vertex -48.143522098545056 -37.553982672026336 8
      vertex -46.51661664927191 -37.7719035725218 8
    endloop
  endfacet
  facet normal 0 0 1
    outer loop
      vertex -47.992756954427946 -37.55361614131162 8
      vertex -46.51661664927191 -37.7719035725218 8
      vertex -47.94811512665992 -37.497172415186675 8
    endloop
  endfacet
  facet normal 0 0 1
    outer loop
      vertex -47.94794534734075 -37.49717210245 8
      vertex -47.94811512665992 -37.497172415186675 8
      vertex -46.3349364905389 -37.5 8
    endloop
  endfacet
  facet normal 0 0 1
    outer loop
      vertex -47.94794534734075 -37.49717210245 8
      vertex -46.3349364905389 -37.5 8
      vertex -47.54604501285441 -37.41884773377252 8
    endloop
  endfacet
  facet normal 0 0 1
    outer loop
      vertex -46.73223304703363 -38.01776695296637 8
      vertex -46.51661664927191 -37.7719035725218 8
      vertex -48.12972235225299 -37.598925978103736 8
    endloop
  endfacet
  facet normal 0 0 1
    outer loop
      vertex -46.3349364905389 -37.5 8
      vertex -47.94811512665992 -37.497172415186675 8
      vertex -46.51661664927191 -37.7719035725218 8
    endloop
  endfacet
  facet normal 0 0 1
    outer loop
      vertex -47.54604501285441 -37.41884773377252 8
      vertex -46.3349364905389 -37.5 8
      vertex -47.5545254359584 -37.32102700939317 8
    endloop
  endfacet
  facet normal 0 0 1
    outer loop
      vertex -47.5545254359584 -37.32102700939317 8
      vertex -46.3349364905389 -37.5 8
      vertex -47.4879213524443 -37.20466444269401 8
    endloop
  endfacet
  facet normal 0 0 1
    outer loop
      vertex -47.4879213524443 -37.20466444269401 8
      vertex -46.19030116872178 -37.206708580912725 8
      vertex -47.487922544669566 -37.20459415460184 8
    endloop
  endfacet
  facet normal 0 0 1
    outer loop
      vertex -47.36657672802977 -37.071915153909806 8
      vertex -47.487922544669566 -37.20459415460184 8
      vertex -46.19030116872178 -37.206708580912725 8
    endloop
  endfacet
  facet normal 0 0 1
    outer loop
      vertex -47.36657672802977 -37.071915153909806 8
      vertex -46.19030116872178 -37.206708580912725 8
      vertex -47.37144041265574 -36.985724341459154 8
    endloop
  endfacet
  facet normal 0 0 1
    outer loop
      vertex -47.37144041265574 -36.985724341459154 8
      vertex -46.19030116872178 -37.206708580912725 8
      vertex -47.34408210402813 -36.9447797391103 8
    endloop
  endfacet
  facet normal 0 0 1
    outer loop
      vertex -47.34408210402813 -36.9447797391103 8
      vertex -46.19030116872178 -37.206708580912725 8
      vertex -47.25 -36.92512529932672 8
    endloop
  endfacet
  facet normal 0 0 1
    outer loop
      vertex -47.25 -36.75848418488091 8
      vertex -47.25 -36.92512529932672 8
      vertex -46.19030116872178 -37.206708580912725 8
    endloop
  endfacet
  facet normal 0 0 1
    outer loop
      vertex -46.3349364905389 -37.5 8
      vertex -46.19030116872178 -37.206708580912725 8
      vertex -47.4879213524443 -37.20466444269401 8
    endloop
  endfacet
  facet normal 0 0 1
    outer loop
      vertex -47.08582150441613 -36.599600776773265 8
      vertex -47.25 -36.75848418488091 8
      vertex -46.08518543427733 -36.8970476127563 8
    endloop
  endfacet
  facet normal 0 0 1
    outer loop
      vertex -46.08518543427733 -36.8970476127563 8
      vertex -47.25 -36.75848418488091 8
      vertex -46.19030116872178 -37.206708580912725 8
    endloop
  endfacet
  facet normal 0 0 1
    outer loop
      vertex -47.08582150441613 -36.599600776773265 8
      vertex -46 -36.25 8
      vertex -47.13187989167208 -35.90106898991181 8
    endloop
  endfacet
  facet normal 0 0 1
    outer loop
      vertex -47.25 -35.74151581511909 8
      vertex -47.13187989167208 -35.90106898991181 8
      vertex -47.25 -35.43038733368414 8
    endloop
  endfacet
  facet normal 0 0 1
    outer loop
      vertex -47.13187989167208 -35.90106898991181 8
      vertex -46.021387846565474 -35.92368451944987 8
      vertex -47.25 -35.43038733368414 8
    endloop
  endfacet
  facet normal 0 0 1
    outer loop
      vertex -46.08518543427733 -35.6029523872437 8
      vertex -47.25 -35.43038733368414 8
      vertex -46.021387846565474 -35.92368451944987 8
    endloop
  endfacet
  facet normal 0 0 1
    outer loop
      vertex -46.19030116872178 -35.293291419087275 8
      vertex -47.25 -35.43038733368414 8
      vertex -46.08518543427733 -35.6029523872437 8
    endloop
  endfacet
  facet normal 0 0 1
    outer loop
      vertex -46.021387846565474 -36.57631548055013 8
      vertex -47.08582150441613 -36.599600776773265 8
      vertex -46.08518543427733 -36.8970476127563 8
    endloop
  endfacet
  facet normal 0 0 1
    outer loop
      vertex -46 -36.25 8
      vertex -47.08582150441613 -36.599600776773265 8
      vertex -46.021387846565474 -36.57631548055013 8
    endloop
  endfacet
  facet normal 0 0 1
    outer loop
      vertex -46.021387846565474 -35.92368451944987 8
      vertex -47.13187989167208 -35.90106898991181 8
      vertex -46 -36.25 8
    endloop
  endfacet
  facet normal 0 0 1
    outer loop
      vertex -51.8 -33.75 8
      vertex -49.855005274354646 -36.05543600200915 8
      vertex -49.87714752662537 -35.19472691374211 8
    endloop
  endfacet
  facet normal 0 0 1
    outer loop
      vertex -49.87714752662537 -35.19472691374211 8
      vertex -49.855005274354646 -36.05543600200915 8
      vertex -49.89872562025446 -33.75 8
    endloop
  endfacet
  facet normal 0 0 1
    outer loop
      vertex -49.83929936588229 -36.04106566200249 8
      vertex -49.82156845088977 -35.2364860126163 8
      vertex -49.89872562025446 -33.75 8
    endloop
  endfacet
  facet normal 0 0 1
    outer loop
      vertex -49.91185987429753 -33.845395655511524 8
      vertex -49.89872562025446 -33.75 8
      vertex -51.8 -33.75 8
    endloop
  endfacet
  facet normal 0 0 1
    outer loop
      vertex -49.87714752662537 -35.19472691374211 8
      vertex -49.89872562025446 -33.75 8
      vertex -49.91185987429753 -33.845395655511524 8
    endloop
  endfacet
  facet normal 0 0 1
    outer loop
      vertex -49.82156845088977 -35.2364860126163 8
      vertex -49.57113169707476 -35.424650587609285 8
      vertex -49.89872562025446 -33.75 8
    endloop
  endfacet
  facet normal 0 0 1
    outer loop
      vertex -49.33044604066263 -35.186530871548534 8
      vertex -49.32536843623472 -35.07220943671936 8
      vertex -49.49937959060728 -33.86623564853564 8
    endloop
  endfacet
  facet normal 0 0 1
    outer loop
      vertex -49.57113169707476 -35.424650587609285 8
      vertex -49.49937959060728 -33.86623564853564 8
      vertex -49.89872562025446 -33.75 8
    endloop
  endfacet
  facet normal 0 0 1
    outer loop
      vertex -49.49937959060728 -33.86623564853564 8
      vertex -49.32536843623472 -35.07220943671936 8
      vertex -49.36921572018292 -33.75 8
    endloop
  endfacet
  facet normal 0 0 1
    outer loop
      vertex -49.89872562025446 -33.75 8
      vertex -49.49937959060728 -33.86623564853564 8
      vertex -49.36921572018292 -33.75 8
    endloop
  endfacet
  facet normal 0 0 1
    outer loop
      vertex -49.32536843623472 -35.07220943671936 8
      vertex -49.20491529865545 -34.23034965289981 8
      vertex -49.36921572018292 -33.75 8
    endloop
  endfacet
  facet normal 0 0 1
    outer loop
      vertex -49.20491529865545 -34.23034965289981 8
      vertex -49.02904655659044 -34.66998785685822 8
      vertex -49.36921572018292 -33.75 8
    endloop
  endfacet
  facet normal 0 0 1
    outer loop
      vertex -49.02904655659044 -34.66998785685822 8
      vertex -48.89117151072836 -33.89150577655043 8
      vertex -49.36921572018292 -33.75 8
    endloop
  endfacet
  facet normal 0 0 1
    outer loop
      vertex -49.36921572018292 -33.75 8
      vertex -48.89117151072836 -33.89150577655043 8
      vertex -48.5 -33.75 8
    endloop
  endfacet
  facet normal 0 0 1
    outer loop
      vertex -48.89117151072836 -33.89150577655043 8
      vertex -48.54414470521259 -33.90406869603721 8
      vertex -48.5 -33.75 8
    endloop
  endfacet
  facet normal 0 0 1
    outer loop
      vertex -48.365308937030804 -34.90882811867726 8
      vertex -48.37268705456942 -33.86415102383782 8
      vertex -48.54414470521259 -33.90406869603721 8
    endloop
  endfacet
  facet normal 0 0 1
    outer loop
      vertex -48.117673388447585 -34.957175274445774 8
      vertex -48.044440403776036 -33.80997555864279 8
      vertex -48.17368451944987 -33.771387846565474 8
    endloop
  endfacet
  facet normal 0 0 1
    outer loop
      vertex -48.117673388447585 -34.957175274445774 8
      vertex -48.17368451944987 -33.771387846565474 8
      vertex -48.206504180208476 -33.80470108895647 8
    endloop
  endfacet
  facet normal 0 0 1
    outer loop
      vertex -48.5 -33.75 8
      vertex -48.54414470521259 -33.90406869603721 8
      vertex -48.37268705456942 -33.86415102383782 8
    endloop
  endfacet
  facet normal 0 0 1
    outer loop
      vertex -48.5 -33.75 8
      vertex -48.37268705456942 -33.86415102383782 8
      vertex -48.17368451944987 -33.771387846565474 8
    endloop
  endfacet
  facet normal 0 0 1
    outer loop
      vertex -48.37268705456942 -33.86415102383782 8
      vertex -48.206504180208476 -33.80470108895647 8
      vertex -48.17368451944987 -33.771387846565474 8
    endloop
  endfacet
  facet normal 0 0 1
    outer loop
      vertex -47.88456015777857 -35.051493885508805 8
      vertex -47.883751211832006 -35.05189281350226 8
      vertex -47.864863550807904 -34.33242512454779 8
    endloop
  endfacet
  facet normal 0 0 1
    outer loop
      vertex -47.51981112118302 -35.324591034847586 8
      vertex -47.44592078901297 -35.40884681055894 8
      vertex -47.51475128377955 -33.9567788235244 8
    endloop
  endfacet
  facet normal 0 0 1
    outer loop
      vertex -47.88456015777857 -35.051493885508805 8
      vertex -47.864863550807904 -34.33242512454779 8
      vertex -48.044440403776036 -33.80997555864279 8
    endloop
  endfacet
  facet normal 0 0 1
    outer loop
      vertex -47.744043352677906 -35.1349592072292 8
      vertex -47.74874767084075 -33.89943337929255 8
      vertex -47.864863550807904 -34.33242512454779 8
    endloop
  endfacet
  facet normal 0 0 1
    outer loop
      vertex -48.044440403776036 -33.80997555864279 8
      vertex -47.864863550807904 -34.33242512454779 8
      vertex -47.8529523872437 -33.83518543427733 8
    endloop
  endfacet
  facet normal 0 0 1
    outer loop
      vertex -48.17368451944987 -33.771387846565474 8
      vertex -48.044440403776036 -33.80997555864279 8
      vertex -47.8529523872437 -33.83518543427733 8
    endloop
  endfacet
  facet normal 0 0 1
    outer loop
      vertex -47.74874767084075 -33.89943337929255 8
      vertex -47.8529523872437 -33.83518543427733 8
      vertex -47.864863550807904 -34.33242512454779 8
    endloop
  endfacet
  facet normal 0 0 1
    outer loop
      vertex -47.62334204639096 -33.92437810893458 8
      vertex -47.543291419087275 -33.94030116872178 8
      vertex -47.8529523872437 -33.83518543427733 8
    endloop
  endfacet
  facet normal 0 0 1
    outer loop
      vertex -47.74874767084075 -33.89943337929255 8
      vertex -47.62334204639096 -33.92437810893458 8
      vertex -47.8529523872437 -33.83518543427733 8
    endloop
  endfacet
  facet normal 0 0 1
    outer loop
      vertex -47.51981112118302 -35.324591034847586 8
      vertex -47.543291419087275 -33.94030116872178 8
      vertex -47.62334204639096 -33.92437810893458 8
    endloop
  endfacet
  facet normal 0 0 1
    outer loop
      vertex -47.51981112118302 -35.324591034847586 8
      vertex -47.51475128377955 -33.9567788235244 8
      vertex -47.543291419087275 -33.94030116872178 8
    endloop
  endfacet
  facet normal 0 0 1
    outer loop
      vertex -47.25 -34.0849364905389 8
      vertex -47.45081869845905 -33.993690318869184 8
      vertex -47.25 -35.43038733368414 8
    endloop
  endfacet
  facet normal 0 0 1
    outer loop
      vertex -47.51475128377955 -33.9567788235244 8
      vertex -47.25 -34.0849364905389 8
      vertex -47.543291419087275 -33.94030116872178 8
    endloop
  endfacet
  facet normal 0 0 1
    outer loop
      vertex -47.45081869845905 -33.993690318869184 8
      vertex -47.25 -34.0849364905389 8
      vertex -47.51475128377955 -33.9567788235244 8
    endloop
  endfacet
  facet normal 0 0 1
    outer loop
      vertex -47.25 -34.0849364905389 8
      vertex -47.25 -35.43038733368414 8
      vertex -46.9780964274782 -34.26661664927191 8
    endloop
  endfacet
  facet normal 0 0 1
    outer loop
      vertex -46.9780964274782 -34.26661664927191 8
      vertex -47.25 -35.43038733368414 8
      vertex -46.73223304703363 -34.48223304703363 8
    endloop
  endfacet
  facet normal 0 0 1
    outer loop
      vertex -46.51661664927191 -34.7280964274782 8
      vertex -46.73223304703363 -34.48223304703363 8
      vertex -47.25 -35.43038733368414 8
    endloop
  endfacet
  facet normal 0 0 1
    outer loop
      vertex -46.51661664927191 -34.7280964274782 8
      vertex -47.25 -35.43038733368414 8
      vertex -46.3349364905389 -35 8
    endloop
  endfacet
  facet normal 0 0 1
    outer loop
      vertex -46.3349364905389 -35 8
      vertex -47.25 -35.43038733368414 8
      vertex -46.19030116872178 -35.293291419087275 8
    endloop
  endfacet
  facet normal 0 0 -1
    outer loop
      vertex -51.8 -39.55 9.9
      vertex -51.8 -39.146642955940834 9.9
      vertex -51.435045716034885 -38.82658663883506 9.9
    endloop
  endfacet
  facet normal 0 0 -1
    outer loop
      vertex -51.8 -39.55 9.9
      vertex -51.435045716034885 -38.82658663883506 9.9
      vertex -51 -38.53589838486224 9.9
    endloop
  endfacet
  facet normal 0 0 -1
    outer loop
      vertex -51.8 -39.55 9.9
      vertex -51 -38.53589838486224 9.9
      vertex -50.53073372946036 -38.304481869954856 9.9
    endloop
  endfacet
  facet normal 0 0 -1
    outer loop
      vertex -51.8 -39.55 9.9
      vertex -50.53073372946036 -38.304481869954856 9.9
      vertex -50.03527618041008 -38.13629669484373 9.9
    endloop
  endfacet
  facet normal 0 0 -1
    outer loop
      vertex -51.8 -39.55 9.9
      vertex -50.03527618041008 -38.13629669484373 9.9
      vertex -49.522104768880205 -38.034220554504756 9.9
    endloop
  endfacet
  facet normal 0 0 -1
    outer loop
      vertex -51.8 -39.55 9.9
      vertex -49.522104768880205 -38.034220554504756 9.9
      vertex -49 -38 9.9
    endloop
  endfacet
  facet normal 0 0 -1
    outer loop
      vertex -51.8 -39.55 9.9
      vertex -48.477895231119795 -38.034220554504756 9.9
      vertex -47.96472381958992 -38.13629669484373 9.9
    endloop
  endfacet
  facet normal 0 0 -1
    outer loop
      vertex -51.8 -39.55 9.9
      vertex -49 -38 9.9
      vertex -48.477895231119795 -38.034220554504756 9.9
    endloop
  endfacet
  facet normal 0 0 -1
    outer loop
      vertex -51.8 -39.55 9.9
      vertex -47.96472381958992 -38.13629669484373 9.9
      vertex -47.46926627053964 -38.304481869954856 9.9
    endloop
  endfacet
  facet normal 0 0 -1
    outer loop
      vertex -51.8 -39.55 9.9
      vertex -47 -38.53589838486224 9.9
      vertex -46.564954283965115 -38.82658663883506 9.9
    endloop
  endfacet
  facet normal 0 0 -1
    outer loop
      vertex -51.8 -39.55 9.9
      vertex -46.564954283965115 -38.82658663883506 9.9
      vertex -46.17157287525381 -39.17157287525381 9.9
    endloop
  endfacet
  facet normal 0 0 -1
    outer loop
      vertex -51.8 -39.55 9.9
      vertex -47.46926627053964 -38.304481869954856 9.9
      vertex -47 -38.53589838486224 9.9
    endloop
  endfacet
  facet normal 0 0 -1
    outer loop
      vertex -51.8 -39.55 9.9
      vertex -46.17157287525381 -39.17157287525381 9.9
      vertex -45.839701193893376 -39.55 9.9
    endloop
  endfacet
  facet normal 1 0 0
    outer loop
      vertex -51.8 -39.55 8
      vertex -51.8 -39.146642955940834 8
      vertex -51.8 39.55 9.9
    endloop
  endfacet
  facet normal 1 0 0
    outer loop
      vertex -51.8 -39.146642955940834 8
      vertex -51.8 -38.75 8
      vertex -51.8 39.55 9.9
    endloop
  endfacet
  facet normal 1 0 0
    outer loop
      vertex -51.8 -39.55 8
      vertex -51.8 39.146642955940834 9.9
      vertex -51.8 -39.146642955940834 9.9
    endloop
  endfacet
  facet normal 1 0 0
    outer loop
      vertex -51.8 39.55 9.9
      vertex -51.8 -38.75 8
      vertex -51.8 -33.75 8
    endloop
  endfacet
  facet normal 1 0 0
    outer loop
      vertex -51.8 39.55 9.9
      vertex -51.8 -33.75 8
      vertex -51.8 33.75 8
    endloop
  endfacet
  facet normal 1 0 0
    outer loop
      vertex -51.8 39.55 9.9
      vertex -51.8 39.146642955940834 9.9
      vertex -51.8 -39.55 8
    endloop
  endfacet
  facet normal 0 0 1
    outer loop
      vertex -51.8 33.75 8
      vertex -51.65079155672823 33.75 8
      vertex -51.650814192452295 33.75087989122256 8
    endloop
  endfacet
  facet normal 0 0 1
    outer loop
      vertex -51.65079155672823 33.75 8
      vertex -49.42018010783994 34.09385613766387 8
      vertex -49.54737942544469 35.401207169331315 8
    endloop
  endfacet
  facet normal 0 0 1
    outer loop
      vertex -48.5 33.75 8
      vertex -49.42018010783994 34.09385613766387 8
      vertex -51.65079155672823 33.75 8
    endloop
  endfacet
  facet normal 0 0 1
    outer loop
      vertex -51.65079155672823 33.75 8
      vertex -49.54737942544469 35.401207169331315 8
      vertex -49.78165384754055 35.22948024393377 8
    endloop
  endfacet
  facet normal 0 0 1
    outer loop
      vertex -49.78165384754055 35.22948024393377 8
      vertex -49.82541847981868 36.008272934791556 8
      vertex -51.65079155672823 33.75 8
    endloop
  endfacet
  facet normal 0 0 1
    outer loop
      vertex -51.65079155672823 33.75 8
      vertex -49.82541847981868 36.008272934791556 8
      vertex -49.84122476043139 35.99019573952634 8
    endloop
  endfacet
  facet normal 0 0 1
    outer loop
      vertex -48.17368451944987 33.771387846565474 8
      vertex -49.42018010783994 34.09385613766387 8
      vertex -48.5 33.75 8
    endloop
  endfacet
  facet normal 0 0 1
    outer loop
      vertex -48.17368451944987 33.771387846565474 8
      vertex -47.8529523872437 33.83518543427733 8
      vertex -49.42018010783994 34.09385613766387 8
    endloop
  endfacet
  facet normal 0 0 1
    outer loop
      vertex -47.8529523872437 33.83518543427733 8
      vertex -47.543291419087275 33.94030116872178 8
      vertex -49.42018010783994 34.09385613766387 8
    endloop
  endfacet
  facet normal 0 0 1
    outer loop
      vertex -47.543291419087275 33.94030116872178 8
      vertex -46.7477957691823 34.47998441572031 8
      vertex -49.42018010783994 34.09385613766387 8
    endloop
  endfacet
  facet normal 0 0 1
    outer loop
      vertex -47.25 34.0849364905389 8
      vertex -46.7477957691823 34.47998441572031 8
      vertex -47.543291419087275 33.94030116872178 8
    endloop
  endfacet
  facet normal 0 0 1
    outer loop
      vertex -46.9780964274782 34.26661664927191 8
      vertex -46.7477957691823 34.47998441572031 8
      vertex -47.25 34.0849364905389 8
    endloop
  endfacet
  facet normal 0 0 1
    outer loop
      vertex -46.73223304703363 34.48223304703363 8
      vertex -46.7477957691823 34.47998441572031 8
      vertex -46.9780964274782 34.26661664927191 8
    endloop
  endfacet
  facet normal 0 0 1
    outer loop
      vertex -46.73223304703363 34.48223304703363 8
      vertex -46.779119780575705 34.717948574226476 8
      vertex -46.7477957691823 34.47998441572031 8
    endloop
  endfacet
  facet normal 0 0 1
    outer loop
      vertex -46.51661664927191 34.7280964274782 8
      vertex -46.779119780575705 34.717948574226476 8
      vertex -46.73223304703363 34.48223304703363 8
    endloop
  endfacet
  facet normal 0 0 1
    outer loop
      vertex -46.3349364905389 35 8
      vertex -46.779119780575705 34.717948574226476 8
      vertex -46.51661664927191 34.7280964274782 8
    endloop
  endfacet
  facet normal 0 0 1
    outer loop
      vertex -46.19030116872178 35.293291419087275 8
      vertex -46.779119780575705 34.717948574226476 8
      vertex -46.3349364905389 35 8
    endloop
  endfacet
  facet normal 0 0 1
    outer loop
      vertex -46.08518543427733 35.6029523872437 8
      vertex -46.779119780575705 34.717948574226476 8
      vertex -46.19030116872178 35.293291419087275 8
    endloop
  endfacet
  facet normal 0 0 1
    outer loop
      vertex -51.650814192452295 33.75087989122256 8
      vertex -51.65079155672823 33.75 8
      vertex -51.320425711011154 38.75 8
    endloop
  endfacet
  facet normal 0 0 1
    outer loop
      vertex -51.682347472027274 34.976635066496065 8
      vertex -51.8 38.75 8
      vertex -51.8 33.75 8
    endloop
  endfacet
  facet normal 0 0 1
    outer loop
      vertex -51.650814192452295 33.75087989122256 8
      vertex -51.320425711011154 38.75 8
      vertex -51.682347472027274 34.976635066496065 8
    endloop
  endfacet
  facet normal 0 0 1
    outer loop
      vertex -51.65079155672823 33.75 8
      vertex -49.84122476043139 35.99019573952634 8
      vertex -51.320425711011154 38.75 8
    endloop
  endfacet
  facet normal 0 0 1
    outer loop
      vertex -51.682347472027274 34.976635066496065 8
      vertex -51.320425711011154 38.75 8
      vertex -51.8 38.75 8
    endloop
  endfacet
  facet normal 1 0 0
    outer loop
      vertex -51.8 39.55 9.9
      vertex -51.8 33.75 8
      vertex -51.8 38.75 8
    endloop
  endfacet
  facet normal 0 0 1
    outer loop
      vertex -51.8 39.55 8
      vertex -51.435045716034885 38.82658663883506 8
      vertex -51.320425711011154 38.75 8
    endloop
  endfacet
  facet normal 0 0 1
    outer loop
      vertex -51.8 39.55 8
      vertex -51.8 39.146642955940834 8
      vertex -51.435045716034885 38.82658663883506 8
    endloop
  endfacet
  facet normal 0 0 1
    outer loop
      vertex -51.8 39.55 8
      vertex -51.320425711011154 38.75 8
      vertex -49.9352691457507 36.5803950466284 8
    endloop
  endfacet
  facet normal 1 0 0
    outer loop
      vertex -51.8 39.55 9.9
      vertex -51.8 38.75 8
      vertex -51.8 39.146642955940834 8
    endloop
  endfacet
  facet normal 1 0 0
    outer loop
      vertex -51.8 39.55 8
      vertex -51.8 39.55 9.9
      vertex -51.8 39.146642955940834 8
    endloop
  endfacet
  facet normal 0 0 1
    outer loop
      vertex -51.320425711011154 38.75 8
      vertex -49.84122476043139 35.99019573952634 8
      vertex -49.85494316100397 36.25836534939134 8
    endloop
  endfacet
  facet normal 0 0 1
    outer loop
      vertex -49.85494316100397 36.25836534939134 8
      vertex -49.9352691457507 36.5803950466284 8
      vertex -51.320425711011154 38.75 8
    endloop
  endfacet
  facet normal 0 0 1
    outer loop
      vertex -51.8 39.55 8
      vertex -49.9352691457507 36.5803950466284 8
      vertex -49.228354150019605 37.65339102229168 8
    endloop
  endfacet
  facet normal 0 0 1
    outer loop
      vertex -47.24788906371376 38.41365302692862 8
      vertex -48.715745722652315 37.727486108840004 8
      vertex -48.432501795631815 37.60131227815073 8
    endloop
  endfacet
  facet normal 0 0 1
    outer loop
      vertex -47.376141289191224 36.99275970037176 8
      vertex -47.21812960460496 36.925 8
      vertex -47.268274316303646 37.07182792916177 8
    endloop
  endfacet
  facet normal 0 0 1
    outer loop
      vertex -48.432501795631815 37.60131227815073 8
      vertex -47.60180979043853 37.60259504513612 8
      vertex -46.51661664927191 37.7719035725218 8
    endloop
  endfacet
  facet normal 0 0 1
    outer loop
      vertex -47.24788906371376 38.41365302692862 8
      vertex -48.432501795631815 37.60131227815073 8
      vertex -46.9780964274782 38.23338335072809 8
    endloop
  endfacet
  facet normal 0 0 1
    outer loop
      vertex -46.73223304703363 38.01776695296637 8
      vertex -46.9780964274782 38.23338335072809 8
      vertex -48.432501795631815 37.60131227815073 8
    endloop
  endfacet
  facet normal 0 0 1
    outer loop
      vertex -51.8 39.55 8
      vertex -49.228354150019605 37.65339102229168 8
      vertex -48.85058124909831 37.55360082403843 8
    endloop
  endfacet
  facet normal 0 0 1
    outer loop
      vertex -51.8 39.55 8
      vertex -48.85058124909831 37.55360082403843 8
      vertex -48.715745722652315 37.727486108840004 8
    endloop
  endfacet
  facet normal 0 0 1
    outer loop
      vertex -51.8 39.55 8
      vertex -48.715745722652315 37.727486108840004 8
      vertex -47.24788906371376 38.41365302692862 8
    endloop
  endfacet
  facet normal 0 0 1
    outer loop
      vertex -51.8 39.55 8
      vertex -47.24788906371376 38.41365302692862 8
      vertex -47 38.53589838486224 8
    endloop
  endfacet
  facet normal 0 0 1
    outer loop
      vertex -51.8 39.55 8
      vertex -47 38.53589838486224 8
      vertex -46.564954283965115 38.82658663883506 8
    endloop
  endfacet
  facet normal 0 0 1
    outer loop
      vertex -51.8 39.55 8
      vertex -46.564954283965115 38.82658663883506 8
      vertex -46.17157287525381 39.17157287525381 8
    endloop
  endfacet
  facet normal 0 0 1
    outer loop
      vertex -51.8 39.55 8
      vertex -46.17157287525381 39.17157287525381 8
      vertex -45.839701193893376 39.55 8
    endloop
  endfacet
  facet normal 0 -1 0
    outer loop
      vertex -51.8 39.55 8
      vertex -45.839701193893376 39.55 8
      vertex -51.8 39.55 9.9
    endloop
  endfacet
  facet normal 0 -1 0
    outer loop
      vertex -51.8 39.55 9.9
      vertex -45.839701193893376 39.55 8
      vertex -45.839701193893376 39.55 9.9
    endloop
  endfacet
  facet normal 0 0 1
    outer loop
      vertex -47.21812960460496 36.925 8
      vertex -46.779119780575705 34.717948574226476 8
      vertex -46.021387846565474 36.57631548055013 8
    endloop
  endfacet
  facet normal 0 0 1
    outer loop
      vertex -46.08518543427733 35.6029523872437 8
      vertex -46.021387846565474 35.92368451944987 8
      vertex -46.779119780575705 34.717948574226476 8
    endloop
  endfacet
  facet normal 0 0 1
    outer loop
      vertex -46.021387846565474 35.92368451944987 8
      vertex -46 36.25 8
      vertex -46.779119780575705 34.717948574226476 8
    endloop
  endfacet
  facet normal 0 0 1
    outer loop
      vertex -46.021387846565474 36.57631548055013 8
      vertex -46.779119780575705 34.717948574226476 8
      vertex -46 36.25 8
    endloop
  endfacet
  facet normal 0 0 1
    outer loop
      vertex -47.268274316303646 37.07182792916177 8
      vertex -47.21812960460496 36.925 8
      vertex -46.08518543427733 36.8970476127563 8
    endloop
  endfacet
  facet normal 0 0 1
    outer loop
      vertex -47.33096765160551 37.20429438797079 8
      vertex -47.268274316303646 37.07182792916177 8
      vertex -46.08518543427733 36.8970476127563 8
    endloop
  endfacet
  facet normal 0 0 1
    outer loop
      vertex -47.33096765160551 37.20429438797079 8
      vertex -46.08518543427733 36.8970476127563 8
      vertex -47.60180979043853 37.60259504513612 8
    endloop
  endfacet
  facet normal 0 0 1
    outer loop
      vertex -46.08518543427733 36.8970476127563 8
      vertex -47.21812960460496 36.925 8
      vertex -46.021387846565474 36.57631548055013 8
    endloop
  endfacet
  facet normal 0 0 1
    outer loop
      vertex -46.19030116872178 37.206708580912725 8
      vertex -47.60180979043853 37.60259504513612 8
      vertex -46.08518543427733 36.8970476127563 8
    endloop
  endfacet
  facet normal 0 0 1
    outer loop
      vertex -46.3349364905389 37.5 8
      vertex -47.60180979043853 37.60259504513612 8
      vertex -46.19030116872178 37.206708580912725 8
    endloop
  endfacet
  facet normal 0 0 1
    outer loop
      vertex -46.73223304703363 38.01776695296637 8
      vertex -48.432501795631815 37.60131227815073 8
      vertex -46.51661664927191 37.7719035725218 8
    endloop
  endfacet
  facet normal 0 0 1
    outer loop
      vertex -46.51661664927191 37.7719035725218 8
      vertex -47.60180979043853 37.60259504513612 8
      vertex -46.3349364905389 37.5 8
    endloop
  endfacet
  facet normal 0 0 -1
    outer loop
      vertex -51.8 39.55 9.9
      vertex -51.435045716034885 38.82658663883506 9.9
      vertex -51.8 39.146642955940834 9.9
    endloop
  endfacet
  facet normal 0 0 -1
    outer loop
      vertex -51.8 39.55 9.9
      vertex -50.53073372946036 38.304481869954856 9.9
      vertex -51 38.53589838486224 9.9
    endloop
  endfacet
  facet normal 0 0 -1
    outer loop
      vertex -51.8 39.55 9.9
      vertex -50.03527618041008 38.13629669484373 9.9
      vertex -50.53073372946036 38.304481869954856 9.9
    endloop
  endfacet
  facet normal 0 0 -1
    outer loop
      vertex -51.8 39.55 9.9
      vertex -51 38.53589838486224 9.9
      vertex -51.435045716034885 38.82658663883506 9.9
    endloop
  endfacet
  facet normal 0 0 -1
    outer loop
      vertex -51.8 39.55 9.9
      vertex -49.522104768880205 38.034220554504756 9.9
      vertex -50.03527618041008 38.13629669484373 9.9
    endloop
  endfacet
  facet normal 0 0 -1
    outer loop
      vertex -51.8 39.55 9.9
      vertex -49 38 9.9
      vertex -49.522104768880205 38.034220554504756 9.9
    endloop
  endfacet
  facet normal 0 0 -1
    outer loop
      vertex -51.8 39.55 9.9
      vertex -48.477895231119795 38.034220554504756 9.9
      vertex -49 38 9.9
    endloop
  endfacet
  facet normal 0 0 -1
    outer loop
      vertex -51.8 39.55 9.9
      vertex -47.96472381958992 38.13629669484373 9.9
      vertex -48.477895231119795 38.034220554504756 9.9
    endloop
  endfacet
  facet normal 0 0 -1
    outer loop
      vertex -51.8 39.55 9.9
      vertex -47.46926627053964 38.304481869954856 9.9
      vertex -47.96472381958992 38.13629669484373 9.9
    endloop
  endfacet
  facet normal 0 0 -1
    outer loop
      vertex -51.8 39.55 9.9
      vertex -47 38.53589838486224 9.9
      vertex -47.46926627053964 38.304481869954856 9.9
    endloop
  endfacet
  facet normal 0 0 -1
    outer loop
      vertex -51.8 39.55 9.9
      vertex -46.564954283965115 38.82658663883506 9.9
      vertex -47 38.53589838486224 9.9
    endloop
  endfacet
  facet normal 0 0 -1
    outer loop
      vertex -51.8 39.55 9.9
      vertex -46.17157287525381 39.17157287525381 9.9
      vertex -46.564954283965115 38.82658663883506 9.9
    endloop
  endfacet
  facet normal 0 0 -1
    outer loop
      vertex -51.8 39.55 9.9
      vertex -45.839701193893376 39.55 9.9
      vertex -46.17157287525381 39.17157287525381 9.9
    endloop
  endfacet
  facet normal 0 0 1
    outer loop
      vertex 46.08518543427733 -36.8970476127563 8
      vertex 47.0281270023067 -36.76662263369287 8
      vertex 46.021387846565474 -36.57631548055013 8
    endloop
  endfacet
  facet normal 0 0 1
    outer loop
      vertex 46.3349364905389 -37.5 8
      vertex 47.102993366396724 -37.20397569901788 8
      vertex 46.19030116872178 -37.206708580912725 8
    endloop
  endfacet
  facet normal 0 0 1
    outer loop
      vertex 46.19030116872178 -37.206708580912725 8
      vertex 47.102993366396724 -37.20397569901788 8
      vertex 46.08518543427733 -36.8970476127563 8
    endloop
  endfacet
  facet normal 0 0 1
    outer loop
      vertex 46.08518543427733 -36.8970476127563 8
      vertex 47.102993366396724 -37.20397569901788 8
      vertex 47.00707332676309 -37.07182792916177 8
    endloop
  endfacet
  facet normal 0 0 1
    outer loop
      vertex 47.21919500744617 -36.924813010863865 8
      vertex 46.08518543427733 -36.8970476127563 8
      vertex 47.00707332676309 -37.07182792916177 8
    endloop
  endfacet
  facet normal 0 0 1
    outer loop
      vertex 47.21919500744617 -36.924813010863865 8
      vertex 47.0281270023067 -36.76662263369287 8
      vertex 46.08518543427733 -36.8970476127563 8
    endloop
  endfacet
  facet normal 0 0 1
    outer loop
      vertex 47.90721603048398 -37.459678754488614 8
      vertex 47.102993366396724 -37.20397569901788 8
      vertex 46.3349364905389 -37.5 8
    endloop
  endfacet
  facet normal 0 0 1
    outer loop
      vertex 46.021387846565474 -36.57631548055013 8
      vertex 47.0281270023067 -36.76662263369287 8
      vertex 46 -36.25 8
    endloop
  endfacet
  facet normal 0 0 1
    outer loop
      vertex 46 -36.25 8
      vertex 47.0281270023067 -36.76662263369287 8
      vertex 46.021387846565474 -35.92368451944987 8
    endloop
  endfacet
  facet normal 0 0 1
    outer loop
      vertex 46.021387846565474 -35.92368451944987 8
      vertex 47.0281270023067 -36.76662263369287 8
      vertex 46.08518543427733 -35.6029523872437 8
    endloop
  endfacet
  facet normal 0 0 1
    outer loop
      vertex 47.14303687434526 -36.412347671309654 8
      vertex 46.08518543427733 -35.6029523872437 8
      vertex 47.0281270023067 -36.76662263369287 8
    endloop
  endfacet
  facet normal 0 0 1
    outer loop
      vertex 47.14303687434526 -36.412347671309654 8
      vertex 47.09242017673927 -36.206983971241776 8
      vertex 46.08518543427733 -35.6029523872437 8
    endloop
  endfacet
  facet normal 0 0 1
    outer loop
      vertex 46.08518543427733 -35.6029523872437 8
      vertex 47.09242017673927 -36.206983971241776 8
      vertex 46.19030116872178 -35.293291419087275 8
    endloop
  endfacet
  facet normal 0 0 1
    outer loop
      vertex 46.19030116872178 -35.293291419087275 8
      vertex 47.09242017673927 -36.206983971241776 8
      vertex 47.27107676175249 -35.30881666587647 8
    endloop
  endfacet
  facet normal 0 0 1
    outer loop
      vertex 51.8 -39.55 8
      vertex 46.17157287525381 -39.17157287525381 8
      vertex 45.839701193893376 -39.55 8
    endloop
  endfacet
  facet normal 0 0 1
    outer loop
      vertex 47.24788906371376 -38.41365302692862 8
      vertex 49.767837954842264 -38.051264558246366 8
      vertex 46.9780964274782 -38.23338335072809 8
    endloop
  endfacet
  facet normal 0 0 1
    outer loop
      vertex 51.8 -39.55 8
      vertex 46.564954283965115 -38.82658663883506 8
      vertex 46.17157287525381 -39.17157287525381 8
    endloop
  endfacet
  facet normal 0 0 1
    outer loop
      vertex 51.8 -39.55 8
      vertex 47 -38.53589838486224 8
      vertex 46.564954283965115 -38.82658663883506 8
    endloop
  endfacet
  facet normal 0 0 1
    outer loop
      vertex 51.8 -39.55 8
      vertex 47.24788906371376 -38.41365302692862 8
      vertex 47 -38.53589838486224 8
    endloop
  endfacet
  facet normal 0 0 1
    outer loop
      vertex 51.8 -39.55 8
      vertex 49.767837954842264 -38.051264558246366 8
      vertex 47.24788906371376 -38.41365302692862 8
    endloop
  endfacet
  facet normal 0 0 1
    outer loop
      vertex 51.8 -39.55 8
      vertex 50.040985702786735 -38.12210543224963 8
      vertex 49.767837954842264 -38.051264558246366 8
    endloop
  endfacet
  facet normal 0 1 0
    outer loop
      vertex 51.8 -39.55 9.9
      vertex 45.839701193893376 -39.55 8
      vertex 45.839701193893376 -39.55 9.9
    endloop
  endfacet
  facet normal 0 1 0
    outer loop
      vertex 51.8 -39.55 8
      vertex 45.839701193893376 -39.55 8
      vertex 51.8 -39.55 9.9
    endloop
  endfacet
  facet normal 0 0 1
    outer loop
      vertex 47.90721603048398 -37.459678754488614 8
      vertex 46.3349364905389 -37.5 8
      vertex 47.950750936416064 -37.4979085660158 8
    endloop
  endfacet
  facet normal 0 0 1
    outer loop
      vertex 46.51661664927191 -37.7719035725218 8
      vertex 49.767837954842264 -38.051264558246366 8
      vertex 46.3349364905389 -37.5 8
    endloop
  endfacet
  facet normal 0 0 1
    outer loop
      vertex 47.950750936416064 -37.4979085660158 8
      vertex 46.3349364905389 -37.5 8
      vertex 48.11705653099251 -37.554669610079486 8
    endloop
  endfacet
  facet normal 0 0 1
    outer loop
      vertex 48.312893186303725 -37.58866403793063 8
      vertex 48.11705653099251 -37.554669610079486 8
      vertex 46.3349364905389 -37.5 8
    endloop
  endfacet
  facet normal 0 0 1
    outer loop
      vertex 46.9780964274782 -38.23338335072809 8
      vertex 49.767837954842264 -38.051264558246366 8
      vertex 46.73223304703363 -38.01776695296637 8
    endloop
  endfacet
  facet normal 0 0 1
    outer loop
      vertex 46.51661664927191 -37.7719035725218 8
      vertex 46.73223304703363 -38.01776695296637 8
      vertex 49.767837954842264 -38.051264558246366 8
    endloop
  endfacet
  facet normal 0 0 1
    outer loop
      vertex 46.3349364905389 -37.5 8
      vertex 49.767837954842264 -38.051264558246366 8
      vertex 48.312893186303725 -37.58866403793063 8
    endloop
  endfacet
  facet normal 0 0 1
    outer loop
      vertex 50.040985702786735 -38.12210543224963 8
      vertex 51.320425711011154 -38.75 8
      vertex 50.41172631158064 -37.20061375805954 8
    endloop
  endfacet
  facet normal 0 0 1
    outer loop
      vertex 51.8 -39.55 8
      vertex 51.320425711011154 -38.75 8
      vertex 50.040985702786735 -38.12210543224963 8
    endloop
  endfacet
  facet normal 0 0 1
    outer loop
      vertex 50.41172631158064 -37.20061375805954 8
      vertex 51.320425711011154 -38.75 8
      vertex 51.8 -38.75 8
    endloop
  endfacet
  facet normal 0 0 1
    outer loop
      vertex 51.8 -39.55 8
      vertex 51.8 -39.146642955940834 8
      vertex 51.435045716034885 -38.82658663883506 8
    endloop
  endfacet
  facet normal 0 0 1
    outer loop
      vertex 51.8 -39.55 8
      vertex 51.435045716034885 -38.82658663883506 8
      vertex 51.320425711011154 -38.75 8
    endloop
  endfacet
  facet normal -1 0 0
    outer loop
      vertex 51.8 -39.55 8
      vertex 51.8 -39.55 9.9
      vertex 51.8 -39.146642955940834 8
    endloop
  endfacet
  facet normal -1 0 0
    outer loop
      vertex 51.8 -39.55 9.9
      vertex 51.8 -38.75 8
      vertex 51.8 -39.146642955940834 8
    endloop
  endfacet
  facet normal -1 0 0
    outer loop
      vertex 51.8 -39.55 9.9
      vertex 51.8 -39.146642955940834 9.9
      vertex 51.8 -38.75 8
    endloop
  endfacet
  facet normal 0 0 1
    outer loop
      vertex 51.8 -33.75 8
      vertex 50.41172631158064 -37.20061375805954 8
      vertex 51.8 -38.75 8
    endloop
  endfacet
  facet normal 0 0 1
    outer loop
      vertex 51.8 -33.75 8
      vertex 49.88008261305901 -35.080634835962705 8
      vertex 50.41172631158064 -37.20061375805954 8
    endloop
  endfacet
  facet normal -1 0 0
    outer loop
      vertex 51.8 -39.146642955940834 9.9
      vertex 51.8 -34.091787387209585 9.9
      vertex 51.8 -38.75 8
    endloop
  endfacet
  facet normal -1 0 0
    outer loop
      vertex 51.8 -33.75 8
      vertex 51.8 -38.75 8
      vertex 51.8 -34.091787387209585 9.9
    endloop
  endfacet
  facet normal 0 0 1
    outer loop
      vertex 46.19030116872178 -35.293291419087275 8
      vertex 47.27107676175249 -35.30881666587647 8
      vertex 46.3349364905389 -35 8
    endloop
  endfacet
  facet normal 0 0 1
    outer loop
      vertex 46.3349364905389 -35 8
      vertex 47.27107676175249 -35.30881666587647 8
      vertex 46.51661664927191 -34.7280964274782 8
    endloop
  endfacet
  facet normal 0 0 1
    outer loop
      vertex 47.27107676175249 -35.30881666587647 8
      vertex 47.48179149114585 -35.36794411402537 8
      vertex 46.73223304703363 -34.48223304703363 8
    endloop
  endfacet
  facet normal 0 0 1
    outer loop
      vertex 46.51661664927191 -34.7280964274782 8
      vertex 47.27107676175249 -35.30881666587647 8
      vertex 46.73223304703363 -34.48223304703363 8
    endloop
  endfacet
  facet normal 0 0 1
    outer loop
      vertex 46.73223304703363 -34.48223304703363 8
      vertex 47.82675468566066 -34.304399088761514 8
      vertex 46.9780964274782 -34.26661664927191 8
    endloop
  endfacet
  facet normal 0 0 1
    outer loop
      vertex 46.73223304703363 -34.48223304703363 8
      vertex 47.48179149114585 -35.36794411402537 8
      vertex 47.82675468566066 -34.304399088761514 8
    endloop
  endfacet
  facet normal 0 0 1
    outer loop
      vertex 46.9780964274782 -34.26661664927191 8
      vertex 47.82675468566066 -34.304399088761514 8
      vertex 47.25 -34.0849364905389 8
    endloop
  endfacet
  facet normal 0 0 1
    outer loop
      vertex 47.25 -34.0849364905389 8
      vertex 47.82675468566066 -34.304399088761514 8
      vertex 47.543291419087275 -33.94030116872178 8
    endloop
  endfacet
  facet normal 0 0 1
    outer loop
      vertex 47.543291419087275 -33.94030116872178 8
      vertex 47.82675468566066 -34.304399088761514 8
      vertex 47.8529523872437 -33.83518543427733 8
    endloop
  endfacet
  facet normal 0 0 1
    outer loop
      vertex 47.8529523872437 -33.83518543427733 8
      vertex 47.82675468566066 -34.304399088761514 8
      vertex 47.98337736630713 -34.20797931904186 8
    endloop
  endfacet
  facet normal 0 0 1
    outer loop
      vertex 47.8529523872437 -33.83518543427733 8
      vertex 47.98337736630713 -34.20797931904186 8
      vertex 48.17368451944987 -33.771387846565474 8
    endloop
  endfacet
  facet normal 0 0 1
    outer loop
      vertex 48.17368451944987 -33.771387846565474 8
      vertex 47.98337736630713 -34.20797931904186 8
      vertex 48.5 -33.75 8
    endloop
  endfacet
  facet normal 0 0 1
    outer loop
      vertex 49.45667544521671 -34.03118949314497 8
      vertex 48.5 -33.75 8
      vertex 47.98337736630713 -34.20797931904186 8
    endloop
  endfacet
  facet normal 0 0 1
    outer loop
      vertex 49.49829653216317 -35.34523885620918 8
      vertex 49.88008261305901 -35.080634835962705 8
      vertex 49.45667544521671 -34.03118949314497 8
    endloop
  endfacet
  facet normal 0 0 1
    outer loop
      vertex 49.45667544521671 -34.03118949314497 8
      vertex 51.8 -33.75 8
      vertex 48.5 -33.75 8
    endloop
  endfacet
  facet normal 0 0 1
    outer loop
      vertex 49.45667544521671 -34.03118949314497 8
      vertex 49.88008261305901 -35.080634835962705 8
      vertex 51.8 -33.75 8
    endloop
  endfacet
  facet normal 0 0 -1
    outer loop
      vertex 51.8 -39.55 9.9
      vertex 45.839701193893376 -39.55 9.9
      vertex 46.17157287525381 -39.17157287525381 9.9
    endloop
  endfacet
  facet normal 0 0 -1
    outer loop
      vertex 51.8 -39.55 9.9
      vertex 46.17157287525381 -39.17157287525381 9.9
      vertex 46.564954283965115 -38.82658663883506 9.9
    endloop
  endfacet
  facet normal 0 0 -1
    outer loop
      vertex 51.8 -39.55 9.9
      vertex 46.564954283965115 -38.82658663883506 9.9
      vertex 47 -38.53589838486224 9.9
    endloop
  endfacet
  facet normal 0 0 -1
    outer loop
      vertex 51.8 -39.55 9.9
      vertex 47 -38.53589838486224 9.9
      vertex 47.46926627053964 -38.304481869954856 9.9
    endloop
  endfacet
  facet normal 0 0 -1
    outer loop
      vertex 51.8 -39.55 9.9
      vertex 47.46926627053964 -38.304481869954856 9.9
      vertex 47.96472381958992 -38.13629669484373 9.9
    endloop
  endfacet
  facet normal 0 0 -1
    outer loop
      vertex 51.8 -39.55 9.9
      vertex 47.96472381958992 -38.13629669484373 9.9
      vertex 48.477895231119795 -38.034220554504756 9.9
    endloop
  endfacet
  facet normal 0 0 -1
    outer loop
      vertex 51.8 -39.55 9.9
      vertex 48.477895231119795 -38.034220554504756 9.9
      vertex 49 -38 9.9
    endloop
  endfacet
  facet normal 0 0 -1
    outer loop
      vertex 51.8 -39.55 9.9
      vertex 49 -38 9.9
      vertex 49.522104768880205 -38.034220554504756 9.9
    endloop
  endfacet
  facet normal 0 0 -1
    outer loop
      vertex 51.8 -39.55 9.9
      vertex 49.522104768880205 -38.034220554504756 9.9
      vertex 50.03527618041008 -38.13629669484373 9.9
    endloop
  endfacet
  facet normal 0 0 -1
    outer loop
      vertex 51.8 -39.55 9.9
      vertex 51 -38.53589838486224 9.9
      vertex 51.435045716034885 -38.82658663883506 9.9
    endloop
  endfacet
  facet normal 0 0 -1
    outer loop
      vertex 51.8 -39.55 9.9
      vertex 50.03527618041008 -38.13629669484373 9.9
      vertex 50.53073372946036 -38.304481869954856 9.9
    endloop
  endfacet
  facet normal 0 0 -1
    outer loop
      vertex 51.8 -39.55 9.9
      vertex 50.53073372946036 -38.304481869954856 9.9
      vertex 51 -38.53589838486224 9.9
    endloop
  endfacet
  facet normal 0 0 -1
    outer loop
      vertex 51.8 -39.55 9.9
      vertex 51.435045716034885 -38.82658663883506 9.9
      vertex 51.8 -39.146642955940834 9.9
    endloop
  endfacet
  facet normal 0 0 1
    outer loop
      vertex 46.73223304703363 34.48223304703363 8
      vertex 47.165855111027106 35.27324945318623 8
      vertex 46.51661664927191 34.7280964274782 8
    endloop
  endfacet
  facet normal 0 0 1
    outer loop
      vertex 46.3349364905389 35 8
      vertex 47.165855111027106 35.27324945318623 8
      vertex 46.19030116872178 35.293291419087275 8
    endloop
  endfacet
  facet normal 0 0 1
    outer loop
      vertex 46.3349364905389 35 8
      vertex 46.51661664927191 34.7280964274782 8
      vertex 47.165855111027106 35.27324945318623 8
    endloop
  endfacet
  facet normal 0 0 1
    outer loop
      vertex 46.73223304703363 34.48223304703363 8
      vertex 46.9780964274782 34.26661664927191 8
      vertex 47.165855111027106 35.27324945318623 8
    endloop
  endfacet
  facet normal 0 0 1
    outer loop
      vertex 47.25 34.0849364905389 8
      vertex 47.165855111027106 35.27324945318623 8
      vertex 46.9780964274782 34.26661664927191 8
    endloop
  endfacet
  facet normal 0 0 1
    outer loop
      vertex 47.543291419087275 33.94030116872178 8
      vertex 47.165855111027106 35.27324945318623 8
      vertex 47.25 34.0849364905389 8
    endloop
  endfacet
  facet normal 0 0 1
    outer loop
      vertex 47.8529523872437 33.83518543427733 8
      vertex 47.981470863945226 34.15911554902456 8
      vertex 47.543291419087275 33.94030116872178 8
    endloop
  endfacet
  facet normal 0 0 1
    outer loop
      vertex 48.17368451944987 33.771387846565474 8
      vertex 48.150594289111595 34.14099573888968 8
      vertex 47.8529523872437 33.83518543427733 8
    endloop
  endfacet
  facet normal 0 0 1
    outer loop
      vertex 47.8529523872437 33.83518543427733 8
      vertex 48.150594289111595 34.14099573888968 8
      vertex 47.981470863945226 34.15911554902456 8
    endloop
  endfacet
  facet normal 0 0 1
    outer loop
      vertex 47.981470863945226 34.15911554902456 8
      vertex 47.972636980685806 35.008059203152726 8
      vertex 47.543291419087275 33.94030116872178 8
    endloop
  endfacet
  facet normal 0 0 1
    outer loop
      vertex 47.972636980685806 35.008059203152726 8
      vertex 47.165855111027106 35.27324945318623 8
      vertex 47.543291419087275 33.94030116872178 8
    endloop
  endfacet
  facet normal 0 0 1
    outer loop
      vertex 48.32374278446324 34.89265026872621 8
      vertex 48.150594289111595 34.14099573888968 8
      vertex 48.17368451944987 33.771387846565474 8
    endloop
  endfacet
  facet normal 0 0 1
    outer loop
      vertex 48.17368451944987 33.771387846565474 8
      vertex 48.5 33.75 8
      vertex 49.57102700939317 34.4826663215015 8
    endloop
  endfacet
  facet normal 0 0 1
    outer loop
      vertex 48.17368451944987 33.771387846565474 8
      vertex 49.57102700939317 34.4826663215015 8
      vertex 48.32374278446324 34.89265026872621 8
    endloop
  endfacet
  facet normal 0 0 1
    outer loop
      vertex 49.669018919908275 35.491499522239494 8
      vertex 49.57102700939317 34.4826663215015 8
      vertex 49.80230790917779 35.382571895757394 8
    endloop
  endfacet
  facet normal 0 0 1
    outer loop
      vertex 48.5 33.75 8
      vertex 51.8 33.75 8
      vertex 49.57102700939317 34.4826663215015 8
    endloop
  endfacet
  facet normal 0 0 1
    outer loop
      vertex 51.8 33.75 8
      vertex 49.80230790917779 35.382571895757394 8
      vertex 49.57102700939317 34.4826663215015 8
    endloop
  endfacet
  facet normal 0 0 1
    outer loop
      vertex 51.8 33.75 8
      vertex 49.84895442995403 35.98135553551377 8
      vertex 49.80230790917779 35.382571895757394 8
    endloop
  endfacet
  facet normal 0 0 1
    outer loop
      vertex 46.08518543427733 35.6029523872437 8
      vertex 47.04881333685931 36.07378964050293 8
      vertex 46.021387846565474 35.92368451944987 8
    endloop
  endfacet
  facet normal 0 0 1
    outer loop
      vertex 46.021387846565474 35.92368451944987 8
      vertex 47.04881333685931 36.07378964050293 8
      vertex 46 36.25 8
    endloop
  endfacet
  facet normal 0 0 1
    outer loop
      vertex 46.021387846565474 36.57631548055013 8
      vertex 46 36.25 8
      vertex 47.04881333685931 36.07378964050293 8
    endloop
  endfacet
  facet normal 0 0 1
    outer loop
      vertex 46.021387846565474 36.57631548055013 8
      vertex 47.04881333685931 36.07378964050293 8
      vertex 46.08518543427733 36.8970476127563 8
    endloop
  endfacet
  facet normal 0 0 1
    outer loop
      vertex 46.19030116872178 35.293291419087275 8
      vertex 47.165855111027106 35.27324945318623 8
      vertex 47.04881333685931 36.07378964050293 8
    endloop
  endfacet
  facet normal 0 0 1
    outer loop
      vertex 46.19030116872178 35.293291419087275 8
      vertex 47.04881333685931 36.07378964050293 8
      vertex 46.08518543427733 35.6029523872437 8
    endloop
  endfacet
  facet normal 0 0 1
    outer loop
      vertex 47.04881333685931 36.07378964050293 8
      vertex 47.27381039626679 37.204926242874336 8
      vertex 46.08518543427733 36.8970476127563 8
    endloop
  endfacet
  facet normal 0 0 1
    outer loop
      vertex 46.08518543427733 36.8970476127563 8
      vertex 47.27381039626679 37.204926242874336 8
      vertex 46.19030116872178 37.206708580912725 8
    endloop
  endfacet
  facet normal 0 0 1
    outer loop
      vertex 46.19030116872178 37.206708580912725 8
      vertex 47.27381039626679 37.204926242874336 8
      vertex 46.3349364905389 37.5 8
    endloop
  endfacet
  facet normal 0 0 1
    outer loop
      vertex 47.27381039626679 37.204926242874336 8
      vertex 47.43032266369646 37.32102700939317 8
      vertex 46.3349364905389 37.5 8
    endloop
  endfacet
  facet normal 0 0 1
    outer loop
      vertex 46.3349364905389 37.5 8
      vertex 47.43032266369646 37.32102700939317 8
      vertex 47.318978804067434 37.418614476081295 8
    endloop
  endfacet
  facet normal 0 0 1
    outer loop
      vertex 46.3349364905389 37.5 8
      vertex 47.318978804067434 37.418614476081295 8
      vertex 46.51661664927191 37.7719035725218 8
    endloop
  endfacet
  facet normal 0 0 1
    outer loop
      vertex 46.51661664927191 37.7719035725218 8
      vertex 47.318978804067434 37.418614476081295 8
      vertex 46.73223304703363 38.01776695296637 8
    endloop
  endfacet
  facet normal 0 0 1
    outer loop
      vertex 46.73223304703363 38.01776695296637 8
      vertex 47.318978804067434 37.418614476081295 8
      vertex 46.9780964274782 38.23338335072809 8
    endloop
  endfacet
  facet normal 0 0 1
    outer loop
      vertex 46.9780964274782 38.23338335072809 8
      vertex 47.318978804067434 37.418614476081295 8
      vertex 47.24788906371376 38.41365302692862 8
    endloop
  endfacet
  facet normal 0 0 1
    outer loop
      vertex 47.55861766809391 37.216180612139254 8
      vertex 47.43032266369646 37.32102700939317 8
      vertex 47.27381039626679 37.204926242874336 8
    endloop
  endfacet
  facet normal 0 0 1
    outer loop
      vertex 47.24788906371376 38.41365302692862 8
      vertex 47.318978804067434 37.418614476081295 8
      vertex 48.34708160284579 37.69900493225581 8
    endloop
  endfacet
  facet normal 0 0 1
    outer loop
      vertex 49.83815106193168 35.993711041407096 8
      vertex 49.80230790917779 35.382571895757394 8
      vertex 49.84895442995403 35.98135553551377 8
    endloop
  endfacet
  facet normal 0 0 1
    outer loop
      vertex 51.8 38.75 8
      vertex 49.85494316100397 36.25836534939134 8
      vertex 49.84895442995403 35.98135553551377 8
    endloop
  endfacet
  facet normal 0 0 1
    outer loop
      vertex 49.84894468139329 36.266101050530146 8
      vertex 49.85494316100397 36.25836534939134 8
      vertex 51.8 38.75 8
    endloop
  endfacet
  facet normal 0 0 1
    outer loop
      vertex 49.84894468139329 36.266101050530146 8
      vertex 51.8 38.75 8
      vertex 49.9352691457507 36.5803950466284 8
    endloop
  endfacet
  facet normal 0 0 1
    outer loop
      vertex 51.8 39.55 8
      vertex 49.228354150019605 37.65339102229168 8
      vertex 49.9352691457507 36.5803950466284 8
    endloop
  endfacet
  facet normal 0 0 1
    outer loop
      vertex 51.8 39.55 8
      vertex 45.839701193893376 39.55 8
      vertex 46.17157287525381 39.17157287525381 8
    endloop
  endfacet
  facet normal 0 0 1
    outer loop
      vertex 51.8 39.55 8
      vertex 47 38.53589838486224 8
      vertex 47.24788906371376 38.41365302692862 8
    endloop
  endfacet
  facet normal 0 0 1
    outer loop
      vertex 51.8 39.55 8
      vertex 46.17157287525381 39.17157287525381 8
      vertex 46.564954283965115 38.82658663883506 8
    endloop
  endfacet
  facet normal 0 0 1
    outer loop
      vertex 51.8 39.55 8
      vertex 46.564954283965115 38.82658663883506 8
      vertex 47 38.53589838486224 8
    endloop
  endfacet
  facet normal 0 0 1
    outer loop
      vertex 51.8 39.55 8
      vertex 47.24788906371376 38.41365302692862 8
      vertex 48.34708160284579 37.69900493225581 8
    endloop
  endfacet
  facet normal 0 0 1
    outer loop
      vertex 51.8 39.55 8
      vertex 48.34708160284579 37.69900493225581 8
      vertex 48.40411561271554 37.63377675122853 8
    endloop
  endfacet
  facet normal 0 0 1
    outer loop
      vertex 51.8 39.55 8
      vertex 48.40411561271554 37.63377675122853 8
      vertex 48.715745722652315 37.727486108840004 8
    endloop
  endfacet
  facet normal 0 0 1
    outer loop
      vertex 51.8 39.55 8
      vertex 48.715745722652315 37.727486108840004 8
      vertex 48.84997381713521 37.55438417455951 8
    endloop
  endfacet
  facet normal 0 0 1
    outer loop
      vertex 51.8 39.55 8
      vertex 48.84997381713521 37.55438417455951 8
      vertex 49.228354150019605 37.65339102229168 8
    endloop
  endfacet
  facet normal 0 -1 0
    outer loop
      vertex 51.8 39.55 8
      vertex 45.839701193893376 39.55 9.9
      vertex 45.839701193893376 39.55 8
    endloop
  endfacet
  facet normal 0 -1 0
    outer loop
      vertex 51.8 39.55 8
      vertex 51.8 39.55 9.9
      vertex 45.839701193893376 39.55 9.9
    endloop
  endfacet
  facet normal 0 0 1
    outer loop
      vertex 51.8 33.75 8
      vertex 51.8 38.75 8
      vertex 49.84895442995403 35.98135553551377 8
    endloop
  endfacet
  facet normal 0 0 1
    outer loop
      vertex 51.320425711011154 38.75 8
      vertex 49.9352691457507 36.5803950466284 8
      vertex 51.8 38.75 8
    endloop
  endfacet
  facet normal -1 0 0
    outer loop
      vertex 51.8 38.75 8
      vertex 51.8 33.816545946123746 9.9
      vertex 51.8 39.146642955940834 9.9
    endloop
  endfacet
  facet normal 0 0 1
    outer loop
      vertex 51.8 39.55 8
      vertex 49.9352691457507 36.5803950466284 8
      vertex 51.320425711011154 38.75 8
    endloop
  endfacet
  facet normal 0 0 1
    outer loop
      vertex 51.8 39.55 8
      vertex 51.320425711011154 38.75 8
      vertex 51.435045716034885 38.82658663883506 8
    endloop
  endfacet
  facet normal 0 0 1
    outer loop
      vertex 51.8 39.55 8
      vertex 51.435045716034885 38.82658663883506 8
      vertex 51.8 39.146642955940834 8
    endloop
  endfacet
  facet normal -1 0 0
    outer loop
      vertex 51.8 39.146642955940834 8
      vertex 51.8 38.75 8
      vertex 51.8 39.55 9.9
    endloop
  endfacet
  facet normal -1 0 0
    outer loop
      vertex 51.8 39.55 8
      vertex 51.8 39.146642955940834 8
      vertex 51.8 39.55 9.9
    endloop
  endfacet
  facet normal -1 0 0
    outer loop
      vertex 51.8 39.55 9.9
      vertex 51.8 38.75 8
      vertex 51.8 39.146642955940834 9.9
    endloop
  endfacet
  facet normal 0 0 -1
    outer loop
      vertex 51.8 39.55 9.9
      vertex 46.17157287525381 39.17157287525381 9.9
      vertex 45.839701193893376 39.55 9.9
    endloop
  endfacet
  facet normal 0 0 -1
    outer loop
      vertex 51.8 39.55 9.9
      vertex 47.46926627053964 38.304481869954856 9.9
      vertex 47 38.53589838486224 9.9
    endloop
  endfacet
  facet normal 0 0 -1
    outer loop
      vertex 51.8 39.55 9.9
      vertex 46.564954283965115 38.82658663883506 9.9
      vertex 46.17157287525381 39.17157287525381 9.9
    endloop
  endfacet
  facet normal 0 0 -1
    outer loop
      vertex 51.8 39.55 9.9
      vertex 47 38.53589838486224 9.9
      vertex 46.564954283965115 38.82658663883506 9.9
    endloop
  endfacet
  facet normal 0 0 -1
    outer loop
      vertex 51.8 39.55 9.9
      vertex 47.96472381958992 38.13629669484373 9.9
      vertex 47.46926627053964 38.304481869954856 9.9
    endloop
  endfacet
  facet normal 0 0 -1
    outer loop
      vertex 51.8 39.55 9.9
      vertex 49 38 9.9
      vertex 48.477895231119795 38.034220554504756 9.9
    endloop
  endfacet
  facet normal 0 0 -1
    outer loop
      vertex 51.8 39.55 9.9
      vertex 48.477895231119795 38.034220554504756 9.9
      vertex 47.96472381958992 38.13629669484373 9.9
    endloop
  endfacet
  facet normal 0 0 -1
    outer loop
      vertex 51.8 39.55 9.9
      vertex 49.522104768880205 38.034220554504756 9.9
      vertex 49 38 9.9
    endloop
  endfacet
  facet normal 0 0 -1
    outer loop
      vertex 51.8 39.55 9.9
      vertex 50.03527618041008 38.13629669484373 9.9
      vertex 49.522104768880205 38.034220554504756 9.9
    endloop
  endfacet
  facet normal 0 0 -1
    outer loop
      vertex 51.8 39.55 9.9
      vertex 50.53073372946036 38.304481869954856 9.9
      vertex 50.03527618041008 38.13629669484373 9.9
    endloop
  endfacet
  facet normal 0 0 -1
    outer loop
      vertex 51.8 39.55 9.9
      vertex 51 38.53589838486224 9.9
      vertex 50.53073372946036 38.304481869954856 9.9
    endloop
  endfacet
  facet normal 0 0 -1
    outer loop
      vertex 51.8 39.55 9.9
      vertex 51.435045716034885 38.82658663883506 9.9
      vertex 51 38.53589838486224 9.9
    endloop
  endfacet
  facet normal 0 0 -1
    outer loop
      vertex 51.8 39.55 9.9
      vertex 51.8 39.146642955940834 9.9
      vertex 51.435045716034885 38.82658663883506 9.9
    endloop
  endfacet
  facet normal 1 0 0
    outer loop
      vertex -4.5 -47 38
      vertex -4.5 -47 34
      vertex -4.5 -44.600000001490116 34
    endloop
  endfacet
  facet normal 0 0 1
    outer loop
      vertex -4.5 -44.600000001490116 34
      vertex -4.5 -47 34
      vertex 4.5 -44.600000001490116 34
    endloop
  endfacet
  facet normal 1 0 0
    outer loop
      vertex -4.5 -44.600000001490116 38
      vertex -4.5 -47 38
      vertex -4.5 -44.600000001490116 34
    endloop
  endfacet
  facet normal 0 0 1
    outer loop
      vertex 4.5 -44.600000001490116 34
      vertex -4.5 -47 34
      vertex 4.5 -47 34
    endloop
  endfacet
  facet normal -1 0 0
    outer loop
      vertex 4.5 -44.600000001490116 34
      vertex 4.5 -47 34
      vertex 4.5 -44.600000001490116 38
    endloop
  endfacet
  facet normal -1 0 0
    outer loop
      vertex 4.5 -47 34
      vertex 4.5 -47 38
      vertex 4.5 -44.600000001490116 38
    endloop
  endfacet
endsolid OpenSCAD_Model
